Cadence Genus(TM) Synthesis Solution.
Copyright 2024 Cadence Design Systems, Inc. All rights reserved worldwide.
Cadence and the Cadence logo are registered trademarks and Genus is a trademark
of Cadence Design Systems, Inc. in the United States and other countries.

[10:10:13.381748] Configured Lic search path (23.02-s003): 5280@hs-lic3.oth-regensburg.de:27003@hs-lic1.oth-regensburg.de:27003@hs-lic1.oth-regensburg.de:

Version: 23.11-s100_1, built Mon Apr 22 02:28:10 PDT 2024
Options: -files run_genus.tcl -log genus_sram.log 
Date:    Mon May 25 10:10:13 2026
Host:    ei-vm-018.othr.de (x86_64 w/Linux 4.18.0-553.123.1.el8_10.x86_64) (32cores*32cpus*1physical cpu*AMD Ryzen Threadripper PRO 7975WX 32-Cores 512KB) (247603108KB)
PID:     2316995
OS:      Red Hat Enterprise Linux release 8.10 (Ootpa)

Checking out license: Genus_Synthesis
[10:10:13.455072] Periodic Lic check successful
[10:10:13.979363] Feature usage summary:
[10:10:13.979363] Genus_Synthesis



***********************************************************************************************************
***********************************************************************************************************



Finished executable startup (0 seconds elapsed).

Loading tool scripts...
Finished loading tool scripts (8 seconds elapsed).

#@ Processing -files option
@genus:root: 1> source run_genus.tcl
#@ Begin verbose source ./run_genus.tcl
@file(run_genus.tcl) 14: set LIB_ROOT /home/rah47472/asic_project/libs/OpenFPGA/Fabric/ihp-sg13g2/libs.ref
@file(run_genus.tcl) 17: set STD_LIB  $LIB_ROOT/sg13g2_stdcell/lib/sg13g2_stdcell_typ_1p20V_25C.lib
@file(run_genus.tcl) 20: set SRAM_LIB $LIB_ROOT/sg13g2_sram/lib/RM_IHPSG13_1P_4096x8_c3_bm_bist_typ_1p20V_25C.lib
@file(run_genus.tcl) 23: set SRAM_V   $LIB_ROOT/sg13g2_sram/verilog/RM_IHPSG13_1P_4096x8_c3_bm_bist.v
@file(run_genus.tcl) 26: set RTL_DIR  /home/rah47472/asic_project/Genus/G-RTL
@file(run_genus.tcl) 29: set OUT_DIR  /home/rah47472/asic_project/genus_out
@file(run_genus.tcl) 35: file mkdir $OUT_DIR
@file(run_genus.tcl) 36: file mkdir $OUT_DIR/reports
@file(run_genus.tcl) 37: file mkdir $OUT_DIR/netlist
@file(run_genus.tcl) 38: file mkdir $OUT_DIR/sdc
@file(run_genus.tcl) 45: set_db / .lib_search_path [list \
    [file dirname $STD_LIB] \
    [file dirname $SRAM_LIB] \
]
  Setting attribute of root '/': 'lib_search_path' = /home/rah47472/asic_project/libs/OpenFPGA/Fabric/ihp-sg13g2/libs.ref/sg13g2_stdcell/lib /home/rah47472/asic_project/libs/OpenFPGA/Fabric/ihp-sg13g2/libs.ref/sg13g2_sram/lib
@file(run_genus.tcl) 50: set_db / .library [list \
    [file tail $STD_LIB]  \
    [file tail $SRAM_LIB] \
]
Warning : Unsupported attribute in the pin group. [LBR-510]
        : The attribute 'bus_naming_style' defined on line 147 is not supported for 'cell' group. It should be defined at 'library' level. (File /home/rah47472/asic_project/libs/OpenFPGA/Fabric/ihp-sg13g2/libs.ref/sg13g2_sram/lib/RM_IHPSG13_1P_4096x8_c3_bm_bist_typ_1p20V_25C.lib)

  Message Summary for Library both libraries:
  *******************************************
  Missing a function attribute in the output pin definition. [LBR-518]: 1
  Unsupported attribute in the pin group. [LBR-510]: 1
  An unsupported construct was detected in this library. [LBR-40]: 8
  *******************************************
 
Info    : Created nominal operating condition. [LBR-412]
        : Operating condition '_nominal_' was created for the PVT values (1.000000, 1.200000, 25.000000) in library 'sg13g2_stdcell_typ_1p20V_25C.lib'.
        : The nominal operating condition is represented, either by the nominal PVT values specified in the library source (via nom_process,nom_voltage and nom_temperature respectively), or by the default PVT values (1.0,1.0,1.0).
Info    : Created nominal operating condition. [LBR-412]
        : Operating condition '_nominal_' was created for the PVT values (1.000000, 1.200000, 25.000000) in library 'RM_IHPSG13_1P_4096x8_c3_bm_bist_typ_1p20V_25C.lib'.
Warning : Library cell has no output pins defined. [LBR-9]
        : Library cell 'sg13g2_antennanp' must have an output pin.
        : Add the missing output pin(s), then reload the library. Else the library cell will be marked as timing model i.e. unusable. Timing_model means that the cell does not have any defined function. If there is no output pin, Genus will mark library cell as unusable i.e. the attribute 'usable' will be marked to 'false' on the libcell. Therefore, the cell is not used for mapping and it will not be picked up from the library for synthesis. If you query the attribute 'unusable_reason' on the libcell; result will be: 'Library cell has no output pins.'Note: The message LBR-9 is only for the logical pins and not for the power_ground pins. Genus will depend upon the output function defined in the pin group (output pin) of the cell, to use it for mapping. The pg_pin will not have any function defined.
Warning : Library cell has no output pins defined. [LBR-9]
        : Library cell 'sg13g2_antennanp' must have an output pin.
Warning : Library cell has no output pins defined. [LBR-9]
        : Library cell 'sg13g2_decap_4' must have an output pin.
Warning : Library cell has no output pins defined. [LBR-9]
        : Library cell 'sg13g2_decap_4' must have an output pin.
Warning : Library cell has no output pins defined. [LBR-9]
        : Library cell 'sg13g2_decap_8' must have an output pin.
Warning : Library cell has no output pins defined. [LBR-9]
        : Library cell 'sg13g2_decap_8' must have an output pin.
Warning : Library cell has no output pins defined. [LBR-9]
        : Library cell 'sg13g2_fill_1' must have an output pin.
Warning : Library cell has no output pins defined. [LBR-9]
        : Library cell 'sg13g2_fill_1' must have an output pin.
Warning : Library cell has no output pins defined. [LBR-9]
        : Library cell 'sg13g2_fill_2' must have an output pin.
Warning : Library cell has no output pins defined. [LBR-9]
        : Library cell 'sg13g2_fill_2' must have an output pin.
Warning : Library cell has no output pins defined. [LBR-9]
        : Library cell 'sg13g2_fill_4' must have an output pin.
Warning : Library cell has no output pins defined. [LBR-9]
        : Library cell 'sg13g2_fill_4' must have an output pin.
Warning : Library cell has no output pins defined. [LBR-9]
        : Library cell 'sg13g2_fill_8' must have an output pin.
Warning : Library cell has no output pins defined. [LBR-9]
        : Library cell 'sg13g2_fill_8' must have an output pin.
Warning : Unusable clock gating integrated cell found at the time of loading libraries. This warning happens because a particular library cell is defined as 'clock_gating_integrated_cell', but 'dont_use' attribute is defined as true in the liberty library. To make Genus use this cell for clock gating insertion, 'dont_use' attribute should be set to false. [LBR-101]
        : Clock gating integrated cell name: 'sg13g2_lgcp_1'
        : To make the cell usable, change the value of 'dont_use' attribute to false.
Warning : Unusable clock gating integrated cell found at the time of loading libraries. This warning happens because a particular library cell is defined as 'clock_gating_integrated_cell', but 'dont_use' attribute is defined as true in the liberty library. To make Genus use this cell for clock gating insertion, 'dont_use' attribute should be set to false. [LBR-101]
        : Clock gating integrated cell name: 'sg13g2_slgcp_1'
Warning : Found libraries with and without pg_pin construct. [LBR-12]
        : Libraries with and without pg_pin construct have been loaded.
        : This can lead to issues later in the flow.
  Setting attribute of root '/': 'library' = sg13g2_stdcell_typ_1p20V_25C.lib RM_IHPSG13_1P_4096x8_c3_bm_bist_typ_1p20V_25C.lib
@file(run_genus.tcl) 55: set_db / .syn_generic_effort  medium
  Setting attribute of root '/': 'syn_generic_effort' = medium
@file(run_genus.tcl) 56: set_db / .syn_map_effort      medium
  Setting attribute of root '/': 'syn_map_effort' = medium
@file(run_genus.tcl) 57: set_db / .syn_opt_effort      medium
  Setting attribute of root '/': 'syn_opt_effort' = medium
@file(run_genus.tcl) 67: set_db / .hdl_resolve_instance_with_libcell true
  Setting attribute of root '/': 'hdl_resolve_instance_with_libcell' = true
@file(run_genus.tcl) 70: read_hdl -sv $RTL_DIR/controller_fsm.sv
@file(run_genus.tcl) 71: read_hdl -sv $RTL_DIR/addr_gen.sv
@file(run_genus.tcl) 72: read_hdl -sv $RTL_DIR/weight_rom.sv
@file(run_genus.tcl) 73: read_hdl -sv $RTL_DIR/feature_sram.sv
@file(run_genus.tcl) 74: read_hdl -sv $RTL_DIR/conv_engine.sv
@file(run_genus.tcl) 75: read_hdl -sv $RTL_DIR/pool_engine.sv
    function logic [7:0] max2 (input logic [7:0] a, input logic [7:0] b);
                 |
Warning : Usage of non-static tasks or functions might result in simulation-synthesis mismatch. [VLOGPT-692]
        : in file '/home/rah47472/asic_project/Genus/G-RTL/pool_engine.sv' on line 49, column 18.
        : Use the 'automatic' keyword for declaring functions and tasks.
    function logic [12:0] rd_addr_calc(
                 |
Warning : Usage of non-static tasks or functions might result in simulation-synthesis mismatch. [VLOGPT-692]
        : in file '/home/rah47472/asic_project/Genus/G-RTL/pool_engine.sv' on line 55, column 18.
    function logic [12:0] wr_addr_calc(
                 |
Warning : Usage of non-static tasks or functions might result in simulation-synthesis mismatch. [VLOGPT-692]
        : in file '/home/rah47472/asic_project/Genus/G-RTL/pool_engine.sv' on line 70, column 18.
@file(run_genus.tcl) 76: read_hdl -sv $RTL_DIR/cnn_top.sv
    // synthesis debug outputs
                             |
Warning : Unrecognized Synthesis pragma_name found in HDL. [VLOGPT-502]
        : Pragma 'synthesis debug outputs' in file '/home/rah47472/asic_project/Genus/G-RTL/cnn_top.sv' on line 47, column 30.
        : Synthesis pragmas are specially-formatted comments or attributes in the HDL that tell Genus how to synthesize the HDL.
@file(run_genus.tcl) 82: elaborate cnn_top
  Libraries have 58 usable logic and 8 usable sequential lib-cells.
Info    : Elaborating Design. [ELAB-1]
        : Elaborating top-level block 'cnn_top' from file '/home/rah47472/asic_project/Genus/G-RTL/cnn_top.sv'.
Warning : Usage of non-static tasks or functions might result in simulation-synthesis mismatch. [VLOGPT-692]
        : in file '/eda/cadence/2024-25/RHELx86/DDIEXPORT_23.31.000/GENUS231/tools.lnx86/lib/chipware/syn/CW/CW_div_k_arch_3.v' on line 1, column 21.
Warning : Usage of non-static tasks or functions might result in simulation-synthesis mismatch. [VLOGPT-692]
        : in file '/eda/cadence/2024-25/RHELx86/DDIEXPORT_23.31.000/GENUS231/tools.lnx86/lib/chipware/syn/CW/CW_div_k_arch_3.v' on line 1, column 29.
Warning : Usage of non-static tasks or functions might result in simulation-synthesis mismatch. [VLOGPT-692]
        : in file '/eda/cadence/2024-25/RHELx86/DDIEXPORT_23.31.000/GENUS231/tools.lnx86/lib/chipware/syn/CW/CW_div_k_arch_3.v' on line 1, column 32.
Warning : Usage of non-static tasks or functions might result in simulation-synthesis mismatch. [VLOGPT-692]
        : in file '/eda/cadence/2024-25/RHELx86/DDIEXPORT_23.31.000/GENUS231/tools.lnx86/lib/chipware/syn/CW/CW_div_k_arch_3.v' on line 1, column 21.
Warning : Usage of non-static tasks or functions might result in simulation-synthesis mismatch. [VLOGPT-692]
        : in file '/eda/cadence/2024-25/RHELx86/DDIEXPORT_23.31.000/GENUS231/tools.lnx86/lib/chipware/syn/CW/CW_div_k_arch_3.v' on line 1, column 14.
Warning : Usage of non-static tasks or functions might result in simulation-synthesis mismatch. [VLOGPT-692]
        : in file '/eda/cadence/2024-25/RHELx86/DDIEXPORT_23.31.000/GENUS231/tools.lnx86/lib/chipware/syn/CW/CW_div_k_arch_3.v' on line 1, column 14.
Warning : Usage of non-static tasks or functions might result in simulation-synthesis mismatch. [VLOGPT-692]
        : in file '/eda/cadence/2024-25/RHELx86/DDIEXPORT_23.31.000/GENUS231/tools.lnx86/lib/chipware/syn/CW/CW_div_k_arch_3.v' on line 1, column 14.
Warning : Usage of non-static tasks or functions might result in simulation-synthesis mismatch. [VLOGPT-692]
        : in file '/eda/cadence/2024-25/RHELx86/DDIEXPORT_23.31.000/GENUS231/tools.lnx86/lib/chipware/syn/CW/CW_div_k_arch_3.v' on line 1, column 14.
Warning : Usage of non-static tasks or functions might result in simulation-synthesis mismatch. [VLOGPT-692]
        : in file '/eda/cadence/2024-25/RHELx86/DDIEXPORT_23.31.000/GENUS231/tools.lnx86/lib/chipware/syn/CW/CW_div_k_arch_3.v' on line 1, column 14.
Warning : Usage of non-static tasks or functions might result in simulation-synthesis mismatch. [VLOGPT-692]
        : in file '/eda/cadence/2024-25/RHELx86/DDIEXPORT_23.31.000/GENUS231/tools.lnx86/lib/chipware/syn/CW/CW_div_k_arch_3.v' on line 1, column 14.
Warning : Removing unused register. [CDFG-508]
        : Removing unused flip-flop register 'mac_valid_d1' in module 'conv_engine_NUM_LANES4_ACT_WIDTH8_WGT_WIDTH8_ACC_WIDTH32_OUT_WIDTH8_ADDR_WIDTH16' in file '/home/rah47472/asic_project/Genus/G-RTL/conv_engine.sv' on line 132.
        : Genus removes the flip-flop or latch inferred for an unused signal or variable. To preserve the flip-flop or latch, set the hdl_preserve_unused_registers attribute to true or use a pragma in the RTL.
Warning : Unreachable statements for case item. [CDFG-472]
        : Case item 'default' in module 'pool_engine' in file '/home/rah47472/asic_project/Genus/G-RTL/pool_engine.sv' on line 86.
Info    : Done Elaborating Design. [ELAB-3]
        : Done elaborating 'cnn_top'.
Checking for analog nets...
Check completed for analog nets.
Checking for source RTL...
Check completed for source RTL.
Running Unified Mux Engine Tricks...
Completed Unified Mux Engine Tricks

Stage: post_elab
-------------------------------------------------------
| Trick             | Accepts | Rejects | Runtime (s) | 
-------------------------------------------------------
| ume_constant_bmux |       0 |       0 |        0.00 | 
| ume_merge         |       0 |       0 |        0.00 | 
| ume_ssm           |       0 |       0 |        0.00 | 
| ume_cse           |       1 |       0 |        0.02 | 
| ume_shrink        |       0 |       0 |        0.00 | 
| ume_sweep         |       0 |       0 |        0.00 | 
| ume_constant_bmux |       0 |       0 |        0.00 | 
| ume_merge         |       0 |       0 |        0.00 | 
| ume_ssm           |       0 |       0 |        0.00 | 
| ume_cse           |       0 |       0 |        0.01 | 
| ume_shrink        |       0 |       0 |        0.00 | 
| ume_sweep         |       0 |       0 |        0.00 | 
-------------------------------------------------------
Starting optimize datapath shifters [v1.0] (stage: post_elab, startdef: cnn_top, recur: true)
Completed optimize datapath shifters (accepts: 0, rejects: 0, runtime: 0.000s)
Starting clip mux common data inputs [v1.0] (stage: post_elab, startdef: cnn_top, recur: true)
Completed clip mux common data inputs (accepts: 0, rejects: 0, runtime: 0.000s)
Starting clip the non-user hierarchies [v2.0] (stage: post_elab, startdef: cnn_top, recur: true)
Completed clip the non-user hierarchies (accepts: 0, rejects: 0, runtime: 0.000s)
Starting basic netlist cleanup [v1.0] (stage: post_elab, startdef: cnn_top, recur: true)
Completed basic netlist cleanup (accepts: 0, rejects: 0, runtime: 0.000s)

Stage: post_elab
--------------------------------------------------------------------
| Transform                      | Accepts | Rejects | Runtime (s) | 
--------------------------------------------------------------------
| hlo_optimize_datapath_shifters |       0 |       0 |        0.00 | 
| hlo_clip_mux_input             |       0 |       0 |        0.00 | 
| hlo_clip                       |       0 |       0 |        0.00 | 
| hlo_cleanup                    |       0 |       0 |        0.00 | 
--------------------------------------------------------------------
UM:   flow.cputime  flow.realtime  timing.setup.tns  timing.setup.wns  snapshot
UM:*                                                                   elaborate
@file(run_genus.tcl) 83: check_design -unresolved


 	 Check Design Report (c)
	 ------------------- 

  Unresolved References & Empty Modules
  ------------------------------------- 
No unresolved references in design 'cnn_top'

No empty modules in design 'cnn_top'

  Done Checking the design.
@file(run_genus.tcl) 89: create_clock -name clk -period 10.0 -waveform {0 5} [get_ports clk]
@file(run_genus.tcl) 91: set_clock_uncertainty -setup 0.1  [get_clocks clk]
@file(run_genus.tcl) 92: set_clock_uncertainty -hold  0.05 [get_clocks clk]
@file(run_genus.tcl) 94: set_input_delay  -max 2.0 -clock clk [get_ports {rst_n start}]
@file(run_genus.tcl) 95: set_input_delay  -min 0.5 -clock clk [get_ports {rst_n start}]
@file(run_genus.tcl) 97: set_output_delay -max 2.0 -clock clk [get_ports {done debug_sram_a_rdata debug_sram_b_rdata debug_conv_out_data}]
@file(run_genus.tcl) 98: set_output_delay -min 0.5 -clock clk [get_ports {done debug_sram_a_rdata debug_sram_b_rdata debug_conv_out_data}]
@file(run_genus.tcl) 100: set_ideal_network [get_ports clk]
@file(run_genus.tcl) 101: set_false_path    -from [get_ports rst_n]
@file(run_genus.tcl) 105: set_max_transition 1.0 [current_design]
@file(run_genus.tcl) 106: set_max_capacitance 0.5 [current_design]
@file(run_genus.tcl) 117: set_db / .delete_unloaded_insts false
  Setting attribute of root '/': 'delete_unloaded_insts' = false
@file(run_genus.tcl) 120: set_db [get_db hinsts *u_sram_a*] .ungroup_ok false
  Setting attribute of hinst 'u_sram_a': 'ungroup_ok' = false
  Setting attribute of hinst 'mux_70_20': 'ungroup_ok' = false
@file(run_genus.tcl) 121: set_db [get_db hinsts *u_sram_b*] .ungroup_ok false
  Setting attribute of hinst 'u_sram_b': 'ungroup_ok' = false
  Setting attribute of hinst 'mux_70_20': 'ungroup_ok' = false
@file(run_genus.tcl) 124: set_db [get_db hinsts *u_lower*] .preserve true
@file(run_genus.tcl) 125: set_db [get_db hinsts *u_upper*] .preserve true
@file(run_genus.tcl) 126: set_db [get_db hinsts *u_lower*] .ungroup_ok false
@file(run_genus.tcl) 127: set_db [get_db hinsts *u_upper*] .ungroup_ok false
@file(run_genus.tcl) 133: puts "=== SRAM instances BEFORE synthesis (must show 4 instances) ==="
=== SRAM instances BEFORE synthesis (must show 4 instances) ===
@file(run_genus.tcl) 134: puts [get_db hinsts *sram*]
hinst:cnn_top/u_pool/mux_sram_rd_addr_155_15 hinst:cnn_top/u_sram_a hinst:cnn_top/u_sram_a/mux_70_20 hinst:cnn_top/u_sram_b hinst:cnn_top/u_sram_b/mux_70_20 hinst:cnn_top/mux_sram_b_we_386_37 hinst:cnn_top/mux_sram_b_we_382_24 hinst:cnn_top/mux_sram_b_addr_390_34 hinst:cnn_top/mux_sram_b_addr_386_37 hinst:cnn_top/mux_sram_b_addr_382_24 hinst:cnn_top/mux_sram_b_wdata_386_37 hinst:cnn_top/mux_sram_b_wdata_382_24 hinst:cnn_top/mux_sram_a_we_357_37 hinst:cnn_top/mux_sram_a_we_353_24 hinst:cnn_top/mux_sram_a_addr_361_34 hinst:cnn_top/mux_sram_a_addr_357_37 hinst:cnn_top/mux_sram_a_addr_353_24 hinst:cnn_top/mux_sram_a_wdata_357_37 hinst:cnn_top/mux_sram_a_wdata_353_24
@file(run_genus.tcl) 135: puts [get_db hinsts *u_lower*]

@file(run_genus.tcl) 136: puts [get_db hinsts *u_upper*]

@file(run_genus.tcl) 138: syn_generic
stamp 'PBS_Generic-Start' being created for table 'pbs_debug'

  Total Time (Wall) |  Stage Time (Wall)  |   % (Wall)   |    Date - Time     |  Memory   | Stage
--------------------+---------------------+--------------+--------------------+-----------+----------------------
 00:00:08(00:00:09) |  00:00:00(00:00:00) |   0.0(  0.0) |   10:10:23 (May25) |  559.1 MB | PBS_Generic-Start
--------------------+---------------------+--------------+--------------------+-----------+----------------------
Number of threads: 8 * 1   (id: pbs_debug, time_info v1.57)
Info: (*N*) indicates data that was populated from previously saved time_info database
Info: CPU time includes time of parent + longest thread

Stage: pre_early_cg
-----------------------------------------------
| Transform | Accepts | Rejects | Runtime (s) | 
-----------------------------------------------
-----------------------------------------------
Mapping ChipWare ICG instances in cnn_top
Found 0 unmapped ChipWare ICG instances
Mapped 0 of 0 ChipWare ICG instances
##Generic Timing Info: typical gate delay 2489.7 ps   std_slew:   13.0 ps   std_load:  4.9 fF  for library domain _default_
Starting mux data reorder optimization [v1.0] (stage: pre_to_gen_setup, startdef: cnn_top, recur: true)
Completed mux data reorder optimization (accepts: 0, rejects: 0, runtime: 0.000s)

Stage: pre_to_gen_setup
-----------------------------------------------------
| Transform       | Accepts | Rejects | Runtime (s) | 
-----------------------------------------------------
| hlo_mux_reorder |       0 |       0 |        0.00 | 
-----------------------------------------------------
Running DP early constant propagation (netlist cnn_top)...
Running DP early redundancy removal
Completed DP early redundancy removal on cnn_top (runtime = 0.0s)
Multi-threaded constant propagation [4|0] ...
...done running DP early constant propagation (1 seconds CPU time, netlist cnn_top).
Info    : Synthesizing. [SYNTH-1]
        : Synthesizing 'cnn_top' to generic gates using 'medium' effort.
Running Synthesis Turbo Flow Version 3.
Info    : Partition Based Synthesis execution skipped. [PHYS-752]
        : Design size is less than the partition size '100000' for distributed generic optimization to kick in.
Starting mux data reorder optimization [v1.0] (stage: pre_to_gen_setup, startdef: cnn_top, recur: true)
Completed mux data reorder optimization (accepts: 0, rejects: 0, runtime: 0.013s)

Stage: pre_to_gen_setup
-----------------------------------------------------
| Transform       | Accepts | Rejects | Runtime (s) | 
-----------------------------------------------------
| hlo_mux_reorder |       0 |       0 |        0.01 | 
-----------------------------------------------------
Starting mux data reorder optimization [v1.0] (stage: post_to_gen_setup, startdef: cnn_top, recur: true)
Completed mux data reorder optimization (accepts: 0, rejects: 0, runtime: 0.001s)

Stage: post_to_gen_setup
-----------------------------------------------------
| Transform       | Accepts | Rejects | Runtime (s) | 
-----------------------------------------------------
| hlo_mux_reorder |       0 |       0 |        0.00 | 
-----------------------------------------------------
Running Unified Mux Engine Tricks...
Completed Unified Mux Engine Tricks

Stage: pre_hlo_rtlopt
-----------------------------------------------
| Trick     | Accepts | Rejects | Runtime (s) | 
-----------------------------------------------
| ume_ssm   |       0 |       0 |        0.00 | 
| ume_sweep |       0 |       0 |        0.00 | 
| ume_share |       0 |       0 |        0.00 | 
-----------------------------------------------
Begin SDR optimization CTX_region 
  Setting attribute of root '/': 'hier_sandbox_support_folded' = 1
#Special hiers formed inside addr_gen = 0
#Special hiers formed inside cnn_top = 0
#Special hiers formed inside controller_fsm = 0
#Special hiers formed inside conv_engine_NUM_LANES4_ACT_WIDTH8_WGT_WIDTH8_ACC_WIDTH32_OUT_WIDTH8_ADDR_WIDTH16 = 0
#Special hiers formed inside feature_sram_DEPTH8192_ADDR_W13 = 0
#Special hiers formed inside pool_engine = 0
#Special hiers formed inside weight_rom_ADDR_W9 = 0
No special hier is found 
  Setting attribute of root '/': 'hier_sandbox_support_folded' = 0
End SDR optimization CTX_region 
Begin SDR optimization UME_region 
  Setting attribute of root '/': 'hier_sandbox_support_folded' = 1
#Special hiers formed inside addr_gen = 0
#Special hiers formed inside cnn_top = 0
#Special hiers formed inside controller_fsm = 0
#Special hiers formed inside conv_engine_NUM_LANES4_ACT_WIDTH8_WGT_WIDTH8_ACC_WIDTH32_OUT_WIDTH8_ADDR_WIDTH16 = 0
#Special hiers formed inside feature_sram_DEPTH8192_ADDR_W13 = 0
#Special hiers formed inside pool_engine = 0
#Special hiers formed inside weight_rom_ADDR_W9 = 0
No special hier is found 
  Setting attribute of root '/': 'hier_sandbox_support_folded' = 0
End SDR optimization UME_region 
Starting timing based select reordering [v1.0] (stage: pre_rtlopt, startdef: cnn_top, recur: true)
Completed timing based select reordering (accepts: 0, rejects: 0, runtime: 0.613s)
Starting recase case-box optimization [v1.0] (stage: pre_rtlopt, startdef: cnn_top, recur: true)
Completed recase case-box optimization (accepts: 0, rejects: 0, runtime: 0.106s)
Starting infer macro optimization [v1.0] (stage: pre_rtlopt, startdef: cnn_top, recur: true)
Completed infer macro optimization (accepts: 0, rejects: 57, runtime: 0.048s)
Starting decode mux sandwich optimization [v2.0] (stage: pre_rtlopt, startdef: cnn_top, recur: true)
Completed decode mux sandwich optimization (accepts: 0, rejects: 0, runtime: 0.001s)
Starting decode mux optimization [v1.0] (stage: pre_rtlopt, startdef: cnn_top, recur: true)
Completed decode mux optimization (accepts: 0, rejects: 0, runtime: 0.000s)
Starting chop wide muxes [v1.0] (stage: pre_rtlopt, startdef: cnn_top, recur: true)
Completed chop wide muxes (accepts: 0, rejects: 0, runtime: 0.000s)
Starting common data mux cascade opt [v1.0] (stage: pre_rtlopt, startdef: cnn_top, recur: true)
Completed common data mux cascade opt (accepts: 0, rejects: 0, runtime: 0.000s)
Starting mux input consolidation [v1.0] (stage: pre_rtlopt, startdef: cnn_top, recur: true)
Completed mux input consolidation (accepts: 0, rejects: 0, runtime: 0.001s)
Starting constant-data mux optimization [v1.0] (stage: pre_rtlopt, startdef: cnn_top, recur: true)
Completed constant-data mux optimization (accepts: 0, rejects: 0, runtime: 0.000s)
Starting chain-to-tree inequality transform [v2.0] (stage: pre_rtlopt, startdef: cnn_top, recur: true)
Completed chain-to-tree inequality transform (accepts: 0, rejects: 2, runtime: 0.052s)
Starting reconvergence optimization [v1.0] (stage: pre_rtlopt, startdef: cnn_top, recur: true)
Completed reconvergence optimization (accepts: 0, rejects: 0, runtime: 0.000s)
Starting logic restructure optimization [v1.0] (stage: pre_rtlopt, startdef: cnn_top, recur: true)
Completed logic restructure optimization (accepts: 0, rejects: 0, runtime: 0.002s)
Starting identity transform [v3.0] (stage: pre_rtlopt, startdef: cnn_top, recur: true)
Completed identity transform (accepts: 0, rejects: 1, runtime: 0.001s)
Starting reduce operator chain [v1.0] (stage: pre_rtlopt, startdef: cnn_top, recur: true)
Completed reduce operator chain (accepts: 0, rejects: 0, runtime: 0.000s)
Starting common data mux cascade opt [v1.0] (stage: pre_rtlopt, startdef: cnn_top, recur: true)
Completed common data mux cascade opt (accepts: 0, rejects: 0, runtime: 0.001s)
Starting mux input consolidation [v1.0] (stage: pre_rtlopt, startdef: cnn_top, recur: true)
Completed mux input consolidation (accepts: 0, rejects: 0, runtime: 0.000s)
Starting optimize datapath elements [v1.0] (stage: pre_rtlopt, startdef: cnn_top, recur: true)
Completed optimize datapath elements (accepts: 0, rejects: 0, runtime: 0.000s)
Starting datapath recasting [v1.0] (stage: pre_rtlopt, startdef: cnn_top, recur: true)
Completed datapath recasting (accepts: 16, rejects: 0, runtime: 3.151s)
Starting word-level redundancy removal [v1.0] (stage: pre_rtlopt, startdef: cnn_top, recur: true)
Completed word-level redundancy removal (accepts: 2, rejects: 0, runtime: 2.476s)
Starting clip mux common data inputs [v1.0] (stage: pre_rtlopt, startdef: cnn_top, recur: true)
Completed clip mux common data inputs (accepts: 16, rejects: 0, runtime: 0.028s)
Starting clip the non-user hierarchies [v2.0] (stage: pre_rtlopt, startdef: cnn_top, recur: true)
Completed clip the non-user hierarchies (accepts: 0, rejects: 0, runtime: 0.001s)
Starting basic netlist cleanup [v1.0] (stage: pre_rtlopt, startdef: cnn_top, recur: true)
Completed basic netlist cleanup (accepts: 0, rejects: 0, runtime: 0.000s)

Stage: pre_rtlopt
-----------------------------------------------------------------
| Transform                   | Accepts | Rejects | Runtime (s) | 
-----------------------------------------------------------------
| hlo_timing_reorder          |       0 |       0 |        0.61 | 
| hlo_recase_casebox          |       0 |       0 |        0.11 | 
| hlo_infer_macro             |       0 |      57 |        0.05 | 
| hlo_decode_mux_sandwich     |       0 |       0 |        0.00 | 
| hlo_mux_decode              |       0 |       0 |        0.00 | 
| hlo_chop_mux                |       0 |       0 |        0.00 | 
| hlo_mux_cascade_opt         |       0 |       0 |        0.00 | 
| hlo_mux_consolidation       |       0 |       0 |        0.00 | 
| hlo_constant_mux_opt        |       0 |       0 |        0.00 | 
| hlo_inequality_transform    |       0 |       2 |        0.05 | 
| hlo_reconv_opt              |       0 |       0 |        0.00 | 
| hlo_restructure             |       0 |       0 |        0.00 | 
| hlo_identity_transform      |       0 |       1 |        0.00 | 
| hlo_reduce_operator_chain   |       0 |       0 |        0.00 | 
| hlo_mux_cascade_opt         |       0 |       0 |        0.00 | 
| hlo_mux_consolidation       |       0 |       0 |        0.00 | 
| hlo_optimize_datapath       |       0 |       0 |        0.00 | 
| hlo_datapath_recast         |      16 |       0 |        3.15 | 
| hlo_redundancy_removal_word |       2 |       0 |        2.48 | 
| hlo_clip_mux_input          |      16 |       0 |        0.03 | 
| hlo_clip                    |       0 |       0 |        0.00 | 
| hlo_cleanup                 |       0 |       0 |        0.00 | 
-----------------------------------------------------------------
Running Unified Mux Engine Tricks...
Completed Unified Mux Engine Tricks

Stage: post_hlo_rtlopt
----------------------------------------------------------
| Trick                | Accepts | Rejects | Runtime (s) | 
----------------------------------------------------------
| ume_sweep_aggressive |       0 |       0 |        0.00 | 
| ume_runtime          |       0 |       0 |        0.00 | 
----------------------------------------------------------
Number of big hc bmuxes before = 0
Number of non-ctl's : 1
mux_cmbsop_mac_valid_167_15 
SOP DEBUG : Module= addr_gen, Cluster= ctl_167_15, ctl= 1, Non-ctl= 1
Selected impl_type 0 (ctl + 1-hot mux form) for sop cluster ctl_167_15.
Number of non-ctl's : 16
dpr_mux_div_188_36_I17232 dpr_mux_div_188_36_I70035 dpr_mux_div_188_36_I122793 dpr_mux_div_188_36_I175026 dpr_mux_div_190_35_I36556 dpr_mux_div_190_35_I89359 dpr_mux_div_190_35_I142072 dpr_mux_div_190_35_I193928 dpr_mux_rem_189_36_I54026 dpr_mux_rem_189_36_I106829 dpr_mux_rem_189_36_I159452 dpr_mux_rem_189_36_I210556 dpr_mux_rem_191_35_I47256 dpr_mux_rem_191_35_I100059 dpr_mux_rem_191_35_I152727 dpr_mux_rem_191_35_I204207 
SOP DEBUG : Module= addr_gen, Cluster= g17231, ctl= 16, Non-ctl= 16
Selected impl_type 1 (pla_form1 (optimized)) for sop cluster g17231.
Number of non-ctl's : 1
mux_cmbsop_layer_sel_87_15 
SOP DEBUG : Module= controller_fsm, Cluster= ctl_87_15, ctl= 1, Non-ctl= 1
Selected impl_type 0 (ctl + 1-hot mux form) for sop cluster ctl_87_15.
Number of non-ctl's : 1
mux_state_next_86_15 
SOP DEBUG : Module= pool_engine, Cluster= ctl_state_reg_86_15, ctl= 1, Non-ctl= 1
Selected impl_type 1 (pla_form1 (optimized)) for sop cluster ctl_state_reg_86_15.
Number of non-ctl's : 1
mux_weight_54_23 
SOP DEBUG : Module= weight_rom_ADDR_W9, Cluster= ctl_index_54_23, ctl= 1, Non-ctl= 1
Selected impl_type 1 (pla_form1 (optimized)) for sop cluster ctl_index_54_23.
Info    : Pre-processed datapath logic. [DPOPT-6]
        : Pre-processing optimizations applied to datapath logic in 'cnn_top':
          live_trim(11) sop(5) input_constant_speculation(2) mux_reduce(1) msb_trim(40) output_trim(8) 
Stats for CDN_DP_region_0_6: 1 insts (1 dp), 10 ins, 0 outs, 21 nets
Info    : Optimizing datapath logic. [DPOPT-1]
        : Optimizing datapath logic in 'cnn_top'.
Info    : Implementing datapath configurations. [DPOPT-3]
        : Implementing datapath configurations for 'CDN_DP_region_0_3'
CSAGen Prep Share:0 Re-Write:32 Speculation: 0
Info    : Accepted resource sharing opportunity. [RTLOPT-30]
        : Merged the following sets of instances in 'CDN_DP_region_0_3_c7 in cnn_top':
	  (final_adder_ADD_TC_OP_269, final_adder_ADD_TC_OP_268)
	  (final_adder_ADD_TC_OP_253, final_adder_ADD_TC_OP_252, final_adder_ADD_TC_OP_249, final_adder_ADD_TC_OP_28)
	  (csa_tree_ADD_TC_OP_269, csa_tree_ADD_TC_OP_268)

Info    : Truncated carry-save logic. [RTLOPT-22]
        : Truncated carry-save logic using instance csTrunc_u_ag_gte_135_53.
Info    : Accepted resource sharing opportunity. [RTLOPT-30]
        : Merged the following sets of instances in 'CDN_DP_region_0_3_c1 in cnn_top':
	  (ADD_TC_OP14, final_adder_u_conv_engine_add_111_56)

Info    : Truncated carry-save logic. [RTLOPT-22]
        : Truncated carry-save logic using instance csTrunc_u_ag_gte_135_53.
Info    : Accepted resource sharing opportunity. [RTLOPT-30]
        : Merged the following sets of instances in 'CDN_DP_region_0_3_c3 in cnn_top':
	  (ADD_TC_OP14, final_adder_u_conv_engine_add_111_56)

Info    : Accepted resource sharing opportunity. [RTLOPT-30]
        : Merged the following sets of instances in 'CDN_DP_region_0_3_c4 in cnn_top':
	  (ADD_TC_OP, final_adder_u_conv_engine_add_103_33_I4)

Info    : Accepted resource sharing opportunity. [RTLOPT-30]
        : Merged the following sets of instances in 'CDN_DP_region_0_3_c5 in cnn_top':
	  (ADD_TC_OP, final_adder_u_conv_engine_add_103_33_I4)

Info    : Accepted resource sharing opportunity. [RTLOPT-30]
        : Merged the following sets of instances in 'CDN_DP_region_0_3_c6 in cnn_top':
	  (u_pool_rd_addr_calc_159_38:add_66_57, u_pool_rd_addr_calc_158_38:add_66_57)
	  (u_pool_rd_addr_calc_157_38:add_66_57, u_pool_rd_addr_calc_156_38:add_66_57)

Info    : Truncated carry-save logic. [RTLOPT-22]
        : Truncated carry-save logic using instance csTrunc_u_ag_gte_135_53.
Info    : Accepted resource sharing opportunity. [RTLOPT-30]
        : Merged the following sets of instances in 'CDN_DP_region_0_3_c6 in cnn_top':
	  (ADD_TC_OP106, final_adder_u_conv_engine_add_111_56)

CDN_DP_region_0_3 level = 0 loads = 0 drivers = 0
CDN_DP_region_0_3_c0 in cnn_top: area: 75668318771 ,dp = 92 mux = 61  ctl_case = 2  decode = 2  other = 89  sg = slow         worst_clk_period: -1.0000 
    wns: 216922  norm_wns:  -1.0000 
    fail_endp: -1 
    tns:  20668949  tns_per_endp:  -1.0000   norm_tns_per_endp:  -1.0000 
    tns_sense_max:  -1.0000  tns_sense_avg:  -1.0000   tns_sense_num: -1
 skipped
CDN_DP_region_0_3_c1 in cnn_top: area: 82233986494 ,dp = 72 mux = 61  ctl_case = 0  decode = 2  other = 104  sg = fast         worst_clk_period: -1.0000 
    wns: 212895  norm_wns:  -1.0000 
    fail_endp: -1 
    tns:  21657069  tns_per_endp:  -1.0000   norm_tns_per_endp:  -1.0000 
    tns_sense_max:  -1.0000  tns_sense_avg:  -1.0000   tns_sense_num: -1
 is current best
CDN_DP_region_0_3_c2 in cnn_top: area: 53378248925 ,dp = 62 mux = 52  ctl_case = 0  decode = 2  other = 106  sg = very_slow    worst_clk_period: -1.0000 
    wns: 216937  norm_wns:  -1.0000 
    fail_endp: -1 
    tns:  22715785  tns_per_endp:  -1.0000   norm_tns_per_endp:  -1.0000 
    tns_sense_max:  -1.0000  tns_sense_avg:  -1.0000   tns_sense_num: -1

CDN_DP_region_0_3_c3 in cnn_top: area: 82428609600 ,dp = 72 mux = 64  ctl_case = 0  decode = 2  other = 95  sg = very_fast    worst_clk_period: -1.0000 
    wns: 212895  norm_wns:  -1.0000 
    fail_endp: -1 
    tns:  21199509  tns_per_endp:  -1.0000   norm_tns_per_endp:  -1.0000 
    tns_sense_max:  -1.0000  tns_sense_avg:  -1.0000   tns_sense_num: -1
 is current best
CDN_DP_region_0_3_c4 in cnn_top: area: 54803576966 ,dp = 68 mux = 64  ctl_case = 0  decode = 2  other = 88  sg = very_fast    worst_clk_period: -1.0000 
    wns: 212895  norm_wns:  -1.0000 
    fail_endp: -1 
    tns:  20802023  tns_per_endp:  -1.0000   norm_tns_per_endp:  -1.0000 
    tns_sense_max:  -1.0000  tns_sense_avg:  -1.0000   tns_sense_num: -1
 is current best
CDN_DP_region_0_3_c5 in cnn_top: area: 54803576966 ,dp = 68 mux = 64  ctl_case = 0  decode = 2  other = 88  sg = very_fast    worst_clk_period: -1.0000 
    wns: 212895  norm_wns:  -1.0000 
    fail_endp: -1 
    tns:  20802023  tns_per_endp:  -1.0000   norm_tns_per_endp:  -1.0000 
    tns_sense_max:  -1.0000  tns_sense_avg:  -1.0000   tns_sense_num: -1
 is current best
CDN_DP_region_0_3_c6 in cnn_top: area: 82594611661 ,dp = 64 mux = 62  ctl_case = 0  decode = 2  other = 97  sg = very_fast    worst_clk_period: -1.0000 
    wns: 216922  norm_wns:  -1.0000 
    fail_endp: -1 
    tns:  21340632  tns_per_endp:  -1.0000   norm_tns_per_endp:  -1.0000 
    tns_sense_max:  -1.0000  tns_sense_avg:  -1.0000   tns_sense_num: -1

CDN_DP_region_0_3_c7 in cnn_top: area: 137592811733 ,dp = 56 mux = 68  ctl_case = 0  decode = 2  other = 96  sg = very_fast    worst_clk_period: -1.0000 
    wns: 218131  norm_wns:  -1.0000 
    fail_endp: -1 
    tns:  21509165  tns_per_endp:  -1.0000   norm_tns_per_endp:  -1.0000 
    tns_sense_max:  -1.0000  tns_sense_avg:  -1.0000   tns_sense_num: -1

Best config: CDN_DP_region_0_3_c5 in cnn_top: area: 54803576966 ,dp = 68 mux = 64  ctl_case = 0  decode = 2  other = 88  sg = very_fast    worst_clk_period: -1.0000 
    wns: 212895  norm_wns:  -1.0000 
    fail_endp: -1 
    tns:  20802023  tns_per_endp:  -1.0000   norm_tns_per_endp:  -1.0000 
    tns_sense_max:  -1.0000  tns_sense_avg:  -1.0000   tns_sense_num: -1
  Smallest config area : 53378248925.  Fastest config wns;  212895
##>+----------------------------------------------------------------------------------------------------------------------------------------------------------------+
##>Summary table of configs (Best config is CDN_DP_region_0_3_c5)
##>+----------------------------------------------------------------------------------------------------------------------------------------------------------------+
##>                     0                  1                  2                  3                  4                  5                  6                  7            
##>+----------------------------------------------------------------------------------------------------------------------------------------------------------------+
##>           Area      75668318771        82233986494        53378248925        82428609600        54803576966        54803576966        82594611661       137592811733  
##>            WNS        -21692.20          -21289.50          -21693.70          -21289.50          -21289.50          -21289.50          -21692.20          -21813.10  
##>            TNS         20668949           21657069           22715785           21199509           20802023           20802023           21340632           21509165  
##>    Num Rewrite                0                 14                 14                 14                 15                 15                 13                 40  
##>     Num Factor                0                  0                  0                  0                  0                  0                  0                  0  
##>      Num Share                0                  1                  0                  1                  1                  1                  3                  4  
##>   Num CmultCse                0                  0                  0                  0                  0                  0                  0                  0  
##>   Num Downsize                0                  0                  0                  0                  0                  0                  0                  0  
##>  Num Speculate                0                  4                  0                  4                  5                  5                  0                 15  
##>     Runtime(s)                0                  3                  2                  2                  2                  2                  2                 12  
+----------------------------------------------------------------------------------------------------------------------------------------------------------------+
##>
##>
##>+-----------------------------------------------------------------------------------------------------------------------------------------------------------------------------------------------------+
##>Optimization Step DEBUG Table for config CDN_DP_region_0_3_c5
##>
##>                          Step                        Area   (  % Chg)         WNS (Change)          TNS (Change)                Power   (  % Chg)        Runtime (s)        Comment                   
##>+-----------------------------------------------------------------------------------------------------------------------------------------------------------------------------------------------------+
##>createMaxCarrySave              START            75668318771 (       )    -21692.20 (        )   20668949 (        )                    0 (       )              
##> datapath_rewrite_one_def       START            75668318771 (  +0.00)    -21692.20 (   +0.00)   20668949 (       0)                    0 (  +0.00)              
##>  fast_cse_elim                 START            75668318771 (  +0.00)    -21692.20 (   +0.00)   20668949 (       0)                    0 (  +0.00)              
##>                                  END            74655133778 (  -1.34)    -21692.20 (   +0.00)   20694965 (   26016)                    0 (  +0.00)           0  
##>  fast_cse_elim                 START            74655133778 (  +0.00)    -21692.20 (   +0.00)   20694965 (       0)                    0 (  +0.00)              
##>                                  END            74655133778 (  +0.00)    -21692.20 (   +0.00)   20694965 (       0)                    0 (  +0.00)           0  
##>  rewrite                       START            74655133778 (  +0.00)    -21692.20 (   +0.00)   20694965 (       0)                    0 (  +0.00)              (a,csaa) dissolve_1bit_const_2x1mux_from --> dissolve_1bit_const_2x1mux_to
##>                                  END            74637961151 (  -0.02)    -21692.20 (   +0.00)   20694965 (       0)                    0 (  +0.00)           0  
##>  rewrite                       START            74637961151 (  +0.00)    -21692.20 (   +0.00)   20694965 (       0)                    0 (  +0.00)              (a,csaa) dissolve_1bit_const_2x1mux_from --> dissolve_1bit_const_2x1mux_to
##>                                  END            74620788524 (  -0.02)    -21692.20 (   +0.00)   20694965 (       0)                    0 (  +0.00)           0  
##>  rewrite                       START            74620788524 (  +0.00)    -21692.20 (   +0.00)   20694965 (       0)                    0 (  +0.00)              (a,csaa) dissolve_1bit_const_2x1mux_from --> dissolve_1bit_const_2x1mux_to
##>                                  END            74603615897 (  -0.02)    -21692.20 (   +0.00)   20694965 (       0)                    0 (  +0.00)           0  
##>  rewrite                       START            74603615897 (  +0.00)    -21692.20 (   +0.00)   20694965 (       0)                    0 (  +0.00)              (a,csaa) dissolve_1bit_const_2x1mux_from --> dissolve_1bit_const_2x1mux_to
##>                                  END            74586443270 (  -0.02)    -21692.20 (   +0.00)   20694965 (       0)                    0 (  +0.00)           0  
##>  fast_cse_elim                 START            74586443270 (  +0.00)    -21692.20 (   +0.00)   20694965 (       0)                    0 (  +0.00)              
##>                                  END            74563546434 (  -0.03)    -21692.20 (   +0.00)   20694965 (       0)                    0 (  +0.00)           0  
##>                                  END            74563546434 (  -1.46)    -21692.20 (   +0.00)   20694965 (   26016)                    0 (  +0.00)           0  
##> speculate_in_gdef              START            74563546434 (  +0.00)    -21692.20 (   +0.00)   20694965 (       0)                    0 (  +0.00)              
##>  pre_speculate_mux_merge       START            74563546434 (  +0.00)    -21692.20 (   +0.00)   20694965 (       0)                    0 (  +0.00)              
##>                                  END            74563546434 (  +0.00)    -21692.20 (   +0.00)   20694965 (       0)                    0 (  +0.00)           0  
##>                                  END            74014022370 (  -0.74)    -21692.20 (   +0.00)   20556551 ( -138414)                    0 (  +0.00)           0  
##> csa_opto                       START            74014022370 (  +0.00)    -21692.20 (   +0.00)   20556551 (       0)                    0 (  +0.00)              
##>                                  END            66469514908 ( -10.19)    -21269.40 ( +422.80)   20384138 ( -172413)                    0 (  +0.00)           0  
##>                                  END            66469514908 ( -12.16)    -21269.40 ( +422.80)   20384138 ( -284811)                    0 (  +0.00)           0  
##>canonicalize_by_names           START            66469514908 (  +0.00)    -21269.40 (   +0.00)   20384138 (       0)                    0 (  +0.00)              
##>                                  END            66469514908 (  +0.00)    -21269.40 (   +0.00)   20384138 (       0)                    0 (  +0.00)           0  
##>datapath_rewrite_post_csa_one_  START            66469514908 (  +0.00)    -21269.40 (   +0.00)   20384138 (       0)                    0 (  +0.00)              
##> rewrite                        START            66469514908 (  +0.00)    -21269.40 (   +0.00)   20384138 (       0)                    0 (  +0.00)              (a,csaa) unsigned_add_add_v1_from --> unsigned_add_add_csa_to
##>                                  END            65708195111 (  -1.15)    -21269.40 (   +0.00)   20384138 (       0)                    0 (  +0.00)           0  
##> rewrite                        START            65708195111 (  +0.00)    -21269.40 (   +0.00)   20384138 (       0)                    0 (  +0.00)              (a,csaa) unsigned_add_add_v1_from --> unsigned_add_add_csa_to
##>                                  END            64946875314 (  -1.16)    -21269.40 (   +0.00)   20384138 (       0)                    0 (  +0.00)           0  
##> rewrite                        START            64946875314 (  +0.00)    -21269.40 (   +0.00)   20384138 (       0)                    0 (  +0.00)              (a,csaa) unsigned_add_add_v3_from --> unsigned_add_add_csa_to
##>                                  END            64156934472 (  -1.22)    -21269.40 (   +0.00)   20384138 (       0)                    0 (  +0.00)           0  
##> rewrite                        START            64156934472 (  +0.00)    -21269.40 (   +0.00)   20384138 (       0)                    0 (  +0.00)              (a,csaa) unsigned_add_add_v3_from --> unsigned_add_add_csa_to
##>                                  END            63366993630 (  -1.23)    -21269.40 (   +0.00)   20384138 (       0)                    0 (  +0.00)           0  
##> rewrite                        START            63366993630 (  +0.00)    -21269.40 (   +0.00)   20384138 (       0)                    0 (  +0.00)              (a,csaa) base_signed_add_ci_csa_from --> signed_add_ci_exs_csa_to
##>                                  END            63355545212 (  -0.02)    -21269.40 (   +0.00)   20384138 (       0)                    0 (  +0.00)           0  
##> rewrite                        START            63355545212 (  +0.00)    -21269.40 (   +0.00)   20384138 (       0)                    0 (  +0.00)              (na,csaa) base_signed_add_ci_csa_from --> signed_add_ci_exs_csa_to
##>                                  END            63504374646 (  +0.23)    -21269.40 (   +0.00)   20384138 (       0)                    0 (  +0.00)           0  
##> rewrite                        START            63355545212 (  -0.23)    -21269.40 (   +0.00)   20384138 (       0)                    0 (  +0.00)              (na,csaa) base_signed_add_ci_csa_from --> signed_add_ci_exs_csa_to
##>                                  END            63504374646 (  +0.23)    -21269.40 (   +0.00)   20384138 (       0)                    0 (  +0.00)           0  
##> rewrite                        START            63355545212 (  -0.23)    -21269.40 (   +0.00)   20384138 (       0)                    0 (  +0.00)              (na,csaa) base_signed_add_ci_lst_csa_from --> signed_add_ci_lst_exs_csa_to
##>                                  END            64031001874 (  +1.07)    -21269.40 (   +0.00)   20384138 (       0)                    0 (  +0.00)           0  
##> rewrite                        START            63355545212 (  -1.05)    -21269.40 (   +0.00)   20384138 (       0)                    0 (  +0.00)              (a,csaa) base_signed_add_ci_lst_csa_from --> signed_add_ci_lst_exs_csa_to
##>                                  END            63275406286 (  -0.13)    -21269.40 (   +0.00)   20384138 (       0)                    0 (  +0.00)           0  
##> rewrite                        START            63275406286 (  +0.00)    -21269.40 (   +0.00)   20384138 (       0)                    0 (  +0.00)              (a,csaa) base_signed_add_ci_lst_csa_from --> signed_add_ci_lst_exs_csa_to
##>                                  END            63195267360 (  -0.13)    -21269.40 (   +0.00)   20384138 (       0)                    0 (  +0.00)           0  
##> rewrite                        START            63195267360 (  +0.00)    -21269.40 (   +0.00)   20384138 (       0)                    0 (  +0.00)              (a,csaa) base_signed_add_ci_lst_csa_from --> signed_add_ci_lst_exs_csa_to
##>                                  END            63115128434 (  -0.13)    -21269.40 (   +0.00)   20384138 (       0)                    0 (  +0.00)           0  
##> rewrite                        START            63115128434 (  +0.00)    -21269.40 (   +0.00)   20384138 (       0)                    0 (  +0.00)              (a,csaa) base_comb_signed_add_ci_exs_p_add_from --> comb_signed_add_ci_exs_p_add_to
##>                                  END            64614871192 (  +2.38)    -21269.40 (   +0.00)   20283588 ( -100550)                    0 (  +0.00)           0  
##> rewrite                        START            64614871192 (  +0.00)    -21269.40 (   +0.00)   20283588 (       0)                    0 (  +0.00)              (a,csaa) combined_csa_signed_csa_signed_from --> combined_csa_signed_csa_signed_to
##>                                  END            64271418652 (  -0.53)    -21269.40 (   +0.00)   20283588 (       0)                    0 (  +0.00)           0  
##> rewrite                        START            64271418652 (  +0.00)    -21269.40 (   +0.00)   20283588 (       0)                    0 (  +0.00)              (na,csaa) combined_csa_signed_csa2_signed_from --> combined_csa_signed_csa2_signed_to
##>                                  END            83756626088 ( +30.32)    -21269.40 (   +0.00)   20325350 (   41762)                    0 (  +0.00)           0  
##> rewrite                        START            64271418652 ( -23.26)    -21269.40 (   +0.00)   20283588 (  -41762)                    0 (  +0.00)              (a,ar) csa_add_and_inc_v2 --> csa_add_ci
##>                                  END            63097955807 (  -1.83)    -21269.40 (   +0.00)   20283588 (       0)                    0 (  +0.00)           0  
##> rewrite                        START            63097955807 (  +0.00)    -21269.40 (   +0.00)   20283588 (       0)                    0 (  +0.00)              (na,csaa) base_signed_add_ci_csa_from --> signed_add_ci_exs_csa_to
##>                                  END            63796309305 (  +1.11)    -21269.40 (   +0.00)   20283588 (       0)                    0 (  +0.00)           0  
##> rewrite                        START            63097955807 (  -1.09)    -21269.40 (   +0.00)   20283588 (       0)                    0 (  +0.00)              (na,csaa) base_signed_add_ci_csa_from --> signed_add_ci_exs_csa_to
##>                                  END            63796309305 (  +1.11)    -21269.40 (   +0.00)   20283588 (       0)                    0 (  +0.00)           0  
##> rewrite                        START            63097955807 (  -1.09)    -21269.40 (   +0.00)   20283588 (       0)                    0 (  +0.00)              (na,csaa) base_signed_add_ci_csa_from --> signed_add_ci_exs_csa_to
##>                                  END            63796309305 (  +1.11)    -21269.40 (   +0.00)   20283588 (       0)                    0 (  +0.00)           0  
##> rewrite                        START            63097955807 (  -1.09)    -21269.40 (   +0.00)   20283588 (       0)                    0 (  +0.00)              (na,csaa) base_signed_add_ci_lst_csa_from --> signed_add_ci_lst_exs_csa_to
##>                                  END            63739067215 (  +1.02)    -21269.40 (   +0.00)   20283588 (       0)                    0 (  +0.00)           0  
##> rewrite                        START            63097955807 (  -1.01)    -21269.40 (   +0.00)   20283588 (       0)                    0 (  +0.00)              (na,csaa) combined_csa_signed_csa2_signed_from --> combined_csa_signed_csa2_signed_to
##>                                  END            82583163243 ( +30.88)    -21269.40 (   +0.00)   20325350 (   41762)                    0 (  +0.00)           0  
##>                                  END            63097955807 (  -5.07)    -21269.40 (   +0.00)   20283588 ( -100550)                    0 (  +0.00)           0  
##>datapath_csa_factoring_one_gde  START            63097955807 (  +0.00)    -21269.40 (   +0.00)   20283588 (       0)                    0 (  +0.00)              
##>                                  END            63097955807 (  +0.00)    -21269.40 (   +0.00)   20283588 (       0)                    0 (  +0.00)           0  
##>dpopt_share_one_def             START            63097955807 (  +0.00)    -21269.40 (   +0.00)   20283588 (       0)                    0 (  +0.00)              
##>                                  END            62462568608 (  -1.01)    -21269.40 (   +0.00)   20318334 (   34746)                    0 (  +0.00)           0  
##>datapath_rewrite_post_share     START            62462568608 (  +0.00)    -21269.40 (   +0.00)   20318334 (       0)                    0 (  +0.00)              
##>                                  END            62462568608 (  +0.00)    -21269.40 (   +0.00)   20318334 (       0)                    0 (  +0.00)           0  
##>dp_combine_const_mult_with_com  START            62462568608 (  +0.00)    -21269.40 (   +0.00)   20318334 (       0)                    0 (  +0.00)              
##>                                  END            62462568608 (  +0.00)    -21269.40 (   +0.00)   20318334 (       0)                    0 (  +0.00)           0  
##>speculate_in_gdef               START            62462568608 (  +0.00)    -21269.40 (   +0.00)   20318334 (       0)                    0 (  +0.00)              
##> pre_speculate_mux_merge        START            62462568608 (  +0.00)    -21269.40 (   +0.00)   20318334 (       0)                    0 (  +0.00)              
##>                                  END            62462568608 (  +0.00)    -21269.40 (   +0.00)   20318334 (       0)                    0 (  +0.00)           0  
##> createMaxCarrySave             START            63750515633 (  +2.06)    -21269.40 (   +0.00)   20318334 (       0)                    0 (  +0.00)              
##>  datapath_rewrite_one_def      START            63750515633 (  +0.00)    -21269.40 (   +0.00)   20318334 (       0)                    0 (  +0.00)              
##>   fast_cse_elim                START            63750515633 (  +0.00)    -21269.40 (   +0.00)   20318334 (       0)                    0 (  +0.00)              
##>                                  END            63750515633 (  +0.00)    -21269.40 (   +0.00)   20318334 (       0)                    0 (  +0.00)           0  
##>   fast_cse_elim                START            63750515633 (  +0.00)    -21269.40 (   +0.00)   20318334 (       0)                    0 (  +0.00)              
##>                                  END            63750515633 (  +0.00)    -21269.40 (   +0.00)   20318334 (       0)                    0 (  +0.00)           0  
##>                                  END            63750515633 (  +0.00)    -21269.40 (   +0.00)   20318334 (       0)                    0 (  +0.00)           0  
##>  csa_opto                      START            63750515633 (  +0.00)    -21269.40 (   +0.00)   20318334 (       0)                    0 (  +0.00)              
##>                                  END            63750515633 (  +0.00)    -21269.40 (   +0.00)   20318334 (       0)                    0 (  +0.00)           0  
##>                                  END            63750515633 (  +0.00)    -21269.40 (   +0.00)   20318334 (       0)                    0 (  +0.00)           0  
##>                                  END            62462568608 (  +0.00)    -21269.40 (   +0.00)   20318334 (       0)                    0 (  +0.00)           0  
##>dp_operator_level_decompositio  START            62462568608 (  +0.00)    -21269.40 (   +0.00)   20318334 (       0)                    0 (  +0.00)              
##>                                  END            62462568608 (  +0.00)    -21269.40 (   +0.00)   20318334 (       0)                    0 (  +0.00)           0  
##>selective_flatten_dp_config     START            62462568608 (  +0.00)    -21269.40 (   +0.00)   20318334 (       0)                    0 (  +0.00)              
##>                                  END            62428223354 (  -0.05)    -21269.40 (   +0.00)   20318334 (       0)                    0 (  +0.00)           0  
##>createMaxCarrySave              START            62428223354 (  +0.00)    -21269.40 (   +0.00)   20318334 (       0)                    0 (  +0.00)              
##> datapath_rewrite_one_def       START            62428223354 (  +0.00)    -21269.40 (   +0.00)   20318334 (       0)                    0 (  +0.00)              
##>  fast_cse_elim                 START            62428223354 (  +0.00)    -21269.40 (   +0.00)   20318334 (       0)                    0 (  +0.00)              
##>                                  END            62428223354 (  +0.00)    -21269.40 (   +0.00)   20318334 (       0)                    0 (  +0.00)           0  
##>  fast_cse_elim                 START            62428223354 (  +0.00)    -21269.40 (   +0.00)   20318334 (       0)                    0 (  +0.00)              
##>                                  END            62428223354 (  +0.00)    -21269.40 (   +0.00)   20318334 (       0)                    0 (  +0.00)           0  
##>                                  END            62428223354 (  +0.00)    -21269.40 (   +0.00)   20318334 (       0)                    0 (  +0.00)           0  
##> speculate_in_gdef              START            62428223354 (  +0.00)    -21269.40 (   +0.00)   20318334 (       0)                    0 (  +0.00)              
##>  pre_speculate_mux_merge       START            62428223354 (  +0.00)    -21269.40 (   +0.00)   20318334 (       0)                    0 (  +0.00)              
##>                                  END            62428223354 (  +0.00)    -21269.40 (   +0.00)   20318334 (       0)                    0 (  +0.00)           0  
##>  createMaxCarrySave            START            63716170379 (  +2.06)    -21269.40 (   +0.00)   20318334 (       0)                    0 (  +0.00)              
##>   datapath_rewrite_one_def     START            63716170379 (  +0.00)    -21269.40 (   +0.00)   20318334 (       0)                    0 (  +0.00)              
##>    fast_cse_elim               START            63716170379 (  +0.00)    -21269.40 (   +0.00)   20318334 (       0)                    0 (  +0.00)              
##>                                  END            63716170379 (  +0.00)    -21269.40 (   +0.00)   20318334 (       0)                    0 (  +0.00)           0  
##>    fast_cse_elim               START            63716170379 (  +0.00)    -21269.40 (   +0.00)   20318334 (       0)                    0 (  +0.00)              
##>                                  END            63716170379 (  +0.00)    -21269.40 (   +0.00)   20318334 (       0)                    0 (  +0.00)           0  
##>                                  END            63716170379 (  +0.00)    -21269.40 (   +0.00)   20318334 (       0)                    0 (  +0.00)           0  
##>   csa_opto                     START            63716170379 (  +0.00)    -21269.40 (   +0.00)   20318334 (       0)                    0 (  +0.00)              
##>                                  END            63716170379 (  +0.00)    -21269.40 (   +0.00)   20318334 (       0)                    0 (  +0.00)           0  
##>                                  END            63716170379 (  +0.00)    -21269.40 (   +0.00)   20318334 (       0)                    0 (  +0.00)           0  
##>                                  END            62428223354 (  +0.00)    -21269.40 (   +0.00)   20318334 (       0)                    0 (  +0.00)           0  
##> csa_opto                       START            62428223354 (  +0.00)    -21269.40 (   +0.00)   20318334 (       0)                    0 (  +0.00)              
##>                                  END            62428223354 (  +0.00)    -21269.40 (   +0.00)   20318334 (       0)                    0 (  +0.00)           0  
##>                                  END            62428223354 (  +0.00)    -21269.40 (   +0.00)   20318334 (       0)                    0 (  +0.00)           0  
##>datapath_rewrite_post_csa_one_  START            62428223354 (  +0.00)    -21269.40 (   +0.00)   20318334 (       0)                    0 (  +0.00)              
##> rewrite                        START            62428223354 (  +0.00)    -21269.40 (   +0.00)   20318334 (       0)                    0 (  +0.00)              (na,csaa) base_signed_add_ci_csa_from --> signed_add_ci_exs_csa_to
##>                                  END            62788848521 (  +0.58)    -21269.40 (   +0.00)   20318334 (       0)                    0 (  +0.00)           0  
##> rewrite                        START            62428223354 (  -0.57)    -21269.40 (   +0.00)   20318334 (       0)                    0 (  +0.00)              (na,csaa) base_signed_add_ci_csa_from --> signed_add_ci_exs_csa_to
##>                                  END            62788848521 (  +0.58)    -21269.40 (   +0.00)   20318334 (       0)                    0 (  +0.00)           0  
##> rewrite                        START            62428223354 (  -0.57)    -21269.40 (   +0.00)   20318334 (       0)                    0 (  +0.00)              (na,csaa) base_signed_add_ci_csa_from --> signed_add_ci_exs_csa_to
##>                                  END            62788848521 (  +0.58)    -21269.40 (   +0.00)   20318334 (       0)                    0 (  +0.00)           0  
##> rewrite                        START            62428223354 (  -0.57)    -21269.40 (   +0.00)   20318334 (       0)                    0 (  +0.00)              (na,csaa) base_signed_add_ci_lst_csa_from --> signed_add_ci_lst_exs_csa_to
##>                                  END            62765951685 (  +0.54)    -21269.40 (   +0.00)   20318334 (       0)                    0 (  +0.00)           0  
##>                                  END            62428223354 (  +0.00)    -21269.40 (   +0.00)   20318334 (       0)                    0 (  +0.00)           0  
##>datapath_csa_factoring_one_gde  START            62428223354 (  +0.00)    -21269.40 (   +0.00)   20318334 (       0)                    0 (  +0.00)              
##>                                  END            62428223354 (  +0.00)    -21269.40 (   +0.00)   20318334 (       0)                    0 (  +0.00)           0  
##>dpopt_share_one_def             START            62428223354 (  +0.00)    -21269.40 (   +0.00)   20318334 (       0)                    0 (  +0.00)              
##>                                  END            62428223354 (  +0.00)    -21269.40 (   +0.00)   20318334 (       0)                    0 (  +0.00)           0  
##>datapath_rewrite_post_share     START            62428223354 (  +0.00)    -21269.40 (   +0.00)   20318334 (       0)                    0 (  +0.00)              
##>                                  END            62428223354 (  +0.00)    -21269.40 (   +0.00)   20318334 (       0)                    0 (  +0.00)           0  
##>dp_combine_const_mult_with_com  START            62428223354 (  +0.00)    -21269.40 (   +0.00)   20318334 (       0)                    0 (  +0.00)              
##>                                  END            62428223354 (  +0.00)    -21269.40 (   +0.00)   20318334 (       0)                    0 (  +0.00)           0  
##>speculate_in_gdef               START            62428223354 (  +0.00)    -21269.40 (   +0.00)   20318334 (       0)                    0 (  +0.00)              
##> pre_speculate_mux_merge        START            62428223354 (  +0.00)    -21269.40 (   +0.00)   20318334 (       0)                    0 (  +0.00)              
##>                                  END            62428223354 (  +0.00)    -21269.40 (   +0.00)   20318334 (       0)                    0 (  +0.00)           0  
##> createMaxCarrySave             START            63716170379 (  +2.06)    -21269.40 (   +0.00)   20318334 (       0)                    0 (  +0.00)              
##>  datapath_rewrite_one_def      START            63716170379 (  +0.00)    -21269.40 (   +0.00)   20318334 (       0)                    0 (  +0.00)              
##>   fast_cse_elim                START            63716170379 (  +0.00)    -21269.40 (   +0.00)   20318334 (       0)                    0 (  +0.00)              
##>                                  END            63716170379 (  +0.00)    -21269.40 (   +0.00)   20318334 (       0)                    0 (  +0.00)           0  
##>   fast_cse_elim                START            63716170379 (  +0.00)    -21269.40 (   +0.00)   20318334 (       0)                    0 (  +0.00)              
##>                                  END            63716170379 (  +0.00)    -21269.40 (   +0.00)   20318334 (       0)                    0 (  +0.00)           0  
##>                                  END            63716170379 (  +0.00)    -21269.40 (   +0.00)   20318334 (       0)                    0 (  +0.00)           0  
##>  csa_opto                      START            63716170379 (  +0.00)    -21269.40 (   +0.00)   20318334 (       0)                    0 (  +0.00)              
##>                                  END            63716170379 (  +0.00)    -21269.40 (   +0.00)   20318334 (       0)                    0 (  +0.00)           0  
##>                                  END            63716170379 (  +0.00)    -21269.40 (   +0.00)   20318334 (       0)                    0 (  +0.00)           0  
##>                                  END            62428223354 (  +0.00)    -21269.40 (   +0.00)   20318334 (       0)                    0 (  +0.00)           0  
##>dp_operator_level_decompositio  START            62428223354 (  +0.00)    -21269.40 (   +0.00)   20318334 (       0)                    0 (  +0.00)              
##>                                  END            62428223354 (  +0.00)    -21269.40 (   +0.00)   20318334 (       0)                    0 (  +0.00)           0  
##>selective_flatten_dp_config     START            62428223354 (  +0.00)    -21269.40 (   +0.00)   20318334 (       0)                    0 (  +0.00)              
##>                                  END            62428223354 (  +0.00)    -21269.40 (   +0.00)   20318334 (       0)                    0 (  +0.00)           0  
##>createMaxCarrySave              START            62428223354 (  +0.00)    -21269.40 (   +0.00)   20318334 (       0)                    0 (  +0.00)              
##> datapath_rewrite_one_def       START            62428223354 (  +0.00)    -21269.40 (   +0.00)   20318334 (       0)                    0 (  +0.00)              
##>  fast_cse_elim                 START            62428223354 (  +0.00)    -21269.40 (   +0.00)   20318334 (       0)                    0 (  +0.00)              
##>                                  END            62428223354 (  +0.00)    -21269.40 (   +0.00)   20318334 (       0)                    0 (  +0.00)           0  
##>  fast_cse_elim                 START            62428223354 (  +0.00)    -21269.40 (   +0.00)   20318334 (       0)                    0 (  +0.00)              
##>                                  END            62428223354 (  +0.00)    -21269.40 (   +0.00)   20318334 (       0)                    0 (  +0.00)           0  
##>                                  END            62428223354 (  +0.00)    -21269.40 (   +0.00)   20318334 (       0)                    0 (  +0.00)           0  
##> speculate_in_gdef              START            62428223354 (  +0.00)    -21269.40 (   +0.00)   20318334 (       0)                    0 (  +0.00)              
##>  pre_speculate_mux_merge       START            62428223354 (  +0.00)    -21269.40 (   +0.00)   20318334 (       0)                    0 (  +0.00)              
##>                                  END            62428223354 (  +0.00)    -21269.40 (   +0.00)   20318334 (       0)                    0 (  +0.00)           0  
##>  createMaxCarrySave            START            63716170379 (  +2.06)    -21269.40 (   +0.00)   20318334 (       0)                    0 (  +0.00)              
##>   datapath_rewrite_one_def     START            63716170379 (  +0.00)    -21269.40 (   +0.00)   20318334 (       0)                    0 (  +0.00)              
##>    fast_cse_elim               START            63716170379 (  +0.00)    -21269.40 (   +0.00)   20318334 (       0)                    0 (  +0.00)              
##>                                  END            63716170379 (  +0.00)    -21269.40 (   +0.00)   20318334 (       0)                    0 (  +0.00)           0  
##>    fast_cse_elim               START            63716170379 (  +0.00)    -21269.40 (   +0.00)   20318334 (       0)                    0 (  +0.00)              
##>                                  END            63716170379 (  +0.00)    -21269.40 (   +0.00)   20318334 (       0)                    0 (  +0.00)           0  
##>                                  END            63716170379 (  +0.00)    -21269.40 (   +0.00)   20318334 (       0)                    0 (  +0.00)           0  
##>   csa_opto                     START            63716170379 (  +0.00)    -21269.40 (   +0.00)   20318334 (       0)                    0 (  +0.00)              
##>                                  END            63716170379 (  +0.00)    -21269.40 (   +0.00)   20318334 (       0)                    0 (  +0.00)           0  
##>                                  END            63716170379 (  +0.00)    -21269.40 (   +0.00)   20318334 (       0)                    0 (  +0.00)           0  
##>                                  END            62428223354 (  +0.00)    -21269.40 (   +0.00)   20318334 (       0)                    0 (  +0.00)           0  
##> csa_opto                       START            62428223354 (  +0.00)    -21269.40 (   +0.00)   20318334 (       0)                    0 (  +0.00)              
##>                                  END            62428223354 (  +0.00)    -21269.40 (   +0.00)   20318334 (       0)                    0 (  +0.00)           0  
##>                                  END            62428223354 (  +0.00)    -21269.40 (   +0.00)   20318334 (       0)                    0 (  +0.00)           0  
##>context_based_simplify          START            59903847185 (  -4.04)    -21289.50 (  -20.10)   20802023 (  483689)                    0 (  +0.00)              
##>                                  END            58455622308 (  -2.42)    -21289.50 (   +0.00)   20802023 (       0)                    0 (  +0.00)           0  
##>group_csa_final_adder_dp        START            58455622308 (  +0.00)    -21289.50 (   +0.00)   20802023 (       0)                    0 (  +0.00)              
##>                                  END            66309237056 ( +13.44)    -21289.50 (   +0.00)   20804297 (    2274)                    0 (  +0.00)           0  
##>dpopt_flatten_critical_muxes_i  START            66309237056 (  +0.00)    -21289.50 (   +0.00)   20804297 (       0)                    0 (  +0.00)              
##>                                  END            66309237056 (  +0.00)    -21289.50 (   +0.00)   20804297 (       0)                    0 (  +0.00)           0  
##>speculate_in_gdef               START            66309237056 (  +0.00)    -21289.50 (   +0.00)   20804297 (       0)                    0 (  +0.00)              
##> pre_speculate_mux_merge        START            66309237056 (  +0.00)    -21289.50 (   +0.00)   20804297 (       0)                    0 (  +0.00)              
##>                                  END            66309237056 (  +0.00)    -21289.50 (   +0.00)   20804297 (       0)                    0 (  +0.00)           0  
##>                                  END            66309237056 (  +0.00)    -21289.50 (   +0.00)   20804297 (       0)                    0 (  +0.00)           0  
##>create_score                    START            54803576966 ( -17.35)    -21289.50 (   +0.00)   20802023 (   -2274)                    0 (  +0.00)              
##>                                  END            54803576966 (  +0.00)    -21289.50 (   +0.00)   20802023 (       0)                    0 (  +0.00)           0  
##>+-----------------------------------------------------------------------------------------------------------------------------------------------------------------------------------------------------+
Committed config: CDN_DP_region_0_3_c5
Info    : Done implementing datapath configurations. [DPOPT-4]
        : Selected 'very_fast' configuration 5 for module 'CDN_DP_region_0_3_c5'.
          Optimizations applied to 'very_fast' configuration:
            rewriting(15), factoring(0), sharing(1), cmultcse(0), downsizing(0), speculation(5)
Info    : Implementing datapath configurations. [DPOPT-3]
        : Implementing datapath configurations for 'CDN_DP_region_0_2'
CSAGen Prep Share:0 Re-Write:2 Speculation: 0
CDN_DP_region_0_2 level = 0 loads = 0 drivers = 0
CDN_DP_region_0_2_c0 in cnn_top: area: 578145109 ,dp = 2 mux = 1  ctl_case = 0  decode = 0  other = 4  sg = slow         worst_clk_period: -1.0000 
    wns: 0  norm_wns:  -1.0000 
    fail_endp: -1 
    tns:  0  tns_per_endp:  -1.0000   norm_tns_per_endp:  -1.0000 
    tns_sense_max:  -1.0000  tns_sense_avg:  -1.0000   tns_sense_num: -1
 skipped
CDN_DP_region_0_2_c1 in cnn_top: area: 572420900 ,dp = 1 mux = 1  ctl_case = 0  decode = 0  other = 4  sg = fast         worst_clk_period: -1.0000 
    wns: 0  norm_wns:  -1.0000 
    fail_endp: -1 
    tns:  0  tns_per_endp:  -1.0000   norm_tns_per_endp:  -1.0000 
    tns_sense_max:  -1.0000  tns_sense_avg:  -1.0000   tns_sense_num: -1
 is current best
CDN_DP_region_0_2_c2 in cnn_top: area: 572420900 ,dp = 1 mux = 1  ctl_case = 0  decode = 0  other = 4  sg = very_slow    worst_clk_period: -1.0000 
    wns: 0  norm_wns:  -1.0000 
    fail_endp: -1 
    tns:  0  tns_per_endp:  -1.0000   norm_tns_per_endp:  -1.0000 
    tns_sense_max:  -1.0000  tns_sense_avg:  -1.0000   tns_sense_num: -1
 is current best
CDN_DP_region_0_2_c3 in cnn_top: area: 572420900 ,dp = 1 mux = 1  ctl_case = 0  decode = 0  other = 4  sg = very_fast    worst_clk_period: -1.0000 
    wns: 0  norm_wns:  -1.0000 
    fail_endp: -1 
    tns:  0  tns_per_endp:  -1.0000   norm_tns_per_endp:  -1.0000 
    tns_sense_max:  -1.0000  tns_sense_avg:  -1.0000   tns_sense_num: -1
 is current best
CDN_DP_region_0_2_c4 in cnn_top: area: 572420900 ,dp = 1 mux = 1  ctl_case = 0  decode = 0  other = 4  sg = very_fast    worst_clk_period: -1.0000 
    wns: 0  norm_wns:  -1.0000 
    fail_endp: -1 
    tns:  0  tns_per_endp:  -1.0000   norm_tns_per_endp:  -1.0000 
    tns_sense_max:  -1.0000  tns_sense_avg:  -1.0000   tns_sense_num: -1
 is current best
CDN_DP_region_0_2_c5 in cnn_top: area: 572420900 ,dp = 1 mux = 1  ctl_case = 0  decode = 0  other = 4  sg = very_fast    worst_clk_period: -1.0000 
    wns: 0  norm_wns:  -1.0000 
    fail_endp: -1 
    tns:  0  tns_per_endp:  -1.0000   norm_tns_per_endp:  -1.0000 
    tns_sense_max:  -1.0000  tns_sense_avg:  -1.0000   tns_sense_num: -1
 is current best
CDN_DP_region_0_2_c6 in cnn_top: area: 572420900 ,dp = 1 mux = 1  ctl_case = 0  decode = 0  other = 4  sg = very_fast    worst_clk_period: -1.0000 
    wns: 0  norm_wns:  -1.0000 
    fail_endp: -1 
    tns:  0  tns_per_endp:  -1.0000   norm_tns_per_endp:  -1.0000 
    tns_sense_max:  -1.0000  tns_sense_avg:  -1.0000   tns_sense_num: -1
 is current best
CDN_DP_region_0_2_c7 in cnn_top: area: 572420900 ,dp = 1 mux = 1  ctl_case = 0  decode = 0  other = 4  sg = very_fast    worst_clk_period: -1.0000 
    wns: 0  norm_wns:  -1.0000 
    fail_endp: -1 
    tns:  0  tns_per_endp:  -1.0000   norm_tns_per_endp:  -1.0000 
    tns_sense_max:  -1.0000  tns_sense_avg:  -1.0000   tns_sense_num: -1
 is current best
Best config: CDN_DP_region_0_2_c7 in cnn_top: area: 572420900 ,dp = 1 mux = 1  ctl_case = 0  decode = 0  other = 4  sg = very_fast    worst_clk_period: -1.0000 
    wns: 0  norm_wns:  -1.0000 
    fail_endp: -1 
    tns:  0  tns_per_endp:  -1.0000   norm_tns_per_endp:  -1.0000 
    tns_sense_max:  -1.0000  tns_sense_avg:  -1.0000   tns_sense_num: -1
  Smallest config area : 572420900.  Fastest config wns;  0
##>+----------------------------------------------------------------------------------------------------------------------------------------------------------------+
##>Summary table of configs (Best config is CDN_DP_region_0_2_c7)
##>+----------------------------------------------------------------------------------------------------------------------------------------------------------------+
##>                     0                  1                  2                  3                  4                  5                  6                  7            
##>+----------------------------------------------------------------------------------------------------------------------------------------------------------------+
##>           Area        578145109          572420900          572420900          572420900          572420900          572420900          572420900          572420900  
##>            WNS         +3014.80           +2803.90           +2803.90           +2803.90           +2803.90           +2803.90           +2803.90           +2803.90  
##>            TNS                0                  0                  0                  0                  0                  0                  0                  0  
##>    Num Rewrite                0                  0                  0                  0                  0                  0                  0                  2  
##>     Num Factor                0                  0                  0                  0                  0                  0                  0                  0  
##>      Num Share                0                  0                  0                  0                  0                  0                  0                  0  
##>   Num CmultCse                0                  0                  0                  0                  0                  0                  0                  0  
##>   Num Downsize                0                  0                  0                  0                  0                  0                  0                  0  
##>  Num Speculate                0                  0                  0                  0                  0                  0                  0                  0  
##>     Runtime(s)                0                  0                  0                  0                  0                  0                  0                  0  
+----------------------------------------------------------------------------------------------------------------------------------------------------------------+
##>
##>
##>+-----------------------------------------------------------------------------------------------------------------------------------------------------------------------------------------------------+
##>Optimization Step DEBUG Table for config CDN_DP_region_0_2_c7
##>
##>                          Step                        Area   (  % Chg)         WNS (Change)          TNS (Change)                Power   (  % Chg)        Runtime (s)        Comment                   
##>+-----------------------------------------------------------------------------------------------------------------------------------------------------------------------------------------------------+
##>EquationExtraction              START              578145109 (       )     3014.80 (        )          0 (        )                    0 (       )              
##> rewrite                        START              578145109 (  +0.00)     3014.80 (   +0.00)          0 (       0)                    0 (  +0.00)              (a,ar) less_than_from_tc --> less_than_to_tc
##>                                  END              578145109 (  +0.00)     3014.80 (   +0.00)          0 (       0)                    0 (  +0.00)           0  
##> rewrite                        START              578145109 (  +0.00)     3014.80 (   +0.00)          0 (       0)                    0 (  +0.00)              (a,ar) a_minus_zero_from_tc --> a_minus_zero_to_tc
##>                                  END              578145109 (  +0.00)     2803.90 ( -210.90)          0 (       0)                    0 (  +0.00)           0  
##> rewrite                        START              984563948 ( +70.30)    -11907.30 (-14711.20)     952584 (  952584)                    0 (  +0.00)              (a,ar) Expr8_from --> Expr8_to
##>                                  END             5300617534 (+438.37)    -11907.30 (   +0.00)     952584 (       0)                    0 (  +0.00)           0  
##>                                  END              578145109 (  +0.00)     2803.90 ( -210.90)          0 (       0)                    0 (  +0.00)           0  
##>createMaxCarrySave              START              578145109 (  +0.00)     2803.90 (   +0.00)          0 (       0)                    0 (  +0.00)              
##> datapath_rewrite_one_def       START              578145109 (  +0.00)     2803.90 (   +0.00)          0 (       0)                    0 (  +0.00)              
##>                                  END              578145109 (  +0.00)     2803.90 (   +0.00)          0 (       0)                    0 (  +0.00)           0  
##> csa_opto                       START              578145109 (  +0.00)     2803.90 (   +0.00)          0 (       0)                    0 (  +0.00)              
##>                                  END              578145109 (  +0.00)     2803.90 (   +0.00)          0 (       0)                    0 (  +0.00)           0  
##>                                  END              578145109 (  +0.00)     2803.90 (   +0.00)          0 (       0)                    0 (  +0.00)           0  
##>canonicalize_by_names           START              578145109 (  +0.00)     2803.90 (   +0.00)          0 (       0)                    0 (  +0.00)              
##>                                  END              578145109 (  +0.00)     2803.90 (   +0.00)          0 (       0)                    0 (  +0.00)           0  
##>datapath_rewrite_post_csa_one_  START              578145109 (  +0.00)     2803.90 (   +0.00)          0 (       0)                    0 (  +0.00)              
##>                                  END              578145109 (  +0.00)     2803.90 (   +0.00)          0 (       0)                    0 (  +0.00)           0  
##>datapath_csa_factoring_one_gde  START              578145109 (  +0.00)     2803.90 (   +0.00)          0 (       0)                    0 (  +0.00)              
##>                                  END              578145109 (  +0.00)     2803.90 (   +0.00)          0 (       0)                    0 (  +0.00)           0  
##>dpopt_share_one_def             START              578145109 (  +0.00)     2803.90 (   +0.00)          0 (       0)                    0 (  +0.00)              
##>                                  END              578145109 (  +0.00)     2803.90 (   +0.00)          0 (       0)                    0 (  +0.00)           0  
##>datapath_rewrite_post_share     START              578145109 (  +0.00)     2803.90 (   +0.00)          0 (       0)                    0 (  +0.00)              
##>                                  END              578145109 (  +0.00)     2803.90 (   +0.00)          0 (       0)                    0 (  +0.00)           0  
##>dp_combine_const_mult_with_com  START              578145109 (  +0.00)     2803.90 (   +0.00)          0 (       0)                    0 (  +0.00)              
##>                                  END              578145109 (  +0.00)     2803.90 (   +0.00)          0 (       0)                    0 (  +0.00)           0  
##>dp_operator_level_decompositio  START              578145109 (  +0.00)     2803.90 (   +0.00)          0 (       0)                    0 (  +0.00)              
##>                                  END              578145109 (  +0.00)     2803.90 (   +0.00)          0 (       0)                    0 (  +0.00)           0  
##>selective_flatten_dp_config     START              578145109 (  +0.00)     2803.90 (   +0.00)          0 (       0)                    0 (  +0.00)              
##>                                  END              578145109 (  +0.00)     2803.90 (   +0.00)          0 (       0)                    0 (  +0.00)           0  
##>createMaxCarrySave              START              578145109 (  +0.00)     2803.90 (   +0.00)          0 (       0)                    0 (  +0.00)              
##> datapath_rewrite_one_def       START              578145109 (  +0.00)     2803.90 (   +0.00)          0 (       0)                    0 (  +0.00)              
##>  fast_cse_elim                 START              578145109 (  +0.00)     2803.90 (   +0.00)          0 (       0)                    0 (  +0.00)              
##>                                  END              578145109 (  +0.00)     2803.90 (   +0.00)          0 (       0)                    0 (  +0.00)           0  
##>  fast_cse_elim                 START              578145109 (  +0.00)     2803.90 (   +0.00)          0 (       0)                    0 (  +0.00)              
##>                                  END              578145109 (  +0.00)     2803.90 (   +0.00)          0 (       0)                    0 (  +0.00)           0  
##>                                  END              578145109 (  +0.00)     2803.90 (   +0.00)          0 (       0)                    0 (  +0.00)           0  
##> csa_opto                       START              578145109 (  +0.00)     2803.90 (   +0.00)          0 (       0)                    0 (  +0.00)              
##>                                  END              578145109 (  +0.00)     2803.90 (   +0.00)          0 (       0)                    0 (  +0.00)           0  
##>                                  END              578145109 (  +0.00)     2803.90 (   +0.00)          0 (       0)                    0 (  +0.00)           0  
##>context_based_simplify          START              578145109 (  +0.00)     2803.90 (   +0.00)          0 (       0)                    0 (  +0.00)              
##>                                  END              572420900 (  -0.99)     2803.90 (   +0.00)          0 (       0)                    0 (  +0.00)           0  
##>group_csa_final_adder_dp        START              572420900 (  +0.00)     2803.90 (   +0.00)          0 (       0)                    0 (  +0.00)              
##>                                  END              572420900 (  +0.00)     2803.90 (   +0.00)          0 (       0)                    0 (  +0.00)           0  
##>dpopt_flatten_critical_muxes_i  START              572420900 (  +0.00)     2803.90 (   +0.00)          0 (       0)                    0 (  +0.00)              
##>                                  END              572420900 (  +0.00)     2803.90 (   +0.00)          0 (       0)                    0 (  +0.00)           0  
##>create_score                    START              572420900 (  +0.00)     2803.90 (   +0.00)          0 (       0)                    0 (  +0.00)              
##>                                  END              572420900 (  +0.00)     2803.90 (   +0.00)          0 (       0)                    0 (  +0.00)           0  
##>+-----------------------------------------------------------------------------------------------------------------------------------------------------------------------------------------------------+
Committed config: CDN_DP_region_0_2_c7
Info    : Done implementing datapath configurations. [DPOPT-4]
        : Selected 'very_fast' configuration 7 for module 'CDN_DP_region_0_2_c7'.
          Optimizations applied to 'very_fast' configuration:
            rewriting(2), factoring(0), sharing(0), cmultcse(0), downsizing(0), speculation(0)
Info    : Implementing datapath configurations. [DPOPT-3]
        : Implementing datapath configurations for 'CDN_DP_region_0_5'
CSAGen Prep Share:0 Re-Write:0 Speculation: 0
CDN_DP_region_0_5 level = 0 loads = 0 drivers = 0
CDN_DP_region_0_5_c0 in cnn_top: area: 692629289 ,dp = 1 mux = 0  ctl_case = 0  decode = 0  sg = slow         worst_clk_period: -1.0000 
    wns: 0  norm_wns:  -1.0000 
    fail_endp: -1 
    tns:  0  tns_per_endp:  -1.0000   norm_tns_per_endp:  -1.0000 
    tns_sense_max:  -1.0000  tns_sense_avg:  -1.0000   tns_sense_num: -1
 skipped
CDN_DP_region_0_5_c1 in cnn_top: area: 498006183 ,dp = 1 mux = 0  ctl_case = 0  decode = 0  sg = fast         worst_clk_period: -1.0000 
    wns: 0  norm_wns:  -1.0000 
    fail_endp: -1 
    tns:  0  tns_per_endp:  -1.0000   norm_tns_per_endp:  -1.0000 
    tns_sense_max:  -1.0000  tns_sense_avg:  -1.0000   tns_sense_num: -1
 is current best
CDN_DP_region_0_5_c2 in cnn_top: area: 498006183 ,dp = 1 mux = 0  ctl_case = 0  decode = 0  sg = very_slow    worst_clk_period: -1.0000 
    wns: 0  norm_wns:  -1.0000 
    fail_endp: -1 
    tns:  0  tns_per_endp:  -1.0000   norm_tns_per_endp:  -1.0000 
    tns_sense_max:  -1.0000  tns_sense_avg:  -1.0000   tns_sense_num: -1
 is current best
CDN_DP_region_0_5_c3 in cnn_top: area: 498006183 ,dp = 1 mux = 0  ctl_case = 0  decode = 0  sg = very_fast    worst_clk_period: -1.0000 
    wns: 0  norm_wns:  -1.0000 
    fail_endp: -1 
    tns:  0  tns_per_endp:  -1.0000   norm_tns_per_endp:  -1.0000 
    tns_sense_max:  -1.0000  tns_sense_avg:  -1.0000   tns_sense_num: -1
 is current best
CDN_DP_region_0_5_c4 in cnn_top: area: 498006183 ,dp = 1 mux = 0  ctl_case = 0  decode = 0  sg = very_fast    worst_clk_period: -1.0000 
    wns: 0  norm_wns:  -1.0000 
    fail_endp: -1 
    tns:  0  tns_per_endp:  -1.0000   norm_tns_per_endp:  -1.0000 
    tns_sense_max:  -1.0000  tns_sense_avg:  -1.0000   tns_sense_num: -1
 is current best
CDN_DP_region_0_5_c5 in cnn_top: area: 498006183 ,dp = 1 mux = 0  ctl_case = 0  decode = 0  sg = very_fast    worst_clk_period: -1.0000 
    wns: 0  norm_wns:  -1.0000 
    fail_endp: -1 
    tns:  0  tns_per_endp:  -1.0000   norm_tns_per_endp:  -1.0000 
    tns_sense_max:  -1.0000  tns_sense_avg:  -1.0000   tns_sense_num: -1
 is current best
CDN_DP_region_0_5_c6 in cnn_top: area: 498006183 ,dp = 1 mux = 0  ctl_case = 0  decode = 0  sg = very_fast    worst_clk_period: -1.0000 
    wns: 0  norm_wns:  -1.0000 
    fail_endp: -1 
    tns:  0  tns_per_endp:  -1.0000   norm_tns_per_endp:  -1.0000 
    tns_sense_max:  -1.0000  tns_sense_avg:  -1.0000   tns_sense_num: -1
 is current best
CDN_DP_region_0_5_c7 in cnn_top: area: 498006183 ,dp = 1 mux = 0  ctl_case = 0  decode = 0  sg = very_fast    worst_clk_period: -1.0000 
    wns: 0  norm_wns:  -1.0000 
    fail_endp: -1 
    tns:  0  tns_per_endp:  -1.0000   norm_tns_per_endp:  -1.0000 
    tns_sense_max:  -1.0000  tns_sense_avg:  -1.0000   tns_sense_num: -1
 is current best
Best config: CDN_DP_region_0_5_c7 in cnn_top: area: 498006183 ,dp = 1 mux = 0  ctl_case = 0  decode = 0  sg = very_fast    worst_clk_period: -1.0000 
    wns: 0  norm_wns:  -1.0000 
    fail_endp: -1 
    tns:  0  tns_per_endp:  -1.0000   norm_tns_per_endp:  -1.0000 
    tns_sense_max:  -1.0000  tns_sense_avg:  -1.0000   tns_sense_num: -1
  Smallest config area : 498006183.  Fastest config wns;  0
##>+----------------------------------------------------------------------------------------------------------------------------------------------------------------+
##>Summary table of configs (Best config is CDN_DP_region_0_5_c7)
##>+----------------------------------------------------------------------------------------------------------------------------------------------------------------+
##>                     0                  1                  2                  3                  4                  5                  6                  7            
##>+----------------------------------------------------------------------------------------------------------------------------------------------------------------+
##>           Area        692629289          498006183          498006183          498006183          498006183          498006183          498006183          498006183  
##>            WNS         +4285.60           +4285.60           +4285.60           +4285.60           +4285.60           +4285.60           +4285.60           +4285.60  
##>            TNS                0                  0                  0                  0                  0                  0                  0                  0  
##>    Num Rewrite                0                  0                  0                  0                  0                  0                  0                  0  
##>     Num Factor                0                  0                  0                  0                  0                  0                  0                  0  
##>      Num Share                0                  0                  0                  0                  0                  0                  0                  0  
##>   Num CmultCse                0                  0                  0                  0                  0                  0                  0                  0  
##>   Num Downsize                0                  0                  0                  0                  0                  0                  0                  0  
##>  Num Speculate                0                  0                  0                  0                  0                  0                  0                  0  
##>     Runtime(s)                0                  0                  0                  0                  0                  0                  0                  0  
+----------------------------------------------------------------------------------------------------------------------------------------------------------------+
##>
##>
##>+-----------------------------------------------------------------------------------------------------------------------------------------------------------------------------------------------------+
##>Optimization Step DEBUG Table for config CDN_DP_region_0_5_c7
##>
##>                          Step                        Area   (  % Chg)         WNS (Change)          TNS (Change)                Power   (  % Chg)        Runtime (s)        Comment                   
##>+-----------------------------------------------------------------------------------------------------------------------------------------------------------------------------------------------------+
##>EquationExtraction              START              692629289 (       )     4285.60 (        )          0 (        )                    0 (       )              
##> rewrite                        START             1339464906 ( +93.39)    -11727.50 (-16013.10)    1189601 ( 1189601)                    0 (  +0.00)              (a,ar) Expr9_from --> Expr9_to
##>                                  END             2427064616 ( +81.20)    -11727.50 (   +0.00)    1189601 (       0)                    0 (  +0.00)           0  
##>                                  END              692629289 (  +0.00)     4285.60 (   +0.00)          0 (       0)                    0 (  +0.00)           0  
##>createMaxCarrySave              START              692629289 (  +0.00)     4285.60 (   +0.00)          0 (       0)                    0 (  +0.00)              
##> datapath_rewrite_one_def       START              692629289 (  +0.00)     4285.60 (   +0.00)          0 (       0)                    0 (  +0.00)              
##>                                  END              692629289 (  +0.00)     4285.60 (   +0.00)          0 (       0)                    0 (  +0.00)           0  
##> csa_opto                       START              692629289 (  +0.00)     4285.60 (   +0.00)          0 (       0)                    0 (  +0.00)              
##>                                  END              646835617 (  -6.61)     4285.60 (   +0.00)          0 (       0)                    0 (  +0.00)           0  
##>                                  END              646835617 (  -6.61)     4285.60 (   +0.00)          0 (       0)                    0 (  +0.00)           0  
##>canonicalize_by_names           START              646835617 (  +0.00)     4285.60 (   +0.00)          0 (       0)                    0 (  +0.00)              
##>                                  END              646835617 (  +0.00)     4285.60 (   +0.00)          0 (       0)                    0 (  +0.00)           0  
##>datapath_rewrite_post_csa_one_  START              646835617 (  +0.00)     4285.60 (   +0.00)          0 (       0)                    0 (  +0.00)              
##>                                  END              646835617 (  +0.00)     4285.60 (   +0.00)          0 (       0)                    0 (  +0.00)           0  
##>datapath_csa_factoring_one_gde  START              646835617 (  +0.00)     4285.60 (   +0.00)          0 (       0)                    0 (  +0.00)              
##>                                  END              646835617 (  +0.00)     4285.60 (   +0.00)          0 (       0)                    0 (  +0.00)           0  
##>dpopt_share_one_def             START              646835617 (  +0.00)     4285.60 (   +0.00)          0 (       0)                    0 (  +0.00)              
##>                                  END              646835617 (  +0.00)     4285.60 (   +0.00)          0 (       0)                    0 (  +0.00)           0  
##>datapath_rewrite_post_share     START              646835617 (  +0.00)     4285.60 (   +0.00)          0 (       0)                    0 (  +0.00)              
##>                                  END              646835617 (  +0.00)     4285.60 (   +0.00)          0 (       0)                    0 (  +0.00)           0  
##>dp_combine_const_mult_with_com  START              646835617 (  +0.00)     4285.60 (   +0.00)          0 (       0)                    0 (  +0.00)              
##>                                  END              646835617 (  +0.00)     4285.60 (   +0.00)          0 (       0)                    0 (  +0.00)           0  
##>dp_operator_level_decompositio  START              646835617 (  +0.00)     4285.60 (   +0.00)          0 (       0)                    0 (  +0.00)              
##>                                  END              646835617 (  +0.00)     4285.60 (   +0.00)          0 (       0)                    0 (  +0.00)           0  
##>selective_flatten_dp_config     START              646835617 (  +0.00)     4285.60 (   +0.00)          0 (       0)                    0 (  +0.00)              
##>                                  END              646835617 (  +0.00)     4285.60 (   +0.00)          0 (       0)                    0 (  +0.00)           0  
##>createMaxCarrySave              START              646835617 (  +0.00)     4285.60 (   +0.00)          0 (       0)                    0 (  +0.00)              
##> datapath_rewrite_one_def       START              646835617 (  +0.00)     4285.60 (   +0.00)          0 (       0)                    0 (  +0.00)              
##>  fast_cse_elim                 START              646835617 (  +0.00)     4285.60 (   +0.00)          0 (       0)                    0 (  +0.00)              
##>                                  END              646835617 (  +0.00)     4285.60 (   +0.00)          0 (       0)                    0 (  +0.00)           0  
##>  fast_cse_elim                 START              646835617 (  +0.00)     4285.60 (   +0.00)          0 (       0)                    0 (  +0.00)              
##>                                  END              646835617 (  +0.00)     4285.60 (   +0.00)          0 (       0)                    0 (  +0.00)           0  
##>                                  END              646835617 (  +0.00)     4285.60 (   +0.00)          0 (       0)                    0 (  +0.00)           0  
##> csa_opto                       START              646835617 (  +0.00)     4285.60 (   +0.00)          0 (       0)                    0 (  +0.00)              
##>                                  END              646835617 (  +0.00)     4285.60 (   +0.00)          0 (       0)                    0 (  +0.00)           0  
##>                                  END              646835617 (  +0.00)     4285.60 (   +0.00)          0 (       0)                    0 (  +0.00)           0  
##>context_based_simplify          START              623938781 (  -3.54)     4285.60 (   +0.00)          0 (       0)                    0 (  +0.00)              
##>                                  END              498006183 ( -20.18)     4285.60 (   +0.00)          0 (       0)                    0 (  +0.00)           0  
##>group_csa_final_adder_dp        START              498006183 (  +0.00)     4285.60 (   +0.00)          0 (       0)                    0 (  +0.00)              
##>                                  END              498006183 (  +0.00)     4285.60 (   +0.00)          0 (       0)                    0 (  +0.00)           0  
##>dpopt_flatten_critical_muxes_i  START              498006183 (  +0.00)     4285.60 (   +0.00)          0 (       0)                    0 (  +0.00)              
##>                                  END              498006183 (  +0.00)     4285.60 (   +0.00)          0 (       0)                    0 (  +0.00)           0  
##>create_score                    START              498006183 (  +0.00)     4285.60 (   +0.00)          0 (       0)                    0 (  +0.00)              
##>                                  END              498006183 (  +0.00)     4285.60 (   +0.00)          0 (       0)                    0 (  +0.00)           0  
##>+-----------------------------------------------------------------------------------------------------------------------------------------------------------------------------------------------------+
Committed config: CDN_DP_region_0_5_c7
Info    : Done implementing datapath configurations. [DPOPT-4]
        : Selected 'very_fast' configuration 7 for module 'CDN_DP_region_0_5_c7'.
          Optimizations applied to 'very_fast' configuration:
            rewriting(0), factoring(0), sharing(0), cmultcse(0), downsizing(0), speculation(0)
Info    : Implementing datapath configurations. [DPOPT-3]
        : Implementing datapath configurations for 'CDN_DP_region_0_1'
CSAGen Prep Share:0 Re-Write:0 Speculation: 0
CDN_DP_region_0_1 level = 0 loads = 0 drivers = 0
CDN_DP_region_0_1_c0 in cnn_top: area: 211795733 ,dp = 1 mux = 1  ctl_case = 0  decode = 0  other = 2  sg = slow         worst_clk_period: -1.0000 
    wns: 36587  norm_wns:  -1.0000 
    fail_endp: -1 
    tns:  62582  tns_per_endp:  -1.0000   norm_tns_per_endp:  -1.0000 
    tns_sense_max:  -1.0000  tns_sense_avg:  -1.0000   tns_sense_num: -1
 skipped
CDN_DP_region_0_1_c1 in cnn_top: area: 183174688 ,dp = 1 mux = 1  ctl_case = 0  decode = 0  other = 2  sg = fast         worst_clk_period: -1.0000 
    wns: 36587  norm_wns:  -1.0000 
    fail_endp: -1 
    tns:  62582  tns_per_endp:  -1.0000   norm_tns_per_endp:  -1.0000 
    tns_sense_max:  -1.0000  tns_sense_avg:  -1.0000   tns_sense_num: -1
 is current best
CDN_DP_region_0_1_c2 in cnn_top: area: 183174688 ,dp = 1 mux = 1  ctl_case = 0  decode = 0  other = 2  sg = very_slow    worst_clk_period: -1.0000 
    wns: 36587  norm_wns:  -1.0000 
    fail_endp: -1 
    tns:  62582  tns_per_endp:  -1.0000   norm_tns_per_endp:  -1.0000 
    tns_sense_max:  -1.0000  tns_sense_avg:  -1.0000   tns_sense_num: -1
 is current best
CDN_DP_region_0_1_c3 in cnn_top: area: 183174688 ,dp = 1 mux = 1  ctl_case = 0  decode = 0  other = 2  sg = very_fast    worst_clk_period: -1.0000 
    wns: 36587  norm_wns:  -1.0000 
    fail_endp: -1 
    tns:  62582  tns_per_endp:  -1.0000   norm_tns_per_endp:  -1.0000 
    tns_sense_max:  -1.0000  tns_sense_avg:  -1.0000   tns_sense_num: -1
 is current best
CDN_DP_region_0_1_c4 in cnn_top: area: 183174688 ,dp = 1 mux = 1  ctl_case = 0  decode = 0  other = 2  sg = very_fast    worst_clk_period: -1.0000 
    wns: 36587  norm_wns:  -1.0000 
    fail_endp: -1 
    tns:  62582  tns_per_endp:  -1.0000   norm_tns_per_endp:  -1.0000 
    tns_sense_max:  -1.0000  tns_sense_avg:  -1.0000   tns_sense_num: -1
 is current best
CDN_DP_region_0_1_c5 in cnn_top: area: 183174688 ,dp = 1 mux = 1  ctl_case = 0  decode = 0  other = 2  sg = very_fast    worst_clk_period: -1.0000 
    wns: 36587  norm_wns:  -1.0000 
    fail_endp: -1 
    tns:  62582  tns_per_endp:  -1.0000   norm_tns_per_endp:  -1.0000 
    tns_sense_max:  -1.0000  tns_sense_avg:  -1.0000   tns_sense_num: -1
 is current best
CDN_DP_region_0_1_c6 in cnn_top: area: 183174688 ,dp = 1 mux = 1  ctl_case = 0  decode = 0  other = 2  sg = very_fast    worst_clk_period: -1.0000 
    wns: 36587  norm_wns:  -1.0000 
    fail_endp: -1 
    tns:  62582  tns_per_endp:  -1.0000   norm_tns_per_endp:  -1.0000 
    tns_sense_max:  -1.0000  tns_sense_avg:  -1.0000   tns_sense_num: -1
 is current best
CDN_DP_region_0_1_c7 in cnn_top: area: 183174688 ,dp = 1 mux = 1  ctl_case = 0  decode = 0  other = 2  sg = very_fast    worst_clk_period: -1.0000 
    wns: 36587  norm_wns:  -1.0000 
    fail_endp: -1 
    tns:  62582  tns_per_endp:  -1.0000   norm_tns_per_endp:  -1.0000 
    tns_sense_max:  -1.0000  tns_sense_avg:  -1.0000   tns_sense_num: -1
 is current best
Best config: CDN_DP_region_0_1_c7 in cnn_top: area: 183174688 ,dp = 1 mux = 1  ctl_case = 0  decode = 0  other = 2  sg = very_fast    worst_clk_period: -1.0000 
    wns: 36587  norm_wns:  -1.0000 
    fail_endp: -1 
    tns:  62582  tns_per_endp:  -1.0000   norm_tns_per_endp:  -1.0000 
    tns_sense_max:  -1.0000  tns_sense_avg:  -1.0000   tns_sense_num: -1
  Smallest config area : 183174688.  Fastest config wns;  36587
##>+----------------------------------------------------------------------------------------------------------------------------------------------------------------+
##>Summary table of configs (Best config is CDN_DP_region_0_1_c7)
##>+----------------------------------------------------------------------------------------------------------------------------------------------------------------+
##>                     0                  1                  2                  3                  4                  5                  6                  7            
##>+----------------------------------------------------------------------------------------------------------------------------------------------------------------+
##>           Area        211795733          183174688          183174688          183174688          183174688          183174688          183174688          183174688  
##>            WNS         -3658.70           -3658.70           -3658.70           -3658.70           -3658.70           -3658.70           -3658.70           -3658.70  
##>            TNS            62582              62582              62582              62582              62582              62582              62582              62582  
##>    Num Rewrite                0                  0                  0                  0                  0                  0                  0                  0  
##>     Num Factor                0                  0                  0                  0                  0                  0                  0                  0  
##>      Num Share                0                  0                  0                  0                  0                  0                  0                  0  
##>   Num CmultCse                0                  0                  0                  0                  0                  0                  0                  0  
##>   Num Downsize                0                  0                  0                  0                  0                  0                  0                  0  
##>  Num Speculate                0                  0                  0                  0                  0                  0                  0                  0  
##>     Runtime(s)                0                  0                  0                  0                  0                  0                  0                  0  
+----------------------------------------------------------------------------------------------------------------------------------------------------------------+
##>
##>
##>+-----------------------------------------------------------------------------------------------------------------------------------------------------------------------------------------------------+
##>Optimization Step DEBUG Table for config CDN_DP_region_0_1_c7
##>
##>                          Step                        Area   (  % Chg)         WNS (Change)          TNS (Change)                Power   (  % Chg)        Runtime (s)        Comment                   
##>+-----------------------------------------------------------------------------------------------------------------------------------------------------------------------------------------------------+
##>EquationExtraction              START              211795733 (       )    -3658.70 (        )      62582 (        )                    0 (       )              
##> rewrite                        START              297658868 ( +40.54)    -5826.10 (-2167.40)     151440 (   88858)                    0 (  +0.00)              (a,ar) Expr10_from --> Expr10_to
##>                                  END              452212511 ( +51.92)    -5826.10 (   +0.00)     151440 (       0)                    0 (  +0.00)           0  
##>                                  END              211795733 (  +0.00)    -3658.70 (   +0.00)      62582 (       0)                    0 (  +0.00)           0  
##>createMaxCarrySave              START              211795733 (  +0.00)    -3658.70 (   +0.00)      62582 (       0)                    0 (  +0.00)              
##> datapath_rewrite_one_def       START              211795733 (  +0.00)    -3658.70 (   +0.00)      62582 (       0)                    0 (  +0.00)              
##>                                  END              211795733 (  +0.00)    -3658.70 (   +0.00)      62582 (       0)                    0 (  +0.00)           0  
##> csa_opto                       START              211795733 (  +0.00)    -3658.70 (   +0.00)      62582 (       0)                    0 (  +0.00)              
##>                                  END              217519942 (  +2.70)    -3658.70 (   +0.00)      62582 (       0)                    0 (  +0.00)           0  
##>                                  END              217519942 (  +2.70)    -3658.70 (   +0.00)      62582 (       0)                    0 (  +0.00)           0  
##>canonicalize_by_names           START              217519942 (  +0.00)    -3658.70 (   +0.00)      62582 (       0)                    0 (  +0.00)              
##>                                  END              217519942 (  +0.00)    -3658.70 (   +0.00)      62582 (       0)                    0 (  +0.00)           0  
##>datapath_rewrite_post_csa_one_  START              217519942 (  +0.00)    -3658.70 (   +0.00)      62582 (       0)                    0 (  +0.00)              
##>                                  END              217519942 (  +0.00)    -3658.70 (   +0.00)      62582 (       0)                    0 (  +0.00)           0  
##>datapath_csa_factoring_one_gde  START              217519942 (  +0.00)    -3658.70 (   +0.00)      62582 (       0)                    0 (  +0.00)              
##>                                  END              217519942 (  +0.00)    -3658.70 (   +0.00)      62582 (       0)                    0 (  +0.00)           0  
##>dpopt_share_one_def             START              217519942 (  +0.00)    -3658.70 (   +0.00)      62582 (       0)                    0 (  +0.00)              
##>                                  END              217519942 (  +0.00)    -3658.70 (   +0.00)      62582 (       0)                    0 (  +0.00)           0  
##>datapath_rewrite_post_share     START              217519942 (  +0.00)    -3658.70 (   +0.00)      62582 (       0)                    0 (  +0.00)              
##>                                  END              217519942 (  +0.00)    -3658.70 (   +0.00)      62582 (       0)                    0 (  +0.00)           0  
##>dp_combine_const_mult_with_com  START              217519942 (  +0.00)    -3658.70 (   +0.00)      62582 (       0)                    0 (  +0.00)              
##>                                  END              217519942 (  +0.00)    -3658.70 (   +0.00)      62582 (       0)                    0 (  +0.00)           0  
##>dp_operator_level_decompositio  START              217519942 (  +0.00)    -3658.70 (   +0.00)      62582 (       0)                    0 (  +0.00)              
##>                                  END              217519942 (  +0.00)    -3658.70 (   +0.00)      62582 (       0)                    0 (  +0.00)           0  
##>selective_flatten_dp_config     START              217519942 (  +0.00)    -3658.70 (   +0.00)      62582 (       0)                    0 (  +0.00)              
##>                                  END              217519942 (  +0.00)    -3658.70 (   +0.00)      62582 (       0)                    0 (  +0.00)           0  
##>createMaxCarrySave              START              217519942 (  +0.00)    -3658.70 (   +0.00)      62582 (       0)                    0 (  +0.00)              
##> datapath_rewrite_one_def       START              217519942 (  +0.00)    -3658.70 (   +0.00)      62582 (       0)                    0 (  +0.00)              
##>  fast_cse_elim                 START              217519942 (  +0.00)    -3658.70 (   +0.00)      62582 (       0)                    0 (  +0.00)              
##>                                  END              217519942 (  +0.00)    -3658.70 (   +0.00)      62582 (       0)                    0 (  +0.00)           0  
##>  fast_cse_elim                 START              217519942 (  +0.00)    -3658.70 (   +0.00)      62582 (       0)                    0 (  +0.00)              
##>                                  END              217519942 (  +0.00)    -3658.70 (   +0.00)      62582 (       0)                    0 (  +0.00)           0  
##>                                  END              217519942 (  +0.00)    -3658.70 (   +0.00)      62582 (       0)                    0 (  +0.00)           0  
##> csa_opto                       START              217519942 (  +0.00)    -3658.70 (   +0.00)      62582 (       0)                    0 (  +0.00)              
##>                                  END              217519942 (  +0.00)    -3658.70 (   +0.00)      62582 (       0)                    0 (  +0.00)           0  
##>                                  END              217519942 (  +0.00)    -3658.70 (   +0.00)      62582 (       0)                    0 (  +0.00)           0  
##>context_based_simplify          START              194623106 ( -10.53)    -3658.70 (   +0.00)      62582 (       0)                    0 (  +0.00)              
##>                                  END              183174688 (  -5.88)    -3658.70 (   +0.00)      62582 (       0)                    0 (  +0.00)           0  
##>group_csa_final_adder_dp        START              183174688 (  +0.00)    -3658.70 (   +0.00)      62582 (       0)                    0 (  +0.00)              
##>                                  END              183174688 (  +0.00)    -3658.70 (   +0.00)      62582 (       0)                    0 (  +0.00)           0  
##>dpopt_flatten_critical_muxes_i  START              183174688 (  +0.00)    -3658.70 (   +0.00)      62582 (       0)                    0 (  +0.00)              
##>                                  END              183174688 (  +0.00)    -3658.70 (   +0.00)      62582 (       0)                    0 (  +0.00)           0  
##>create_score                    START              183174688 (  +0.00)    -3658.70 (   +0.00)      62582 (       0)                    0 (  +0.00)              
##>                                  END              183174688 (  +0.00)    -3658.70 (   +0.00)      62582 (       0)                    0 (  +0.00)           0  
##>+-----------------------------------------------------------------------------------------------------------------------------------------------------------------------------------------------------+
Committed config: CDN_DP_region_0_1_c7
Info    : Done implementing datapath configurations. [DPOPT-4]
        : Selected 'very_fast' configuration 7 for module 'CDN_DP_region_0_1_c7'.
          Optimizations applied to 'very_fast' configuration:
            rewriting(0), factoring(0), sharing(0), cmultcse(0), downsizing(0), speculation(0)
Info    : Implementing datapath configurations. [DPOPT-3]
        : Implementing datapath configurations for 'CDN_DP_region_0_0'
CSAGen Prep Share:0 Re-Write:0 Speculation: 0
CDN_DP_region_0_0 level = 0 loads = 0 drivers = 0
CDN_DP_region_0_0_c0 in cnn_top: area: 211795733 ,dp = 1 mux = 1  ctl_case = 0  decode = 0  other = 2  sg = slow         worst_clk_period: -1.0000 
    wns: 54771  norm_wns:  -1.0000 
    fail_endp: -1 
    tns:  54771  tns_per_endp:  -1.0000   norm_tns_per_endp:  -1.0000 
    tns_sense_max:  -1.0000  tns_sense_avg:  -1.0000   tns_sense_num: -1
 skipped
CDN_DP_region_0_0_c1 in cnn_top: area: 183174688 ,dp = 1 mux = 1  ctl_case = 0  decode = 0  other = 2  sg = fast         worst_clk_period: -1.0000 
    wns: 54771  norm_wns:  -1.0000 
    fail_endp: -1 
    tns:  54771  tns_per_endp:  -1.0000   norm_tns_per_endp:  -1.0000 
    tns_sense_max:  -1.0000  tns_sense_avg:  -1.0000   tns_sense_num: -1
 is current best
CDN_DP_region_0_0_c2 in cnn_top: area: 183174688 ,dp = 1 mux = 1  ctl_case = 0  decode = 0  other = 2  sg = very_slow    worst_clk_period: -1.0000 
    wns: 54771  norm_wns:  -1.0000 
    fail_endp: -1 
    tns:  54771  tns_per_endp:  -1.0000   norm_tns_per_endp:  -1.0000 
    tns_sense_max:  -1.0000  tns_sense_avg:  -1.0000   tns_sense_num: -1
 is current best
CDN_DP_region_0_0_c3 in cnn_top: area: 183174688 ,dp = 1 mux = 1  ctl_case = 0  decode = 0  other = 2  sg = very_fast    worst_clk_period: -1.0000 
    wns: 54771  norm_wns:  -1.0000 
    fail_endp: -1 
    tns:  54771  tns_per_endp:  -1.0000   norm_tns_per_endp:  -1.0000 
    tns_sense_max:  -1.0000  tns_sense_avg:  -1.0000   tns_sense_num: -1
 is current best
CDN_DP_region_0_0_c4 in cnn_top: area: 183174688 ,dp = 1 mux = 1  ctl_case = 0  decode = 0  other = 2  sg = very_fast    worst_clk_period: -1.0000 
    wns: 54771  norm_wns:  -1.0000 
    fail_endp: -1 
    tns:  54771  tns_per_endp:  -1.0000   norm_tns_per_endp:  -1.0000 
    tns_sense_max:  -1.0000  tns_sense_avg:  -1.0000   tns_sense_num: -1
 is current best
CDN_DP_region_0_0_c5 in cnn_top: area: 183174688 ,dp = 1 mux = 1  ctl_case = 0  decode = 0  other = 2  sg = very_fast    worst_clk_period: -1.0000 
    wns: 54771  norm_wns:  -1.0000 
    fail_endp: -1 
    tns:  54771  tns_per_endp:  -1.0000   norm_tns_per_endp:  -1.0000 
    tns_sense_max:  -1.0000  tns_sense_avg:  -1.0000   tns_sense_num: -1
 is current best
CDN_DP_region_0_0_c6 in cnn_top: area: 183174688 ,dp = 1 mux = 1  ctl_case = 0  decode = 0  other = 2  sg = very_fast    worst_clk_period: -1.0000 
    wns: 54771  norm_wns:  -1.0000 
    fail_endp: -1 
    tns:  54771  tns_per_endp:  -1.0000   norm_tns_per_endp:  -1.0000 
    tns_sense_max:  -1.0000  tns_sense_avg:  -1.0000   tns_sense_num: -1
 is current best
CDN_DP_region_0_0_c7 in cnn_top: area: 183174688 ,dp = 1 mux = 1  ctl_case = 0  decode = 0  other = 2  sg = very_fast    worst_clk_period: -1.0000 
    wns: 54771  norm_wns:  -1.0000 
    fail_endp: -1 
    tns:  54771  tns_per_endp:  -1.0000   norm_tns_per_endp:  -1.0000 
    tns_sense_max:  -1.0000  tns_sense_avg:  -1.0000   tns_sense_num: -1
 is current best
Best config: CDN_DP_region_0_0_c7 in cnn_top: area: 183174688 ,dp = 1 mux = 1  ctl_case = 0  decode = 0  other = 2  sg = very_fast    worst_clk_period: -1.0000 
    wns: 54771  norm_wns:  -1.0000 
    fail_endp: -1 
    tns:  54771  tns_per_endp:  -1.0000   norm_tns_per_endp:  -1.0000 
    tns_sense_max:  -1.0000  tns_sense_avg:  -1.0000   tns_sense_num: -1
  Smallest config area : 183174688.  Fastest config wns;  54771
##>+----------------------------------------------------------------------------------------------------------------------------------------------------------------+
##>Summary table of configs (Best config is CDN_DP_region_0_0_c7)
##>+----------------------------------------------------------------------------------------------------------------------------------------------------------------+
##>                     0                  1                  2                  3                  4                  5                  6                  7            
##>+----------------------------------------------------------------------------------------------------------------------------------------------------------------+
##>           Area        211795733          183174688          183174688          183174688          183174688          183174688          183174688          183174688  
##>            WNS         -5477.10           -5477.10           -5477.10           -5477.10           -5477.10           -5477.10           -5477.10           -5477.10  
##>            TNS            54771              54771              54771              54771              54771              54771              54771              54771  
##>    Num Rewrite                0                  0                  0                  0                  0                  0                  0                  0  
##>     Num Factor                0                  0                  0                  0                  0                  0                  0                  0  
##>      Num Share                0                  0                  0                  0                  0                  0                  0                  0  
##>   Num CmultCse                0                  0                  0                  0                  0                  0                  0                  0  
##>   Num Downsize                0                  0                  0                  0                  0                  0                  0                  0  
##>  Num Speculate                0                  0                  0                  0                  0                  0                  0                  0  
##>     Runtime(s)                0                  0                  0                  0                  0                  0                  0                  0  
+----------------------------------------------------------------------------------------------------------------------------------------------------------------+
##>
##>
##>+-----------------------------------------------------------------------------------------------------------------------------------------------------------------------------------------------------+
##>Optimization Step DEBUG Table for config CDN_DP_region_0_0_c7
##>
##>                          Step                        Area   (  % Chg)         WNS (Change)          TNS (Change)                Power   (  % Chg)        Runtime (s)        Comment                   
##>+-----------------------------------------------------------------------------------------------------------------------------------------------------------------------------------------------------+
##>EquationExtraction              START              211795733 (       )    -5477.10 (        )      54771 (        )                    0 (       )              
##> rewrite                        START              297658868 ( +40.54)    -6076.30 ( -599.20)     141117 (   86346)                    0 (  +0.00)              (a,ar) Expr11_from --> Expr11_to
##>                                  END              452212511 ( +51.92)    -6076.30 (   +0.00)     141117 (       0)                    0 (  +0.00)           0  
##>                                  END              211795733 (  +0.00)    -5477.10 (   +0.00)      54771 (       0)                    0 (  +0.00)           0  
##>createMaxCarrySave              START              211795733 (  +0.00)    -5477.10 (   +0.00)      54771 (       0)                    0 (  +0.00)              
##> datapath_rewrite_one_def       START              211795733 (  +0.00)    -5477.10 (   +0.00)      54771 (       0)                    0 (  +0.00)              
##>                                  END              211795733 (  +0.00)    -5477.10 (   +0.00)      54771 (       0)                    0 (  +0.00)           0  
##> csa_opto                       START              211795733 (  +0.00)    -5477.10 (   +0.00)      54771 (       0)                    0 (  +0.00)              
##>                                  END              217519942 (  +2.70)    -5477.10 (   +0.00)      54771 (       0)                    0 (  +0.00)           0  
##>                                  END              217519942 (  +2.70)    -5477.10 (   +0.00)      54771 (       0)                    0 (  +0.00)           0  
##>canonicalize_by_names           START              217519942 (  +0.00)    -5477.10 (   +0.00)      54771 (       0)                    0 (  +0.00)              
##>                                  END              217519942 (  +0.00)    -5477.10 (   +0.00)      54771 (       0)                    0 (  +0.00)           0  
##>datapath_rewrite_post_csa_one_  START              217519942 (  +0.00)    -5477.10 (   +0.00)      54771 (       0)                    0 (  +0.00)              
##>                                  END              217519942 (  +0.00)    -5477.10 (   +0.00)      54771 (       0)                    0 (  +0.00)           0  
##>datapath_csa_factoring_one_gde  START              217519942 (  +0.00)    -5477.10 (   +0.00)      54771 (       0)                    0 (  +0.00)              
##>                                  END              217519942 (  +0.00)    -5477.10 (   +0.00)      54771 (       0)                    0 (  +0.00)           0  
##>dpopt_share_one_def             START              217519942 (  +0.00)    -5477.10 (   +0.00)      54771 (       0)                    0 (  +0.00)              
##>                                  END              217519942 (  +0.00)    -5477.10 (   +0.00)      54771 (       0)                    0 (  +0.00)           0  
##>datapath_rewrite_post_share     START              217519942 (  +0.00)    -5477.10 (   +0.00)      54771 (       0)                    0 (  +0.00)              
##>                                  END              217519942 (  +0.00)    -5477.10 (   +0.00)      54771 (       0)                    0 (  +0.00)           0  
##>dp_combine_const_mult_with_com  START              217519942 (  +0.00)    -5477.10 (   +0.00)      54771 (       0)                    0 (  +0.00)              
##>                                  END              217519942 (  +0.00)    -5477.10 (   +0.00)      54771 (       0)                    0 (  +0.00)           0  
##>dp_operator_level_decompositio  START              217519942 (  +0.00)    -5477.10 (   +0.00)      54771 (       0)                    0 (  +0.00)              
##>                                  END              217519942 (  +0.00)    -5477.10 (   +0.00)      54771 (       0)                    0 (  +0.00)           0  
##>selective_flatten_dp_config     START              217519942 (  +0.00)    -5477.10 (   +0.00)      54771 (       0)                    0 (  +0.00)              
##>                                  END              217519942 (  +0.00)    -5477.10 (   +0.00)      54771 (       0)                    0 (  +0.00)           0  
##>createMaxCarrySave              START              217519942 (  +0.00)    -5477.10 (   +0.00)      54771 (       0)                    0 (  +0.00)              
##> datapath_rewrite_one_def       START              217519942 (  +0.00)    -5477.10 (   +0.00)      54771 (       0)                    0 (  +0.00)              
##>  fast_cse_elim                 START              217519942 (  +0.00)    -5477.10 (   +0.00)      54771 (       0)                    0 (  +0.00)              
##>                                  END              217519942 (  +0.00)    -5477.10 (   +0.00)      54771 (       0)                    0 (  +0.00)           0  
##>  fast_cse_elim                 START              217519942 (  +0.00)    -5477.10 (   +0.00)      54771 (       0)                    0 (  +0.00)              
##>                                  END              217519942 (  +0.00)    -5477.10 (   +0.00)      54771 (       0)                    0 (  +0.00)           0  
##>                                  END              217519942 (  +0.00)    -5477.10 (   +0.00)      54771 (       0)                    0 (  +0.00)           0  
##> csa_opto                       START              217519942 (  +0.00)    -5477.10 (   +0.00)      54771 (       0)                    0 (  +0.00)              
##>                                  END              217519942 (  +0.00)    -5477.10 (   +0.00)      54771 (       0)                    0 (  +0.00)           0  
##>                                  END              217519942 (  +0.00)    -5477.10 (   +0.00)      54771 (       0)                    0 (  +0.00)           0  
##>context_based_simplify          START              194623106 ( -10.53)    -5477.10 (   +0.00)      54771 (       0)                    0 (  +0.00)              
##>                                  END              183174688 (  -5.88)    -5477.10 (   +0.00)      54771 (       0)                    0 (  +0.00)           0  
##>group_csa_final_adder_dp        START              183174688 (  +0.00)    -5477.10 (   +0.00)      54771 (       0)                    0 (  +0.00)              
##>                                  END              183174688 (  +0.00)    -5477.10 (   +0.00)      54771 (       0)                    0 (  +0.00)           0  
##>dpopt_flatten_critical_muxes_i  START              183174688 (  +0.00)    -5477.10 (   +0.00)      54771 (       0)                    0 (  +0.00)              
##>                                  END              183174688 (  +0.00)    -5477.10 (   +0.00)      54771 (       0)                    0 (  +0.00)           0  
##>create_score                    START              183174688 (  +0.00)    -5477.10 (   +0.00)      54771 (       0)                    0 (  +0.00)              
##>                                  END              183174688 (  +0.00)    -5477.10 (   +0.00)      54771 (       0)                    0 (  +0.00)           0  
##>+-----------------------------------------------------------------------------------------------------------------------------------------------------------------------------------------------------+
Committed config: CDN_DP_region_0_0_c7
Info    : Done implementing datapath configurations. [DPOPT-4]
        : Selected 'very_fast' configuration 7 for module 'CDN_DP_region_0_0_c7'.
          Optimizations applied to 'very_fast' configuration:
            rewriting(0), factoring(0), sharing(0), cmultcse(0), downsizing(0), speculation(0)
Info    : Implementing datapath configurations. [DPOPT-3]
        : Implementing datapath configurations for 'CDN_DP_region_0_4'
CSAGen Prep Share:0 Re-Write:0 Speculation: 0
CDN_DP_region_0_4 level = 0 loads = 0 drivers = 0
CDN_DP_region_0_4_c0 in cnn_top: area: 57242090 ,dp = 1 mux = 0  ctl_case = 0  decode = 0  sg = slow         worst_clk_period: -1.0000 
    wns: 49289  norm_wns:  -1.0000 
    fail_endp: -1 
    tns:  145355  tns_per_endp:  -1.0000   norm_tns_per_endp:  -1.0000 
    tns_sense_max:  -1.0000  tns_sense_avg:  -1.0000   tns_sense_num: -1
 skipped
CDN_DP_region_0_4_c1 in cnn_top: area: 40069463 ,dp = 1 mux = 0  ctl_case = 0  decode = 0  sg = fast         worst_clk_period: -1.0000 
    wns: 49289  norm_wns:  -1.0000 
    fail_endp: -1 
    tns:  145355  tns_per_endp:  -1.0000   norm_tns_per_endp:  -1.0000 
    tns_sense_max:  -1.0000  tns_sense_avg:  -1.0000   tns_sense_num: -1
 is current best
CDN_DP_region_0_4_c2 in cnn_top: area: 40069463 ,dp = 1 mux = 0  ctl_case = 0  decode = 0  sg = very_slow    worst_clk_period: -1.0000 
    wns: 49289  norm_wns:  -1.0000 
    fail_endp: -1 
    tns:  145355  tns_per_endp:  -1.0000   norm_tns_per_endp:  -1.0000 
    tns_sense_max:  -1.0000  tns_sense_avg:  -1.0000   tns_sense_num: -1
 is current best
CDN_DP_region_0_4_c3 in cnn_top: area: 40069463 ,dp = 1 mux = 0  ctl_case = 0  decode = 0  sg = very_fast    worst_clk_period: -1.0000 
    wns: 49289  norm_wns:  -1.0000 
    fail_endp: -1 
    tns:  145355  tns_per_endp:  -1.0000   norm_tns_per_endp:  -1.0000 
    tns_sense_max:  -1.0000  tns_sense_avg:  -1.0000   tns_sense_num: -1
 is current best
CDN_DP_region_0_4_c4 in cnn_top: area: 40069463 ,dp = 1 mux = 0  ctl_case = 0  decode = 0  sg = very_fast    worst_clk_period: -1.0000 
    wns: 49289  norm_wns:  -1.0000 
    fail_endp: -1 
    tns:  145355  tns_per_endp:  -1.0000   norm_tns_per_endp:  -1.0000 
    tns_sense_max:  -1.0000  tns_sense_avg:  -1.0000   tns_sense_num: -1
 is current best
CDN_DP_region_0_4_c5 in cnn_top: area: 40069463 ,dp = 1 mux = 0  ctl_case = 0  decode = 0  sg = very_fast    worst_clk_period: -1.0000 
    wns: 49289  norm_wns:  -1.0000 
    fail_endp: -1 
    tns:  145355  tns_per_endp:  -1.0000   norm_tns_per_endp:  -1.0000 
    tns_sense_max:  -1.0000  tns_sense_avg:  -1.0000   tns_sense_num: -1
 is current best
CDN_DP_region_0_4_c6 in cnn_top: area: 40069463 ,dp = 1 mux = 0  ctl_case = 0  decode = 0  sg = very_fast    worst_clk_period: -1.0000 
    wns: 49289  norm_wns:  -1.0000 
    fail_endp: -1 
    tns:  145355  tns_per_endp:  -1.0000   norm_tns_per_endp:  -1.0000 
    tns_sense_max:  -1.0000  tns_sense_avg:  -1.0000   tns_sense_num: -1
 is current best
CDN_DP_region_0_4_c7 in cnn_top: area: 40069463 ,dp = 1 mux = 0  ctl_case = 0  decode = 0  sg = very_fast    worst_clk_period: -1.0000 
    wns: 49289  norm_wns:  -1.0000 
    fail_endp: -1 
    tns:  145355  tns_per_endp:  -1.0000   norm_tns_per_endp:  -1.0000 
    tns_sense_max:  -1.0000  tns_sense_avg:  -1.0000   tns_sense_num: -1
 is current best
Best config: CDN_DP_region_0_4_c7 in cnn_top: area: 40069463 ,dp = 1 mux = 0  ctl_case = 0  decode = 0  sg = very_fast    worst_clk_period: -1.0000 
    wns: 49289  norm_wns:  -1.0000 
    fail_endp: -1 
    tns:  145355  tns_per_endp:  -1.0000   norm_tns_per_endp:  -1.0000 
    tns_sense_max:  -1.0000  tns_sense_avg:  -1.0000   tns_sense_num: -1
  Smallest config area : 40069463.  Fastest config wns;  49289
##>+----------------------------------------------------------------------------------------------------------------------------------------------------------------+
##>Summary table of configs (Best config is CDN_DP_region_0_4_c7)
##>+----------------------------------------------------------------------------------------------------------------------------------------------------------------+
##>                     0                  1                  2                  3                  4                  5                  6                  7            
##>+----------------------------------------------------------------------------------------------------------------------------------------------------------------+
##>           Area         57242090           40069463           40069463           40069463           40069463           40069463           40069463           40069463  
##>            WNS         -4928.90           -4928.90           -4928.90           -4928.90           -4928.90           -4928.90           -4928.90           -4928.90  
##>            TNS           145355             145355             145355             145355             145355             145355             145355             145355  
##>    Num Rewrite                0                  0                  0                  0                  0                  0                  0                  0  
##>     Num Factor                0                  0                  0                  0                  0                  0                  0                  0  
##>      Num Share                0                  0                  0                  0                  0                  0                  0                  0  
##>   Num CmultCse                0                  0                  0                  0                  0                  0                  0                  0  
##>   Num Downsize                0                  0                  0                  0                  0                  0                  0                  0  
##>  Num Speculate                0                  0                  0                  0                  0                  0                  0                  0  
##>     Runtime(s)                0                  0                  0                  0                  0                  0                  0                  0  
+----------------------------------------------------------------------------------------------------------------------------------------------------------------+
##>
##>
##>+-----------------------------------------------------------------------------------------------------------------------------------------------------------------------------------------------------+
##>Optimization Step DEBUG Table for config CDN_DP_region_0_4_c7
##>
##>                          Step                        Area   (  % Chg)         WNS (Change)          TNS (Change)                Power   (  % Chg)        Runtime (s)        Comment                   
##>+-----------------------------------------------------------------------------------------------------------------------------------------------------------------------------------------------------+
##>EquationExtraction              START               57242090 (       )    -4928.90 (        )     145355 (        )                    0 (       )              
##> rewrite                        START              108759971 ( +90.00)    -4928.90 (   +0.00)     147867 (    2512)                    0 (  +0.00)              (a,ar) Expr12_from --> Expr12_to
##>                                  END              223244151 (+105.26)    -4928.90 (   +0.00)     147867 (       0)                    0 (  +0.00)           0  
##>                                  END               57242090 (  +0.00)    -4928.90 (   +0.00)     145355 (       0)                    0 (  +0.00)           0  
##>createMaxCarrySave              START               57242090 (  +0.00)    -4928.90 (   +0.00)     145355 (       0)                    0 (  +0.00)              
##> datapath_rewrite_one_def       START               57242090 (  +0.00)    -4928.90 (   +0.00)     145355 (       0)                    0 (  +0.00)              
##>                                  END               57242090 (  +0.00)    -4928.90 (   +0.00)     145355 (       0)                    0 (  +0.00)           0  
##> csa_opto                       START               57242090 (  +0.00)    -4928.90 (   +0.00)     145355 (       0)                    0 (  +0.00)              
##>                                  END               68690508 ( +20.00)    -4928.90 (   +0.00)     145355 (       0)                    0 (  +0.00)           0  
##>                                  END               68690508 ( +20.00)    -4928.90 (   +0.00)     145355 (       0)                    0 (  +0.00)           0  
##>canonicalize_by_names           START               68690508 (  +0.00)    -4928.90 (   +0.00)     145355 (       0)                    0 (  +0.00)              
##>                                  END               68690508 (  +0.00)    -4928.90 (   +0.00)     145355 (       0)                    0 (  +0.00)           0  
##>datapath_rewrite_post_csa_one_  START               68690508 (  +0.00)    -4928.90 (   +0.00)     145355 (       0)                    0 (  +0.00)              
##>                                  END               68690508 (  +0.00)    -4928.90 (   +0.00)     145355 (       0)                    0 (  +0.00)           0  
##>datapath_csa_factoring_one_gde  START               68690508 (  +0.00)    -4928.90 (   +0.00)     145355 (       0)                    0 (  +0.00)              
##>                                  END               68690508 (  +0.00)    -4928.90 (   +0.00)     145355 (       0)                    0 (  +0.00)           0  
##>dpopt_share_one_def             START               68690508 (  +0.00)    -4928.90 (   +0.00)     145355 (       0)                    0 (  +0.00)              
##>                                  END               68690508 (  +0.00)    -4928.90 (   +0.00)     145355 (       0)                    0 (  +0.00)           0  
##>datapath_rewrite_post_share     START               68690508 (  +0.00)    -4928.90 (   +0.00)     145355 (       0)                    0 (  +0.00)              
##>                                  END               68690508 (  +0.00)    -4928.90 (   +0.00)     145355 (       0)                    0 (  +0.00)           0  
##>dp_combine_const_mult_with_com  START               68690508 (  +0.00)    -4928.90 (   +0.00)     145355 (       0)                    0 (  +0.00)              
##>                                  END               68690508 (  +0.00)    -4928.90 (   +0.00)     145355 (       0)                    0 (  +0.00)           0  
##>dp_operator_level_decompositio  START               68690508 (  +0.00)    -4928.90 (   +0.00)     145355 (       0)                    0 (  +0.00)              
##>                                  END               68690508 (  +0.00)    -4928.90 (   +0.00)     145355 (       0)                    0 (  +0.00)           0  
##>selective_flatten_dp_config     START               68690508 (  +0.00)    -4928.90 (   +0.00)     145355 (       0)                    0 (  +0.00)              
##>                                  END               68690508 (  +0.00)    -4928.90 (   +0.00)     145355 (       0)                    0 (  +0.00)           0  
##>createMaxCarrySave              START               68690508 (  +0.00)    -4928.90 (   +0.00)     145355 (       0)                    0 (  +0.00)              
##> datapath_rewrite_one_def       START               68690508 (  +0.00)    -4928.90 (   +0.00)     145355 (       0)                    0 (  +0.00)              
##>  fast_cse_elim                 START               68690508 (  +0.00)    -4928.90 (   +0.00)     145355 (       0)                    0 (  +0.00)              
##>                                  END               68690508 (  +0.00)    -4928.90 (   +0.00)     145355 (       0)                    0 (  +0.00)           0  
##>  fast_cse_elim                 START               68690508 (  +0.00)    -4928.90 (   +0.00)     145355 (       0)                    0 (  +0.00)              
##>                                  END               68690508 (  +0.00)    -4928.90 (   +0.00)     145355 (       0)                    0 (  +0.00)           0  
##>                                  END               68690508 (  +0.00)    -4928.90 (   +0.00)     145355 (       0)                    0 (  +0.00)           0  
##> csa_opto                       START               68690508 (  +0.00)    -4928.90 (   +0.00)     145355 (       0)                    0 (  +0.00)              
##>                                  END               68690508 (  +0.00)    -4928.90 (   +0.00)     145355 (       0)                    0 (  +0.00)           0  
##>                                  END               68690508 (  +0.00)    -4928.90 (   +0.00)     145355 (       0)                    0 (  +0.00)           0  
##>context_based_simplify          START               45793672 ( -33.33)    -4928.90 (   +0.00)     145355 (       0)                    0 (  +0.00)              
##>                                  END               40069463 ( -12.50)    -4928.90 (   +0.00)     145355 (       0)                    0 (  +0.00)           0  
##>group_csa_final_adder_dp        START               40069463 (  +0.00)    -4928.90 (   +0.00)     145355 (       0)                    0 (  +0.00)              
##>                                  END               40069463 (  +0.00)    -4928.90 (   +0.00)     145355 (       0)                    0 (  +0.00)           0  
##>dpopt_flatten_critical_muxes_i  START               40069463 (  +0.00)    -4928.90 (   +0.00)     145355 (       0)                    0 (  +0.00)              
##>                                  END               40069463 (  +0.00)    -4928.90 (   +0.00)     145355 (       0)                    0 (  +0.00)           0  
##>create_score                    START               40069463 (  +0.00)    -4928.90 (   +0.00)     145355 (       0)                    0 (  +0.00)              
##>                                  END               40069463 (  +0.00)    -4928.90 (   +0.00)     145355 (       0)                    0 (  +0.00)           0  
##>+-----------------------------------------------------------------------------------------------------------------------------------------------------------------------------------------------------+
Committed config: CDN_DP_region_0_4_c7
Info    : Done implementing datapath configurations. [DPOPT-4]
        : Selected 'very_fast' configuration 7 for module 'CDN_DP_region_0_4_c7'.
          Optimizations applied to 'very_fast' configuration:
            rewriting(0), factoring(0), sharing(0), cmultcse(0), downsizing(0), speculation(0)
Info:  Ungrouped 0 dp-cluster instances.  0 cluster instances were left intact, to aid verification.
Info    : Done optimizing datapath logic. [DPOPT-2]
        : Done optimizing datapath logic in 'cnn_top'.
Number of big hc bmuxes after = 0
Starting bit-level redundancy removal [v1.0] (stage: post_rtlopt, startdef: cnn_top, recur: true)
Completed bit-level redundancy removal (accepts: 0, rejects: 0, runtime: 0.090s)
Starting logic reduction [v1.0] (stage: post_rtlopt, startdef: cnn_top, recur: true)
Completed logic reduction (accepts: 0, rejects: 0, runtime: 0.000s)
Starting mux data reorder optimization [v1.0] (stage: post_rtlopt, startdef: cnn_top, recur: true)
Completed mux data reorder optimization (accepts: 0, rejects: 0, runtime: 0.000s)
Starting timing based select reordering [v1.0] (stage: post_rtlopt, startdef: cnn_top, recur: true)
Completed timing based select reordering (accepts: 0, rejects: 0, runtime: 0.073s)

Stage: post_rtlopt
----------------------------------------------------------------
| Transform                  | Accepts | Rejects | Runtime (s) | 
----------------------------------------------------------------
| hlo_redundancy_removal_bit |       0 |       0 |        0.09 | 
| hlo_logic_reduction        |       0 |       0 |        0.00 | 
| hlo_mux_reorder            |       0 |       0 |        0.00 | 
| hlo_timing_reorder         |       0 |       0 |        0.07 | 
----------------------------------------------------------------
Running post blast mux optimization. Please follow up with Cadence support if runtime issues are seen with this optimization.
Running post blast mux optimization. Please follow up with Cadence support if runtime issues are seen with this optimization.
Running post blast mux optimization. Please follow up with Cadence support if runtime issues are seen with this optimization.
Running post blast mux optimization. Please follow up with Cadence support if runtime issues are seen with this optimization.
Running post blast mux optimization. Please follow up with Cadence support if runtime issues are seen with this optimization.
Running post blast mux optimization. Please follow up with Cadence support if runtime issues are seen with this optimization.
Starting mux speculation [v1.0] (stage: post_muxopt, startdef: cnn_top, recur: true)
Starting speculation optimization
Completed speculation optimization (accepts:2)
Completed mux speculation (accepts: 0, rejects: 0, runtime: 0.075s)
Starting timing based select reordering [v1.0] (stage: post_muxopt, startdef: cnn_top, recur: true)
Completed timing based select reordering (accepts: 0, rejects: 0, runtime: 0.066s)

Stage: post_muxopt
--------------------------------------------------------
| Transform          | Accepts | Rejects | Runtime (s) | 
--------------------------------------------------------
| hlo_speculation    |       0 |       0 |        0.08 | 
| hlo_timing_reorder |       0 |       0 |        0.07 | 
--------------------------------------------------------
==================================
Stage : to_generic 
==================================
  =================
   Message Summary
  =================
----------------------------------------------------------------------------------------------------------------------------------------
|    Id    |  Sev  |Count|                                                Message Text                                                 |
----------------------------------------------------------------------------------------------------------------------------------------
|CDFG-250  |Info   |   22|Processing multi-dimensional arrays.                                                                         |
|CDFG-359  |Info   |   16|Building ChipWare component.                                                                                 |
|CDFG-372  |Info   |   15|Bitwidth mismatch in assignment.                                                                             |
|          |       |     |Review and make sure the mismatch is intentional. Genus can possibly issue bitwidth mismatch warning for     |
|          |       |     | explicit assignments present in RTL as-well-as for implicit assignments inferred by the tool. For example,  |
|          |       |     | in case of enum declaration without value, the tool will implicitly assign value to the enum variables. It  |
|          |       |     | also issues the warning for any bitwidth mismatch that appears in this implicit assignment.                 |
|CDFG-373  |Info   |   13|Sign mismatch in assignment.                                                                                 |
|CDFG-472  |Warning|    1|Unreachable statements for case item.                                                                        |
|CDFG-508  |Warning|    1|Removing unused register.                                                                                    |
|          |       |     |Genus removes the flip-flop or latch inferred for an unused signal or variable. To preserve the flip-flop or |
|          |       |     | latch, set the hdl_preserve_unused_registers attribute to true or use a pragma in the RTL.                  |
|CDFG-567  |Info   |   10|Instantiating Subdesign.                                                                                     |
|CDFG-738  |Info   |   27|Common subexpression eliminated.                                                                             |
|CDFG-739  |Info   |   27|Common subexpression kept.                                                                                   |
|CDFG-769  |Info   |    4|Identified sum-of-products logic to be optimized during syn_generic.                                         |
|CWD-19    |Info   | 1192|An implementation was inferred.                                                                              |
|DPOPT-1   |Info   |    1|Optimizing datapath logic.                                                                                   |
|DPOPT-2   |Info   |    1|Done optimizing datapath logic.                                                                              |
|DPOPT-3   |Info   |    6|Implementing datapath configurations.                                                                        |
|DPOPT-4   |Info   |    6|Done implementing datapath configurations.                                                                   |
|DPOPT-6   |Info   |    1|Pre-processed datapath logic.                                                                                |
|DPOPT-10  |Info   |   15|Optimized a mux chain.                                                                                       |
|DPOPT-54  |Info   |    2|User hierarchy not ungrouped.                                                                                |
|ELAB-1    |Info   |    1|Elaborating Design.                                                                                          |
|ELAB-2    |Info   |   10|Elaborating Subdesign.                                                                                       |
|ELAB-3    |Info   |    1|Done Elaborating Design.                                                                                     |
|GB-2      |Info   |    3|Generating Booth encoder for Product-Of-Sum form.                                                            |
|GB-6      |Info   |  186|A datapath component has been ungrouped.                                                                     |
|GLO-40    |Info   |   31|Combinational hierarchical blocks with identical inputs have been merged.                                    |
|          |       |     |This optimization usually reduces design area. To prevent merging of combinational hierarchical blocks, set  |
|          |       |     | the 'merge_combinational_hier_instances' root attribute to 'false' or the                                   |
|          |       |     | 'merge_combinational_hier_instance' instance attribute to 'false'.                                          |
|GLO-51    |Info   |   43|Hierarchical instance automatically ungrouped.                                                               |
|          |       |     |Hierarchical instances can be automatically ungrouped to allow for better area or timing optimization. To    |
|          |       |     | prevent this ungroup, set the root-level attribute 'auto_ungroup' to 'none'. You can also prevent individual|
|          |       |     | ungroup with setting the attribute 'ungroup_ok' of instances or modules to 'false'.                         |
|LBR-9     |Warning|   14|Library cell has no output pins defined.                                                                     |
|          |       |     |Add the missing output pin(s)                                                                                |
|          |       |     | , then reload the library. Else the library cell will be marked as timing model i.e. unusable. Timing_model |
|          |       |     | means that the cell does not have any defined function. If there is no output pin, Genus will mark library  |
|          |       |     | cell as unusable i.e. the attribute 'usable' will be marked to 'false' on the libcell. Therefore, the cell  |
|          |       |     | is not used for mapping and it will not be picked up from the library for synthesis. If you query the       |
|          |       |     | attribute 'unusable_reason' on the libcell; result will be: 'Library cell has no output pins.'Note: The     |
|          |       |     | message LBR-9 is only for the logical pins and not for the power_ground pins. Genus will depend upon the    |
|          |       |     | output function defined in the pin group (output pin)                                                       |
|          |       |     | of the cell, to use it for mapping. The pg_pin will not have any function defined.                          |
|LBR-12    |Warning|    1|Found libraries with and without pg_pin construct.                                                           |
|          |       |     |This can lead to issues later in the flow.                                                                   |
|LBR-40    |Info   |    8|An unsupported construct was detected in this library.                                                       |
|          |       |     |Check to see if this construct is really needed for synthesis. Many liberty constructs are not actually      |
|          |       |     | required.                                                                                                   |
|LBR-41    |Info   |    9|An output library pin lacks a function attribute.                                                            |
|          |       |     |If the remainder of this library cell's semantic checks are successful, it will be considered as a           |
|          |       |     | timing-model (because one of its outputs does not have a valid function.                                    |
|LBR-101   |Warning|    2|Unusable clock gating integrated cell found at the time of loading libraries. This warning happens because a |
|          |       |     | particular library cell is defined as 'clock_gating_integrated_cell', but 'dont_use' attribute is defined as|
|          |       |     | true in the liberty library. To make Genus use this cell for clock gating insertion, 'dont_use' attribute   |
|          |       |     | should be set to false.                                                                                     |
|          |       |     |To make the cell usable, change the value of 'dont_use' attribute to false.                                  |
|LBR-155   |Info   |    8|Mismatch in unateness between 'timing_sense' attribute and the function.                                     |
|          |       |     |The 'timing_sense' attribute will be respected.                                                              |
|LBR-162   |Info   |    8|Both 'pos_unate' and 'neg_unate' timing_sense arcs have been processed.                                      |
|          |       |     |Setting the 'timing_sense' to non_unate.                                                                     |
|LBR-412   |Info   |    2|Created nominal operating condition.                                                                         |
|          |       |     |The nominal operating condition is represented, either by the nominal PVT values specified in the library    |
|          |       |     | source (via nom_process,nom_voltage and nom_temperature respectively)                                       |
|          |       |     | , or by the default PVT values (1.0,1.0,1.0).                                                               |
|LBR-510   |Warning|    1|Unsupported attribute in the pin group.                                                                      |
|LBR-518   |Info   |    1|Missing a function attribute in the output pin definition.                                                   |
|PHYS-752  |Info   |    1|Partition Based Synthesis execution skipped.                                                                 |
|RTLOPT-22 |Info   |    3|Truncated carry-save logic.                                                                                  |
|RTLOPT-30 |Info   |    7|Accepted resource sharing opportunity.                                                                       |
|RTLOPT-40 |Info   |   15|Transformed datapath macro.                                                                                  |
|SYNTH-1   |Info   |    1|Synthesizing.                                                                                                |
|TIM-1000  |Info   |    1|Multimode clock gating check is disabled.                                                                    |
|VLOGPT-502|Warning|    1|Unrecognized Synthesis pragma_name found in HDL.                                                             |
|          |       |     |Synthesis pragmas are specially-formatted comments or attributes in the HDL that tell Genus how to synthesize|
|          |       |     | the HDL.                                                                                                    |
|VLOGPT-692|Warning|   13|Usage of non-static tasks or functions might result in simulation-synthesis mismatch.                        |
|          |       |     |Use the 'automatic' keyword for declaring functions and tasks.                                               |
----------------------------------------------------------------------------------------------------------------------------------------
Mapper: Libraries have:
	domain _default_: 58 combo usable cells and 8 sequential usable cells
Info    : Deleting instances not driving any primary outputs. [GLO-34]
        : Deleting 3 sequential instances.
        : Optimizations such as constant propagation or redundancy removal could change the connections so a hierarchical instance does not drive any primary outputs anymore. To see the list of deleted hierarchical instances, set the 'information_level' attribute to 2 or above. If the message is truncated set the message attribute 'truncate' to false to see the complete list. To prevent this optimization, set the 'delete_unloaded_insts' root/subdesign attribute to 'false' or 'preserve' instance attribute to 'true'.
Info    : Deleting instances not driving any primary outputs. [GLO-34]
        : Deleting 1 sequential instance.
Multi-threaded Virtual Mapping    (8 threads per ST process, 8 of 32 CPUs usable)
==================================
Stage : first_condense 
==================================
  =================
   Message Summary
  =================
----------------------------------------------------------------------------------------------------------------------------------------
|  Id  |Sev |Count|                                                    Message Text                                                    |
----------------------------------------------------------------------------------------------------------------------------------------
|GB-6  |Info|   52|A datapath component has been ungrouped.                                                                            |
|GLO-34|Info|    2|Deleting instances not driving any primary outputs.                                                                 |
|      |    |     |Optimizations such as constant propagation or redundancy removal could change the connections so a hierarchical     |
|      |    |     | instance does not drive any primary outputs anymore. To see the list of deleted hierarchical instances, set the    |
|      |    |     | 'information_level' attribute to 2 or above. If the message is truncated set the message attribute 'truncate' to   |
|      |    |     | false to see the complete list. To prevent this optimization, set the 'delete_unloaded_insts' root/subdesign       |
|      |    |     | attribute to 'false' or 'preserve' instance attribute to 'true'.                                                   |
|GLO-42|Info|    1|Equivalent sequential instances have been merged.                                                                   |
|      |    |     |To prevent merging of sequential instances, set the 'optimize_merge_flops' and 'optimize_merge_latches' root        |
|      |    |     | attributes to 'false' or the 'optimize_merge_seq' instance attribute to 'false'.                                   |
----------------------------------------------------------------------------------------------------------------------------------------
 
Global mapping target info
==========================
Cost Group 'clk' target slack: -57268 ps
Target path end-point (Pin: u_conv_engine_acc_reg_reg[20]/d)


State Retention Synthesis Status
================================

Category                        Flops   Percentage
--------------------------------------------------
Total instances                   134        100.0
Excluded from State Retention     134        100.0
    - Will not convert            134        100.0
      - Preserved                   0          0.0
      - Power intent excluded     134        100.0
    - Could not convert             0          0.0
      - Scan type                   0          0.0
      - No suitable cell            0          0.0
State Retention instances           0          0.0
--------------------------------------------------

PBS_Generic_Opt-Post - Elapsed_Time 58, CPU_Time 57.21492
stamp 'PBS_Generic_Opt-Post' being created for table 'pbs_debug'

  Total Time (Wall) |  Stage Time (Wall)  |   % (Wall)   |    Date - Time     |  Memory   | Stage
--------------------+---------------------+--------------+--------------------+-----------+----------------------
 00:00:08(00:00:09) |  00:00:00(00:00:00) |   0.0(  0.0) |   10:10:23 (May25) |  559.1 MB | PBS_Generic-Start
--------------------+---------------------+--------------+--------------------+-----------+----------------------
 00:01:08(00:01:09) |  00:01:00(00:01:00) | 100.0(100.0) |   10:11:23 (May25) |   1.22 GB | PBS_Generic_Opt-Post
--------------------+---------------------+--------------+--------------------+-----------+----------------------
Number of threads: 8 * 1   (id: pbs_debug, time_info v1.57)
Info: (*N*) indicates data that was populated from previously saved time_info database
Info: CPU time includes time of parent + longest thread
PBS_Generic-Postgen HBO Optimizations - Elapsed_Time 0, CPU_Time 1.0
stamp 'PBS_Generic-Postgen HBO Optimizations' being created for table 'pbs_debug'

  Total Time (Wall) |  Stage Time (Wall)  |   % (Wall)   |    Date - Time     |  Memory   | Stage
--------------------+---------------------+--------------+--------------------+-----------+----------------------
 00:00:08(00:00:09) |  00:00:00(00:00:00) |   0.0(  0.0) |   10:10:23 (May25) |  559.1 MB | PBS_Generic-Start
--------------------+---------------------+--------------+--------------------+-----------+----------------------
 00:01:08(00:01:09) |  00:01:00(00:01:00) |  98.4(100.0) |   10:11:23 (May25) |   1.22 GB | PBS_Generic_Opt-Post
--------------------+---------------------+--------------+--------------------+-----------+----------------------
 00:01:09(00:01:09) |  00:00:01(00:00:00) |   1.6(  0.0) |   10:11:23 (May25) |   1.22 GB | PBS_Generic-Postgen HBO Optimizations
--------------------+---------------------+--------------+--------------------+-----------+----------------------
Number of threads: 8 * 1   (id: pbs_debug, time_info v1.57)
Info: (*N*) indicates data that was populated from previously saved time_info database
Info: CPU time includes time of parent + longest thread
Starting post syn_generic ultra-effort Boolean optimization
Redundancy removal succeeded.
Done post syn_generic ultra-effort Boolean optimization (0.00 cpu seconds) (1.00 elapsed cpu seconds)
Info    : Done synthesizing. [SYNTH-2]
        : Done synthesizing 'cnn_top' to generic gates.
##>=================== Cadence Confidential (Generic-Logical) ===================
##>=================== Cadence Confidential (Generic-Logical) ===================
      flow.cputime  flow.realtime  timing.setup.tns  timing.setup.wns  snapshot
UM:*                                                                   syn_gen
@file(run_genus.tcl) 139: syn_map
#------------------------------------------------------------------------------------
# Root attributes for category: opt
#------------------------------------------------------------------------------------
# Feature                           | Attribute                | Value            
#------------------------------------------------------------------------------------
# Power optimization effort         | design_power_effort      | none (default)   
# Do not use qbar sequential pins   | dont_use_qbar_seq_pins   | false (default)  
#------------------------------------------------------------------------------------

##Generic Timing Info: typical gate delay 2489.7 ps   std_slew:   13.0 ps   std_load:  4.9 fF  for library domain _default_
Mapping ChipWare ICG instances in cnn_top
Found 0 unmapped ChipWare ICG instances
Mapped 0 of 0 ChipWare ICG instances
Info    : Mapping. [SYNTH-4]
        : Mapping 'cnn_top' using 'medium' effort.
Mapper: Libraries have:
	domain _default_: 58 combo usable cells and 8 sequential usable cells
PBS_TechMap-Start - Elapsed_Time 0, CPU_Time 0.0
stamp 'PBS_TechMap-Start' being created for table 'pbs_debug'

  Total Time (Wall) |  Stage Time (Wall)  |   % (Wall)   |    Date - Time     |  Memory   | Stage
--------------------+---------------------+--------------+--------------------+-----------+----------------------
 00:00:08(00:00:09) |  00:00:00(00:00:00) |   0.0(  0.0) |   10:10:23 (May25) |  559.1 MB | PBS_Generic-Start
--------------------+---------------------+--------------+--------------------+-----------+----------------------
 00:01:08(00:01:09) |  00:01:00(00:01:00) |  98.4( 98.4) |   10:11:23 (May25) |   1.22 GB | PBS_Generic_Opt-Post
--------------------+---------------------+--------------+--------------------+-----------+----------------------
 00:01:09(00:01:09) |  00:00:01(00:00:00) |   1.6(  0.0) |   10:11:23 (May25) |   1.22 GB | PBS_Generic-Postgen HBO Optimizations
--------------------+---------------------+--------------+--------------------+-----------+----------------------
 00:01:09(00:01:10) |  00:00:00(00:00:01) |   0.0(  1.6) |   10:11:24 (May25) |   1.22 GB | PBS_TechMap-Start
--------------------+---------------------+--------------+--------------------+-----------+----------------------
Number of threads: 8 * 1   (id: pbs_debug, time_info v1.57)
Info: (*N*) indicates data that was populated from previously saved time_info database
Info: CPU time includes time of parent + longest thread
PBS_TechMap-Premap HBO Optimizations - Elapsed_Time 0, CPU_Time 0.0
stamp 'PBS_TechMap-Premap HBO Optimizations' being created for table 'pbs_debug'

  Total Time (Wall) |  Stage Time (Wall)  |   % (Wall)   |    Date - Time     |  Memory   | Stage
--------------------+---------------------+--------------+--------------------+-----------+----------------------
 00:00:08(00:00:09) |  00:00:00(00:00:00) |   0.0(  0.0) |   10:10:23 (May25) |  559.1 MB | PBS_Generic-Start
--------------------+---------------------+--------------+--------------------+-----------+----------------------
 00:01:08(00:01:09) |  00:01:00(00:01:00) |  98.4( 98.4) |   10:11:23 (May25) |   1.22 GB | PBS_Generic_Opt-Post
--------------------+---------------------+--------------+--------------------+-----------+----------------------
 00:01:09(00:01:09) |  00:00:01(00:00:00) |   1.6(  0.0) |   10:11:23 (May25) |   1.22 GB | PBS_Generic-Postgen HBO Optimizations
--------------------+---------------------+--------------+--------------------+-----------+----------------------
 00:01:09(00:01:10) |  00:00:00(00:00:01) |   0.0(  1.6) |   10:11:24 (May25) |   1.22 GB | PBS_TechMap-Start
--------------------+---------------------+--------------+--------------------+-----------+----------------------
 00:01:09(00:01:10) |  00:00:00(00:00:00) |   0.0(  0.0) |   10:11:24 (May25) |   1.22 GB | PBS_TechMap-Premap HBO Optimizations
--------------------+---------------------+--------------+--------------------+-----------+----------------------
Number of threads: 8 * 1   (id: pbs_debug, time_info v1.57)
Info: (*N*) indicates data that was populated from previously saved time_info database
Info: CPU time includes time of parent + longest thread
Info    : Partition Based Synthesis execution skipped. [PHYS-752]
        : Design size is less than the partition size '100000' for distributed mapping optimization to kick in.
Mapper: Libraries have:
	domain _default_: 58 combo usable cells and 8 sequential usable cells
Multi-threaded Virtual Mapping    (8 threads per ST process, 8 of 32 CPUs usable)
==================================
Stage : first_condense 
==================================
  =================
   Message Summary
  =================
------------------------------------------------------------------
|   Id   |Sev |Count|                Message Text                |
------------------------------------------------------------------
|PHYS-752|Info|    1|Partition Based Synthesis execution skipped.|
|SYNTH-2 |Info|    1|Done synthesizing.                          |
|SYNTH-4 |Info|    1|Mapping.                                    |
------------------------------------------------------------------
 
Global mapping target info
==========================
Cost Group 'clk' target slack: -58329 ps
Target path end-point (Pin: u_conv_engine_acc_reg_reg[31]/d)

Multi-threaded Technology Mapping (8 threads per ST process, 8 of 32 CPUs usable)
 
Global mapping status
=====================
                                   Group   
                                  Tot Wrst 
                           Total  Weighted 
Operation                   Area   Slacks  
 global_map              1025168   -60438 
            Worst cost_group: clk, WNS: -60438.1
            Path: u_ag_tap_grp_reg[1]/CLK --> u_conv_engine_acc_reg_reg[20]/D

    Cost Group            Target    Slack    Diff.  Constr.
-----------------------------------------------------------
           clk            -58329   -60438      -3%    10000 

 
Global incremental target info
==============================
Cost Group 'clk' target slack: -60380 ps
Target path end-point (Pin: u_conv_engine_acc_reg_reg[20]/D (sg13g2_dfrbp_2/D))

==================================
Stage : global_incr_map 
==================================
  =================
   Message Summary
  =================
----------------------------------------------------------------
| Id |Sev |Count|                 Message Text                 |
----------------------------------------------------------------
|PA-7|Info|   48|Resetting power analysis results.             |
|    |    |     |All computed switching activities are removed.|
----------------------------------------------------------------
 
Global incremental optimization status
======================================
                                   Group   
                                  Tot Wrst 
                           Total  Weighted 
Operation                   Area   Slacks  
 global_incr             1050059   -60272 
            Worst cost_group: clk, WNS: -60272.2
            Path: u_ag_oc_reg[1]/CLK --> u_conv_engine_acc_reg_reg[20]/D

    Cost Group            Target    Slack    Diff.  Constr.
-----------------------------------------------------------
           clk            -60380   -60272      +0%    10000 


State Retention Synthesis Status
================================

Category                        Flops   Percentage
--------------------------------------------------
Total instances                   134        100.0
Excluded from State Retention     134        100.0
    - Will not convert            134        100.0
      - Preserved                   0          0.0
      - Power intent excluded     134        100.0
    - Could not convert             0          0.0
      - Scan type                   0          0.0
      - No suitable cell            0          0.0
State Retention instances           0          0.0
--------------------------------------------------

INFO: skipping constant propagation
PBS_Techmap-Global Mapping - Elapsed_Time 24, CPU_Time 24.798491999999996
stamp 'PBS_Techmap-Global Mapping' being created for table 'pbs_debug'

  Total Time (Wall) |  Stage Time (Wall)  |   % (Wall)   |    Date - Time     |  Memory   | Stage
--------------------+---------------------+--------------+--------------------+-----------+----------------------
 00:00:08(00:00:09) |  00:00:00(00:00:00) |   0.0(  0.0) |   10:10:23 (May25) |  559.1 MB | PBS_Generic-Start
--------------------+---------------------+--------------+--------------------+-----------+----------------------
 00:01:08(00:01:09) |  00:01:00(00:01:00) |  70.0( 70.6) |   10:11:23 (May25) |   1.22 GB | PBS_Generic_Opt-Post
--------------------+---------------------+--------------+--------------------+-----------+----------------------
 00:01:09(00:01:09) |  00:00:01(00:00:00) |   1.2(  0.0) |   10:11:23 (May25) |   1.22 GB | PBS_Generic-Postgen HBO Optimizations
--------------------+---------------------+--------------+--------------------+-----------+----------------------
 00:01:09(00:01:10) |  00:00:00(00:00:01) |   0.0(  1.2) |   10:11:24 (May25) |   1.22 GB | PBS_TechMap-Start
--------------------+---------------------+--------------+--------------------+-----------+----------------------
 00:01:09(00:01:10) |  00:00:00(00:00:00) |   0.0(  0.0) |   10:11:24 (May25) |   1.22 GB | PBS_TechMap-Premap HBO Optimizations
--------------------+---------------------+--------------+--------------------+-----------+----------------------
 00:01:34(00:01:34) |  00:00:24(00:00:24) |  28.8( 28.2) |   10:11:48 (May25) |   1.21 GB | PBS_Techmap-Global Mapping
--------------------+---------------------+--------------+--------------------+-----------+----------------------
Number of threads: 8 * 1   (id: pbs_debug, time_info v1.57)
Info: (*N*) indicates data that was populated from previously saved time_info database
Info: CPU time includes time of parent + longest thread
Info    : Wrote formal verification information. [CFM-5]
        : Wrote 'fv/cnn_top/fv_map.fv.json' for netlist 'fv/cnn_top/fv_map.v.gz'.
Info    : Existing dofile found. Copied as fv/cnn_top/rtl_to_fv_map.do~.
Info    : Wrote dofile. [CFM-1]
        : Dofile is 'fv/cnn_top/rtl_to_fv_map.do'.
        : RTL names flow is enabled.
PBS_TechMap-Datapath Postmap Operations - Elapsed_Time 1, CPU_Time 0.9808280000000025
stamp 'PBS_TechMap-Datapath Postmap Operations' being created for table 'pbs_debug'

  Total Time (Wall) |  Stage Time (Wall)  |   % (Wall)   |    Date - Time     |  Memory   | Stage
--------------------+---------------------+--------------+--------------------+-----------+----------------------
 00:00:08(00:00:09) |  00:00:00(00:00:00) |   0.0(  0.0) |   10:10:23 (May25) |  559.1 MB | PBS_Generic-Start
--------------------+---------------------+--------------+--------------------+-----------+----------------------
 00:01:08(00:01:09) |  00:01:00(00:01:00) |  69.2( 69.0) |   10:11:23 (May25) |   1.22 GB | PBS_Generic_Opt-Post
--------------------+---------------------+--------------+--------------------+-----------+----------------------
 00:01:09(00:01:09) |  00:00:01(00:00:00) |   1.1(  0.0) |   10:11:23 (May25) |   1.22 GB | PBS_Generic-Postgen HBO Optimizations
--------------------+---------------------+--------------+--------------------+-----------+----------------------
 00:01:09(00:01:10) |  00:00:00(00:00:01) |   0.0(  1.1) |   10:11:24 (May25) |   1.22 GB | PBS_TechMap-Start
--------------------+---------------------+--------------+--------------------+-----------+----------------------
 00:01:09(00:01:10) |  00:00:00(00:00:00) |   0.0(  0.0) |   10:11:24 (May25) |   1.22 GB | PBS_TechMap-Premap HBO Optimizations
--------------------+---------------------+--------------+--------------------+-----------+----------------------
 00:01:34(00:01:34) |  00:00:24(00:00:24) |  28.5( 27.6) |   10:11:48 (May25) |   1.21 GB | PBS_Techmap-Global Mapping
--------------------+---------------------+--------------+--------------------+-----------+----------------------
 00:01:34(00:01:36) |  00:00:00(00:00:02) |   1.1(  2.3) |   10:11:50 (May25) |   1.21 GB | PBS_TechMap-Datapath Postmap Operations
--------------------+---------------------+--------------+--------------------+-----------+----------------------
Number of threads: 8 * 1   (id: pbs_debug, time_info v1.57)
Info: (*N*) indicates data that was populated from previously saved time_info database
Info: CPU time includes time of parent + longest thread
PBS_TechMap-Postmap HBO Optimizations - Elapsed_Time 0, CPU_Time -0.020118999999994003
stamp 'PBS_TechMap-Postmap HBO Optimizations' being created for table 'pbs_debug'

  Total Time (Wall) |  Stage Time (Wall)  |   % (Wall)   |    Date - Time     |  Memory   | Stage
--------------------+---------------------+--------------+--------------------+-----------+----------------------
 00:00:08(00:00:09) |  00:00:00(00:00:00) |   0.0(  0.0) |   10:10:23 (May25) |  559.1 MB | PBS_Generic-Start
--------------------+---------------------+--------------+--------------------+-----------+----------------------
 00:01:08(00:01:09) |  00:01:00(00:01:00) |  69.2( 69.0) |   10:11:23 (May25) |   1.22 GB | PBS_Generic_Opt-Post
--------------------+---------------------+--------------+--------------------+-----------+----------------------
 00:01:09(00:01:09) |  00:00:01(00:00:00) |   1.1(  0.0) |   10:11:23 (May25) |   1.22 GB | PBS_Generic-Postgen HBO Optimizations
--------------------+---------------------+--------------+--------------------+-----------+----------------------
 00:01:09(00:01:10) |  00:00:00(00:00:01) |   0.0(  1.1) |   10:11:24 (May25) |   1.22 GB | PBS_TechMap-Start
--------------------+---------------------+--------------+--------------------+-----------+----------------------
 00:01:09(00:01:10) |  00:00:00(00:00:00) |   0.0(  0.0) |   10:11:24 (May25) |   1.22 GB | PBS_TechMap-Premap HBO Optimizations
--------------------+---------------------+--------------+--------------------+-----------+----------------------
 00:01:34(00:01:34) |  00:00:24(00:00:24) |  28.5( 27.6) |   10:11:48 (May25) |   1.21 GB | PBS_Techmap-Global Mapping
--------------------+---------------------+--------------+--------------------+-----------+----------------------
 00:01:34(00:01:36) |  00:00:00(00:00:02) |   1.1(  2.3) |   10:11:50 (May25) |   1.21 GB | PBS_TechMap-Datapath Postmap Operations
--------------------+---------------------+--------------+--------------------+-----------+----------------------
 00:01:34(00:01:36) |  00:00:00(00:00:00) |  -0.0(  0.0) |   10:11:50 (May25) |   1.21 GB | PBS_TechMap-Postmap HBO Optimizations
--------------------+---------------------+--------------+--------------------+-----------+----------------------
Number of threads: 8 * 1   (id: pbs_debug, time_info v1.57)
Info: (*N*) indicates data that was populated from previously saved time_info database
Info: CPU time includes time of parent + longest thread
 Doing ConstProp on design:cnn_top ... 

Time taken by ConstProp Step: 00:00:00
PBS_TechMap-Postmap Clock Gating - Elapsed_Time 0, CPU_Time 0.0
stamp 'PBS_TechMap-Postmap Clock Gating' being created for table 'pbs_debug'

  Total Time (Wall) |  Stage Time (Wall)  |   % (Wall)   |    Date - Time     |  Memory   | Stage
--------------------+---------------------+--------------+--------------------+-----------+----------------------
 00:00:08(00:00:09) |  00:00:00(00:00:00) |   0.0(  0.0) |   10:10:23 (May25) |  559.1 MB | PBS_Generic-Start
--------------------+---------------------+--------------+--------------------+-----------+----------------------
 00:01:08(00:01:09) |  00:01:00(00:01:00) |  69.2( 69.0) |   10:11:23 (May25) |   1.22 GB | PBS_Generic_Opt-Post
--------------------+---------------------+--------------+--------------------+-----------+----------------------
 00:01:09(00:01:09) |  00:00:01(00:00:00) |   1.1(  0.0) |   10:11:23 (May25) |   1.22 GB | PBS_Generic-Postgen HBO Optimizations
--------------------+---------------------+--------------+--------------------+-----------+----------------------
 00:01:09(00:01:10) |  00:00:00(00:00:01) |   0.0(  1.1) |   10:11:24 (May25) |   1.22 GB | PBS_TechMap-Start
--------------------+---------------------+--------------+--------------------+-----------+----------------------
 00:01:09(00:01:10) |  00:00:00(00:00:00) |   0.0(  0.0) |   10:11:24 (May25) |   1.22 GB | PBS_TechMap-Premap HBO Optimizations
--------------------+---------------------+--------------+--------------------+-----------+----------------------
 00:01:34(00:01:34) |  00:00:24(00:00:24) |  28.5( 27.6) |   10:11:48 (May25) |   1.21 GB | PBS_Techmap-Global Mapping
--------------------+---------------------+--------------+--------------------+-----------+----------------------
 00:01:34(00:01:36) |  00:00:00(00:00:02) |   1.1(  2.3) |   10:11:50 (May25) |   1.21 GB | PBS_TechMap-Datapath Postmap Operations
--------------------+---------------------+--------------+--------------------+-----------+----------------------
 00:01:34(00:01:36) |  00:00:00(00:00:00) |  -0.0(  0.0) |   10:11:50 (May25) |   1.21 GB | PBS_TechMap-Postmap HBO Optimizations
--------------------+---------------------+--------------+--------------------+-----------+----------------------
 00:01:34(00:01:36) |  00:00:00(00:00:00) |   0.0(  0.0) |   10:11:50 (May25) |   1.21 GB | PBS_TechMap-Postmap Clock Gating
--------------------+---------------------+--------------+--------------------+-----------+----------------------
Number of threads: 8 * 1   (id: pbs_debug, time_info v1.57)
Info: (*N*) indicates data that was populated from previously saved time_info database
Info: CPU time includes time of parent + longest thread
-------------------------------------------------------------------------------
 hi_fo_buf               1045206   -60272  -3752108     40792   407403       46
            Worst cost_group: clk, WNS: -60272.2
            Path: u_ag_oc_reg[1]/CLK --> u_conv_engine_acc_reg_reg[20]/D

           Trick     Calls     Accepts   Attempts    Time(secs) 
-----------------------------------------------------------
       hi_fo_buf         0  (        0 /        0 )  0.00

 
Incremental optimization status
===============================
                                   Group   
                                  Tot Wrst     Total - - - - DRC Totals - - - -
                           Total  Weighted      Neg      Max       Max     Max  
Operation                   Area   Slacks      Slack    Trans      Cap   Fanout 
 init_delay              1045206   -60272  -3752108     40792   407403       46
            Worst cost_group: clk, WNS: -60272.2
            Path: u_ag_oc_reg[1]/CLK --> u_conv_engine_acc_reg_reg[20]/D
 incr_delay              1050685   -56055  -3671172     51168   562851       94
            Worst cost_group: clk, WNS: -56055.4
            Path: u_ag_tap_grp_reg[0]/CLK --> u_conv_engine_acc_reg_reg[26]/D
 incr_delay              1051157   -55740  -3676974     52416   573270       98
            Worst cost_group: clk, WNS: -55740.6
            Path: u_ag_tap_grp_reg[0]/CLK --> u_conv_engine_acc_reg_reg[26]/D

           Trick     Calls     Accepts   Attempts    Time(secs) 
-----------------------------------------------------------
       crit_upsz       364  (       49 /       52 )  0.26
    plc_bal_star         0  (        0 /        0 )  0.00
     drc_buftimb         0  (        0 /        0 )  0.00
          plc_st       181  (        0 /        0 )  0.00
    plc_st_fence       181  (        0 /        0 )  0.00
        plc_star       181  (        0 /        0 )  0.00
      plc_laf_st       181  (        0 /        0 )  0.00
 plc_laf_st_fence       181  (        0 /        0 )  0.00
     drc_buftims         0  (        0 /        0 )  0.00
            fopt       730  (      196 /      198 )  1.22
   plc_laf_lo_st       181  (        0 /        0 )  0.00
       plc_lo_st       181  (        0 /        0 )  0.00
        mb_split       181  (        0 /        0 )  0.00

 
Local TNS optimization status
=============================
                                   Group   
                                  Tot Wrst     Total - - - - DRC Totals - - - -
                           Total  Weighted      Neg      Max       Max     Max  
Operation                   Area   Slacks      Slack    Trans      Cap   Fanout 
 init_tns                1051157   -55740  -3676974     52416   573270       98
            Worst cost_group: clk, WNS: -55740.6
            Path: u_ag_tap_grp_reg[0]/CLK --> u_conv_engine_acc_reg_reg[26]/D
 incr_tns                1051510   -55611  -3514577     64200   578689      100
            Worst cost_group: clk, WNS: -55611.8
            Path: u_ag_tap_grp_reg[0]/CLK --> u_conv_engine_acc_reg_reg[26]/D
 incr_tns                1051510   -55611  -3514577     64200   578689      100
            Worst cost_group: clk, WNS: -55611.8
            Path: u_ag_tap_grp_reg[0]/CLK --> u_conv_engine_acc_reg_reg[26]/D

           Trick     Calls     Accepts   Attempts    Time(secs) 
-----------------------------------------------------------
    plc_bal_star         0  (        0 /        0 )  0.00
     drc_buftimb         0  (        0 /        0 )  0.00
     drc_buftims         0  (        0 /        0 )  0.00
       crit_upsz      1711  (      315 /      433 )  0.66
   plc_laf_lo_st      1396  (        0 /        0 )  0.00
       plc_lo_st      1396  (        0 /        0 )  0.00
            fopt      1396  (        0 /        0 )  0.04
       crit_dnsz      1821  (      194 /      393 )  1.32
             dup      1202  (        7 /        9 )  0.19
        setup_dn      1195  (       13 /       17 )  0.10
        mb_split      1182  (        0 /        0 )  0.01

PBS_TechMap-Postmap Cleanup - Elapsed_Time 4, CPU_Time 4.976528999999985
stamp 'PBS_TechMap-Postmap Cleanup' being created for table 'pbs_debug'

  Total Time (Wall) |  Stage Time (Wall)  |   % (Wall)   |    Date - Time     |  Memory   | Stage
--------------------+---------------------+--------------+--------------------+-----------+----------------------
 00:00:08(00:00:09) |  00:00:00(00:00:00) |   0.0(  0.0) |   10:10:23 (May25) |  559.1 MB | PBS_Generic-Start
--------------------+---------------------+--------------+--------------------+-----------+----------------------
 00:01:08(00:01:09) |  00:01:00(00:01:00) |  65.5( 65.9) |   10:11:23 (May25) |   1.22 GB | PBS_Generic_Opt-Post
--------------------+---------------------+--------------+--------------------+-----------+----------------------
 00:01:09(00:01:09) |  00:00:01(00:00:00) |   1.1(  0.0) |   10:11:23 (May25) |   1.22 GB | PBS_Generic-Postgen HBO Optimizations
--------------------+---------------------+--------------+--------------------+-----------+----------------------
 00:01:09(00:01:10) |  00:00:00(00:00:01) |   0.0(  1.1) |   10:11:24 (May25) |   1.22 GB | PBS_TechMap-Start
--------------------+---------------------+--------------+--------------------+-----------+----------------------
 00:01:09(00:01:10) |  00:00:00(00:00:00) |   0.0(  0.0) |   10:11:24 (May25) |   1.22 GB | PBS_TechMap-Premap HBO Optimizations
--------------------+---------------------+--------------+--------------------+-----------+----------------------
 00:01:34(00:01:34) |  00:00:24(00:00:24) |  27.0( 26.4) |   10:11:48 (May25) |   1.21 GB | PBS_Techmap-Global Mapping
--------------------+---------------------+--------------+--------------------+-----------+----------------------
 00:01:34(00:01:36) |  00:00:00(00:00:02) |   1.1(  2.2) |   10:11:50 (May25) |   1.21 GB | PBS_TechMap-Datapath Postmap Operations
--------------------+---------------------+--------------+--------------------+-----------+----------------------
 00:01:34(00:01:36) |  00:00:00(00:00:00) |  -0.0(  0.0) |   10:11:50 (May25) |   1.21 GB | PBS_TechMap-Postmap HBO Optimizations
--------------------+---------------------+--------------+--------------------+-----------+----------------------
 00:01:34(00:01:36) |  00:00:00(00:00:00) |   0.0(  0.0) |   10:11:50 (May25) |   1.21 GB | PBS_TechMap-Postmap Clock Gating
--------------------+---------------------+--------------+--------------------+-----------+----------------------
 00:01:39(00:01:40) |  00:00:04(00:00:04) |   5.4(  4.4) |   10:11:54 (May25) |   1.21 GB | PBS_TechMap-Postmap Cleanup
--------------------+---------------------+--------------+--------------------+-----------+----------------------
Number of threads: 8 * 1   (id: pbs_debug, time_info v1.57)
Info: (*N*) indicates data that was populated from previously saved time_info database
Info: CPU time includes time of parent + longest thread
PBS_Techmap-Post_MBCI - Elapsed_Time 0, CPU_Time 0.0
stamp 'PBS_Techmap-Post_MBCI' being created for table 'pbs_debug'

  Total Time (Wall) |  Stage Time (Wall)  |   % (Wall)   |    Date - Time     |  Memory   | Stage
--------------------+---------------------+--------------+--------------------+-----------+----------------------
 00:00:08(00:00:09) |  00:00:00(00:00:00) |   0.0(  0.0) |   10:10:23 (May25) |  559.1 MB | PBS_Generic-Start
--------------------+---------------------+--------------+--------------------+-----------+----------------------
 00:01:08(00:01:09) |  00:01:00(00:01:00) |  65.5( 65.9) |   10:11:23 (May25) |   1.22 GB | PBS_Generic_Opt-Post
--------------------+---------------------+--------------+--------------------+-----------+----------------------
 00:01:09(00:01:09) |  00:00:01(00:00:00) |   1.1(  0.0) |   10:11:23 (May25) |   1.22 GB | PBS_Generic-Postgen HBO Optimizations
--------------------+---------------------+--------------+--------------------+-----------+----------------------
 00:01:09(00:01:10) |  00:00:00(00:00:01) |   0.0(  1.1) |   10:11:24 (May25) |   1.22 GB | PBS_TechMap-Start
--------------------+---------------------+--------------+--------------------+-----------+----------------------
 00:01:09(00:01:10) |  00:00:00(00:00:00) |   0.0(  0.0) |   10:11:24 (May25) |   1.22 GB | PBS_TechMap-Premap HBO Optimizations
--------------------+---------------------+--------------+--------------------+-----------+----------------------
 00:01:34(00:01:34) |  00:00:24(00:00:24) |  27.0( 26.4) |   10:11:48 (May25) |   1.21 GB | PBS_Techmap-Global Mapping
--------------------+---------------------+--------------+--------------------+-----------+----------------------
 00:01:34(00:01:36) |  00:00:00(00:00:02) |   1.1(  2.2) |   10:11:50 (May25) |   1.21 GB | PBS_TechMap-Datapath Postmap Operations
--------------------+---------------------+--------------+--------------------+-----------+----------------------
 00:01:34(00:01:36) |  00:00:00(00:00:00) |  -0.0(  0.0) |   10:11:50 (May25) |   1.21 GB | PBS_TechMap-Postmap HBO Optimizations
--------------------+---------------------+--------------+--------------------+-----------+----------------------
 00:01:34(00:01:36) |  00:00:00(00:00:00) |   0.0(  0.0) |   10:11:50 (May25) |   1.21 GB | PBS_TechMap-Postmap Clock Gating
--------------------+---------------------+--------------+--------------------+-----------+----------------------
 00:01:39(00:01:40) |  00:00:04(00:00:04) |   5.4(  4.4) |   10:11:54 (May25) |   1.21 GB | PBS_TechMap-Postmap Cleanup
--------------------+---------------------+--------------+--------------------+-----------+----------------------
 00:01:39(00:01:40) |  00:00:00(00:00:00) |   0.0(  0.0) |   10:11:54 (May25) |   1.21 GB | PBS_Techmap-Post_MBCI
--------------------+---------------------+--------------+--------------------+-----------+----------------------
Number of threads: 8 * 1   (id: pbs_debug, time_info v1.57)
Info: (*N*) indicates data that was populated from previously saved time_info database
Info: CPU time includes time of parent + longest thread
##>=================== Cadence Confidential (Mapping-Logical) ===================
##>Main Thread Summary:
##>----------------------------------------------------------------------------------------
##>STEP                           Elapsed       WNS       TNS     Insts      Area    Memory
##>----------------------------------------------------------------------------------------
##>M:Initial                            0         -         -      5272    649638      1215
##>M:Early Clock Gating                 0         -         -         -         -         -
##>M:Pre Cleanup                        0         -         -      5272    649638      1215
##>M:Setup                              0         -         -         -         -         -
##>M:Launch ST                          0         -         -         -         -         -
##>M:Design Partition                   0         -         -         -         -         -
##>M:Create Partition Netlists          0         -         -         -         -         -
##>M:Init Power                         0         -         -         -         -         -
##>M:Budgeting                          0         -         -         -         -         -
##>M:Derenv-DB                          0         -         -         -         -         -
##>M:Debug Outputs                      0         -         -         -         -         -
##>M:ST loading                         0         -         -         -         -         -
##>M:Distributed                        0         -         -         -         -         -
##>M:Timer                              0         -         -         -         -         -
##>M:Assembly                           0         -         -         -         -         -
##>M:DFT                                0         -         -         -         -         -
##>M:DP Operations                      1         -         -      5632    667205      1209
##>M:Const Prop                         0    -60272   3754981      5632    667205      1209
##>M:Cleanup                            4    -55611   3514577      5564    675687      1209
##>M:MBCI                               0         -         -      5564    675687      1209
##>M:PostGen Opt                        0         -         -         -         -         -
##>M:Const Gate Removal                 0         -         -         -         -         -
##>M:Early Clock Gating Cleanup         0         -         -         -         -         -
##>M:Misc                              25
##>----------------------------------------------------------------------------------------
##>Total Elapsed                       30
##>========================================================================================
Info    : Done mapping. [SYNTH-5]
        : Done mapping 'cnn_top'.
      flow.cputime  flow.realtime  timing.setup.tns  timing.setup.wns  snapshot
UM:*                                                                   syn_map
@file(run_genus.tcl) 140: syn_opt
Warning : The selected flow setting will be removed in a future release. [SYNTH-33]
        : The use of 'syn_opt' for logical only optimization will be obsolete in a future release.
	Transition to 'syn_opt -logical' or 'syn_opt -spatial'.

        : Contact Cadence support to understand current flows.
Info    : Incrementally optimizing. [SYNTH-7]
        : Incrementally optimizing 'cnn_top' using 'medium' effort.
 
Incremental optimization status
===============================
                                   Group   
                                  Tot Wrst     Total - - - - DRC Totals - - - -
                           Total  Weighted      Neg      Max       Max     Max  
Operation                   Area   Slacks      Slack    Trans      Cap   Fanout 
 init_iopt               1051510   -55611  -3514577     64200   578689      100
            Worst cost_group: clk, WNS: -55611.8
            Path: u_ag_tap_grp_reg[0]/CLK --> u_conv_engine_acc_reg_reg[26]/D
-------------------------------------------------------------------------------
 const_prop              1051510   -55611  -3514577     64200   578689      100
            Worst cost_group: clk, WNS: -55611.8
            Path: u_ag_tap_grp_reg[0]/CLK --> u_conv_engine_acc_reg_reg[26]/D
 simp_cc_inputs          1050119   -55611  -3510464     66470   577689      100
            Worst cost_group: clk, WNS: -55611.8
            Path: u_ag_tap_grp_reg[0]/CLK --> u_conv_engine_acc_reg_reg[26]/D
 
Incremental optimization status
===============================
                                   Group   
                                  Tot Wrst     Total - - - - DRC Totals - - - -
                           Total  Weighted      Neg      Max       Max     Max  
Operation                   Area   Slacks      Slack    Trans      Cap   Fanout 
 init_delay              1050119   -55611  -3510464     66470   577689      100
            Worst cost_group: clk, WNS: -55611.8
            Path: u_ag_tap_grp_reg[0]/CLK --> u_conv_engine_acc_reg_reg[26]/D
 incr_delay              1051532   -54482  -3507895    107810   604628      104
            Worst cost_group: clk, WNS: -54482.2
            Path: u_ag_tap_grp_reg[3]/CLK --> u_conv_engine_acc_reg_reg[26]/D
 incr_delay              1052029   -54250  -3503149    108454   609894      106
            Worst cost_group: clk, WNS: -54250.7
            Path: u_ag_tap_grp_reg[3]/CLK --> u_conv_engine_acc_reg_reg[26]/D
 incr_delay              1051505   -53840  -3493597    117486   629992      114
            Worst cost_group: clk, WNS: -53840.4
            Path: u_ag_tap_grp_reg[0]/CLK --> u_conv_engine_acc_reg_reg[26]/D
 incr_delay              1051341   -53771  -3491275    117502   628772      114
            Worst cost_group: clk, WNS: -53771.9
            Path: u_ag_tap_grp_reg[0]/CLK --> u_conv_engine_acc_reg_reg[26]/D
 incr_delay              1051614   -53722  -3490251    125742   632861      115
            Worst cost_group: clk, WNS: -53722.2
            Path: u_ag_tap_grp_reg[0]/CLK --> u_conv_engine_acc_reg_reg[26]/D
 incr_delay              1052350   -53549  -3485324    130601   660531      125
            Worst cost_group: clk, WNS: -53549.0
            Path: u_ag_tap_grp_reg[1]/CLK --> u_conv_engine_acc_reg_reg[26]/D
 incr_delay              1052215   -53515  -3484637    130483   659518      125
            Worst cost_group: clk, WNS: -53515.9
            Path: u_ag_tap_grp_reg[0]/CLK --> u_conv_engine_acc_reg_reg[26]/D

           Trick     Calls     Accepts   Attempts    Time(secs) 
-----------------------------------------------------------
       crit_upsz       721  (       41 /       45 )  0.27
    plc_bal_star         0  (        0 /        0 )  0.00
     drc_buftimb         0  (        0 /        0 )  0.00
          plc_st       459  (        0 /        0 )  0.00
    plc_st_fence       459  (        0 /        0 )  0.00
        plc_star       459  (        0 /        0 )  0.00
      plc_laf_st       459  (        0 /        0 )  0.00
 plc_laf_st_fence       459  (        0 /        0 )  0.00
     drc_buftims         0  (        0 /        0 )  0.00
   plc_laf_lo_st       459  (        0 /        0 )  0.00
       plc_lo_st       459  (        0 /        0 )  0.00
            fopt       459  (        0 /        0 )  0.01
       crit_dnsz      1445  (       86 /      131 )  1.45
             dup       669  (       19 /       21 )  0.29
            fopt       617  (       35 /       39 )  0.48
        setup_dn       483  (        6 /        6 )  0.05
         buf2inv       462  (        0 /        0 )  0.00
        mb_split       462  (        0 /        0 )  0.00
             exp       116  (        6 /       12 )  0.05
       gate_deco       314  (        4 /        6 )  0.90
       gcomp_tim      1893  (       72 /       87 )  2.63
  inv_pair_2_buf       485  (        0 /        0 )  0.00

 init_drc                1052215   -53515  -3484637    130483   659518      125
            Worst cost_group: clk, WNS: -53515.9
            Path: u_ag_tap_grp_reg[0]/CLK --> u_conv_engine_acc_reg_reg[26]/D
 incr_max_trans          1057285   -53493  -3483019     45398   648463      126
            Worst cost_group: clk, WNS: -53493.5
            Path: u_ctrl/done_reg/CLK --> u_conv_engine_acc_reg_reg[26]/D
 incr_max_trans          1057414   -53493  -3479036     40874   649570      127
            Worst cost_group: clk, WNS: -53493.5
            Path: u_ctrl/done_reg/CLK --> u_conv_engine_acc_reg_reg[26]/D
 incr_max_trans          1057492   -53493  -3479036     39964   649560      127
            Worst cost_group: clk, WNS: -53493.5
            Path: u_ctrl/done_reg/CLK --> u_conv_engine_acc_reg_reg[26]/D

           Trick     Calls     Accepts   Attempts    Time(secs) 
-----------------------------------------------------------
          plc_st       201  (        0 /        0 )  0.00
        plc_star       201  (        0 /        0 )  0.00
        drc_bufs       430  (       35 /       83 )  0.68
        drc_fopt       166  (        1 /        2 )  0.07
        drc_bufb       165  (        0 /        0 )  0.00
      simple_buf       165  (       19 /       37 )  0.21
             dup       146  (        5 /        6 )  0.07
       crit_dnsz       219  (       45 /       54 )  0.14
       crit_upsz        96  (       18 /       24 )  0.04

 incr_max_cap            1057990   -53489  -3478864     44761   629770      124
            Worst cost_group: clk, WNS: -53489.9
            Path: u_ctrl/done_reg/CLK --> u_conv_engine_acc_reg_reg[26]/D
 incr_max_cap            1057783   -53487  -3478793     41003   622269      124
            Worst cost_group: clk, WNS: -53487.7
            Path: u_ctrl/done_reg/CLK --> u_conv_engine_acc_reg_reg[26]/D
 incr_max_cap            1057501   -53486  -3478698     38838   619596      124
            Worst cost_group: clk, WNS: -53486.9
            Path: u_ctrl/done_reg/CLK --> u_conv_engine_acc_reg_reg[26]/D
 incr_max_cap            1057209   -53486  -3478681     42665   617548      124
            Worst cost_group: clk, WNS: -53486.9
            Path: u_ctrl/done_reg/CLK --> u_conv_engine_acc_reg_reg[26]/D

           Trick     Calls     Accepts   Attempts    Time(secs) 
-----------------------------------------------------------
          plc_st       545  (        0 /        0 )  0.00
        plc_star       545  (        0 /        0 )  0.00
      drc_buf_sp      1192  (        6 /      194 )  1.88
        drc_bufs      1169  (       12 /      171 )  4.15
        drc_fopt       527  (        3 /        4 )  0.59
        drc_bufb       524  (        0 /        0 )  0.00
      simple_buf       524  (        4 /       15 )  0.49
             dup       520  (        1 /       13 )  0.28
       crit_dnsz      1577  (      302 /      403 )  1.15
       crit_upsz       217  (        1 /       13 )  0.04

 incr_max_fo             1057098   -53486  -3478672     42653   616397      124
            Worst cost_group: clk, WNS: -53486.9
            Path: u_ctrl/done_reg/CLK --> u_conv_engine_acc_reg_reg[26]/D

           Trick     Calls     Accepts   Attempts    Time(secs) 
-----------------------------------------------------------
          plc_st        41  (        0 /        0 )  0.00
        plc_star        41  (        0 /        0 )  0.00
      drc_buf_sp        97  (        0 /       25 )  0.45
        drc_bufs        97  (        0 /       25 )  0.51
        drc_fopt        41  (        0 /        0 )  0.08
        drc_bufb        41  (        0 /        0 )  0.00
             dup        41  (        0 /        0 )  0.03
       crit_dnsz       227  (       16 /       34 )  0.17
       crit_upsz        25  (        0 /        0 )  0.00

 init_tns                1057098   -53486  -3478672     42653   616397      124
            Worst cost_group: clk, WNS: -53486.9
            Path: u_ctrl/done_reg/CLK --> u_conv_engine_acc_reg_reg[26]/D
 incr_tns                1057980   -53416  -3434301     49420   624594      126
            Worst cost_group: clk, WNS: -53416.6
            Path: u_ag_tap_grp_reg[0]/CLK --> u_conv_engine_acc_reg_reg[26]/D
 incr_tns                1057980   -53416  -3434301     49420   624594      126
            Worst cost_group: clk, WNS: -53416.6
            Path: u_ag_tap_grp_reg[0]/CLK --> u_conv_engine_acc_reg_reg[26]/D

           Trick     Calls     Accepts   Attempts    Time(secs) 
-----------------------------------------------------------
    plc_bal_star         0  (        0 /        0 )  0.00
     drc_buftimb         0  (        0 /        0 )  0.00
     drc_buftims         0  (        0 /        0 )  0.00
       crit_upsz      1222  (       95 /      157 )  0.39
   plc_laf_lo_st      1127  (        0 /        0 )  0.00
       plc_lo_st      1127  (        0 /        0 )  0.00
            fopt      1127  (        0 /        0 )  0.02
       crit_dnsz      1471  (       50 /      168 )  1.00
             dup      1077  (        7 /       12 )  0.22
        setup_dn      1070  (        0 /        0 )  0.08
         buf2inv      1070  (        0 /        0 )  0.00
        mb_split      1070  (        0 /        0 )  0.00

 init_area               1057980   -53416  -3434301     49420   624594      126
            Worst cost_group: clk, WNS: -53416.6
            Path: u_ag_tap_grp_reg[0]/CLK --> u_conv_engine_acc_reg_reg[26]/D
 undup                   1057703   -53416  -3433938     46029   622974      126
            Worst cost_group: clk, WNS: -53416.6
            Path: u_ag_tap_grp_reg[0]/CLK --> u_conv_engine_acc_reg_reg[26]/D
 rem_buf                 1038137   -53415  -3328909     60486   661978      130
            Worst cost_group: clk, WNS: -53415.7
            Path: u_ag_tap_grp_reg[0]/CLK --> u_conv_engine_acc_reg_reg[26]/D
 rem_inv                 1032147   -53415  -3280030     67578   688253      131
            Worst cost_group: clk, WNS: -53415.4
            Path: u_ag_tap_grp_reg[0]/CLK --> u_conv_engine_acc_reg_reg[19]/D
 merge_bi                1028366   -53415  -3222636     60881   711829      124
            Worst cost_group: clk, WNS: -53415.4
            Path: u_ag_tap_grp_reg[0]/CLK --> u_conv_engine_acc_reg_reg[19]/D
 merge_bi                1028000   -53415  -3221349     60881   719052      123
            Worst cost_group: clk, WNS: -53415.4
            Path: u_ag_tap_grp_reg[0]/CLK --> u_conv_engine_acc_reg_reg[19]/D
 rem_inv_qb              1023892   -53405  -3207592     76133   721601      123
            Worst cost_group: clk, WNS: -53405.6
            Path: u_ag_tap_grp_reg[2]/CLK --> u_conv_engine_acc_reg_reg[19]/D
 io_phase                1020933   -53393  -3165206     99712   718980      123
            Worst cost_group: clk, WNS: -53393.3
            Path: u_ag_tap_grp_reg[2]/CLK --> u_conv_engine_acc_reg_reg[19]/D
 gate_comp               1019667   -53393  -3162126    101960   717084      123
            Worst cost_group: clk, WNS: -53393.3
            Path: u_ag_tap_grp_reg[2]/CLK --> u_conv_engine_acc_reg_reg[19]/D
 glob_area               1019518   -53393  -3162126    101960   717084      123
            Worst cost_group: clk, WNS: -53393.3
            Path: u_ag_tap_grp_reg[2]/CLK --> u_conv_engine_acc_reg_reg[19]/D
 area_down               1013391   -53368  -3161096    119405   710076      123
            Worst cost_group: clk, WNS: -53368.2
            Path: u_ag_tap_grp_reg[2]/CLK --> u_conv_engine_acc_reg_reg[19]/D
 rem_buf                 1008383   -53353  -3138122    126738   753376      134
            Worst cost_group: clk, WNS: -53353.1
            Path: u_ag_tap_grp_reg[2]/CLK --> u_conv_engine_acc_reg_reg[19]/D
 rem_inv                 1006782   -53353  -3120786    152913   763549      133
            Worst cost_group: clk, WNS: -53353.1
            Path: u_ag_tap_grp_reg[2]/CLK --> u_conv_engine_acc_reg_reg[19]/D
 merge_bi                1006016   -53346  -3119084    146879   767511      126
            Worst cost_group: clk, WNS: -53346.3
            Path: u_ag_tap_grp_reg[0]/CLK --> u_conv_engine_acc_reg_reg[19]/D
 merge_bi                1005874   -53346  -3119030    146879   765867      124
            Worst cost_group: clk, WNS: -53346.3
            Path: u_ag_tap_grp_reg[0]/CLK --> u_conv_engine_acc_reg_reg[19]/D

           Trick     Calls     Accepts   Attempts    Time(secs) 
-----------------------------------------------------------
           undup        22  (        2 /        2 )  0.06
         rem_buf       954  (      355 /      747 )  1.31
         rem_inv       633  (      107 /      509 )  1.01
        merge_bi       525  (       94 /      393 )  0.86
      rem_inv_qb        90  (        4 /        5 )  0.09
        io_phase       506  (       49 /      128 )  0.69
       gate_comp       400  (       24 /       60 )  0.70
       gcomp_mog         0  (        0 /        0 )  0.00
       glob_area        67  (       16 /       67 )  1.21
       area_down      1077  (      407 /      568 )  2.21
      size_n_buf         9  (        0 /        0 )  0.06
  gate_deco_area         0  (        0 /        0 )  0.00
         rem_buf       590  (       81 /      390 )  0.86
         rem_inv       403  (       28 /      307 )  0.69
        merge_bi       374  (       29 /      264 )  0.60
      rem_inv_qb        77  (        0 /        2 )  0.10

 
Incremental optimization status
===============================
                                   Group   
                                  Tot Wrst     Total - - - - DRC Totals - - - -
                           Total  Weighted      Neg      Max       Max     Max  
Operation                   Area   Slacks      Slack    Trans      Cap   Fanout 
 init_delay              1005874   -53346  -3119030    146879   765867      124
            Worst cost_group: clk, WNS: -53346.3
            Path: u_ag_tap_grp_reg[0]/CLK --> u_conv_engine_acc_reg_reg[19]/D
 incr_delay              1010759   -52913  -3122739    158971   766662      120
            Worst cost_group: clk, WNS: -52913.4
            Path: u_ag_tap_grp_reg[3]/CLK --> u_conv_engine_acc_reg_reg[19]/D
 incr_delay              1010944   -52770  -3118651    159948   773486      124
            Worst cost_group: clk, WNS: -52770.1
            Path: u_ag_tap_grp_reg[0]/CLK --> u_conv_engine_acc_reg_reg[19]/D
 incr_delay              1011548   -52720  -3122307    160762   775834      129
            Worst cost_group: clk, WNS: -52720.6
            Path: u_ag_tap_grp_reg[0]/CLK --> u_conv_engine_acc_reg_reg[19]/D
 incr_delay              1011572   -52704  -3121999    160762   776202      129
            Worst cost_group: clk, WNS: -52704.6
            Path: u_ag_tap_grp_reg[0]/CLK --> u_conv_engine_acc_reg_reg[19]/D
 incr_delay              1011455   -52671  -3120838    168692   785863      133
            Worst cost_group: clk, WNS: -52671.5
            Path: u_ag_tap_grp_reg[0]/CLK --> u_conv_engine_acc_reg_reg[19]/D
 incr_delay              1011531   -52652  -3138548    170152   788092      134
            Worst cost_group: clk, WNS: -52652.0
            Path: u_ag_tap_grp_reg[0]/CLK --> u_conv_engine_acc_reg_reg[19]/D
 incr_delay              1011547   -52626  -3138034    170283   789436      135
            Worst cost_group: clk, WNS: -52626.3
            Path: u_ag_tap_grp_reg[0]/CLK --> u_conv_engine_acc_reg_reg[19]/D
 incr_delay              1011621   -52602  -3137571    170639   789433      135
            Worst cost_group: clk, WNS: -52602.0
            Path: u_ag_tap_grp_reg[0]/CLK --> u_conv_engine_acc_reg_reg[19]/D

           Trick     Calls     Accepts   Attempts    Time(secs) 
-----------------------------------------------------------
       crit_upsz       960  (       77 /       92 )  0.87
    plc_bal_star         0  (        0 /        0 )  0.00
     drc_buftimb         0  (        0 /        0 )  0.00
          plc_st       492  (        0 /        0 )  0.00
    plc_st_fence       492  (        0 /        0 )  0.00
        plc_star       492  (        0 /        0 )  0.00
      plc_laf_st       492  (        0 /        0 )  0.00
 plc_laf_st_fence       492  (        0 /        0 )  0.00
     drc_buftims         0  (        0 /        0 )  0.00
   plc_laf_lo_st       492  (        0 /        0 )  0.00
       plc_lo_st       492  (        0 /        0 )  0.00
            fopt       492  (        0 /        0 )  0.01
       crit_dnsz      1113  (       18 /       30 )  0.75
             dup       568  (        6 /        7 )  0.20
            fopt       702  (       53 /       55 )  0.61
        setup_dn       493  (        0 /        0 )  0.00
         buf2inv       493  (        0 /        0 )  0.00
        mb_split       493  (        0 /        0 )  0.00
             exp        48  (        5 /        7 )  0.03
       gate_deco       260  (        1 /        3 )  0.76
       gcomp_tim       803  (       14 /       22 )  1.11
  inv_pair_2_buf       669  (        0 /        0 )  0.00

 init_drc                1011621   -52602  -3137571    170639   789433      135
            Worst cost_group: clk, WNS: -52602.0
            Path: u_ag_tap_grp_reg[0]/CLK --> u_conv_engine_acc_reg_reg[19]/D
 incr_max_trans          1018721   -52600  -3107665     43775   779173      138
            Worst cost_group: clk, WNS: -52600.8
            Path: u_ag_tap_grp_reg[0]/CLK --> u_conv_engine_acc_reg_reg[19]/D
 incr_max_trans          1018771   -52600  -3106731     40252   779201      138
            Worst cost_group: clk, WNS: -52600.8
            Path: u_ag_tap_grp_reg[0]/CLK --> u_conv_engine_acc_reg_reg[19]/D
 incr_max_trans          1018749   -52600  -3106731     40204   779201      138
            Worst cost_group: clk, WNS: -52600.8
            Path: u_ag_tap_grp_reg[0]/CLK --> u_conv_engine_acc_reg_reg[19]/D

           Trick     Calls     Accepts   Attempts    Time(secs) 
-----------------------------------------------------------
          plc_st       214  (        0 /        0 )  0.00
        plc_star       214  (        0 /        0 )  0.00
        drc_bufs       438  (       41 /       65 )  0.64
        drc_fopt       173  (       10 /       11 )  0.07
        drc_bufb       163  (        0 /        0 )  0.00
      simple_buf       163  (       21 /       26 )  0.18
             dup       142  (        4 /       11 )  0.07
       crit_dnsz       186  (       30 /       43 )  0.14
       crit_upsz       108  (       13 /       29 )  0.07

 incr_max_cap            1022133   -52585  -3099504     42258   750728      136
            Worst cost_group: clk, WNS: -52585.4
            Path: u_ag_tap_grp_reg[0]/CLK --> u_conv_engine_acc_reg_reg[19]/D
 incr_max_cap            1022331   -52583  -3099276     42667   745040      136
            Worst cost_group: clk, WNS: -52583.5
            Path: u_ag_tap_grp_reg[0]/CLK --> u_conv_engine_acc_reg_reg[19]/D
 incr_max_cap            1022246   -52583  -3099027     42091   746256      137
            Worst cost_group: clk, WNS: -52583.3
            Path: u_ag_tap_grp_reg[0]/CLK --> u_conv_engine_acc_reg_reg[19]/D

           Trick     Calls     Accepts   Attempts    Time(secs) 
-----------------------------------------------------------
          plc_st       505  (        0 /        0 )  0.00
        plc_star       505  (        0 /        0 )  0.00
        drc_bufs      1092  (       26 /      181 )  3.49
        drc_fopt       479  (        3 /        3 )  0.60
        drc_bufb       476  (        0 /        0 )  0.00
      simple_buf       476  (        1 /        2 )  0.45
             dup       475  (        2 /       15 )  0.28
       crit_dnsz      1475  (      192 /      311 )  1.13
       crit_upsz       281  (       26 /       82 )  0.31

 incr_max_fo             1022170   -52581  -3099001     42090   745557      137
            Worst cost_group: clk, WNS: -52581.2
            Path: u_ag_tap_grp_reg[0]/CLK --> u_conv_engine_acc_reg_reg[19]/D

           Trick     Calls     Accepts   Attempts    Time(secs) 
-----------------------------------------------------------
          plc_st        42  (        0 /        0 )  0.00
        plc_star        42  (        0 /        0 )  0.00
        drc_bufs       101  (        0 /       29 )  0.82
        drc_fopt        42  (        0 /        0 )  0.07
        drc_bufb        42  (        0 /        0 )  0.00
             dup        42  (        0 /        0 )  0.03
       crit_dnsz       209  (       13 /       41 )  0.17
       crit_upsz        29  (        0 /        2 )  0.02

 init_area               1022170   -52581  -3099001     42090   745557      137
            Worst cost_group: clk, WNS: -52581.2
            Path: u_ag_tap_grp_reg[0]/CLK --> u_conv_engine_acc_reg_reg[19]/D
 undup                   1021931   -52581  -3099012     42089   741015      136
            Worst cost_group: clk, WNS: -52581.1
            Path: u_ag_tap_grp_reg[0]/CLK --> u_conv_engine_acc_reg_reg[19]/D
 rem_buf                 1019021   -52578  -3073098     42079   751018      139
            Worst cost_group: clk, WNS: -52578.5
            Path: u_ag_tap_grp_reg[0]/CLK --> u_conv_engine_acc_reg_reg[19]/D
 rem_inv                 1017704   -52578  -3070258     42283   755078      139
            Worst cost_group: clk, WNS: -52578.5
            Path: u_ag_tap_grp_reg[0]/CLK --> u_conv_engine_acc_reg_reg[19]/D
 merge_bi                1016694   -52573  -3065274     42364   757377      134
            Worst cost_group: clk, WNS: -52573.7
            Path: u_ag_tap_grp_reg[0]/CLK --> u_conv_engine_acc_reg_reg[19]/D
 io_phase                1015600   -52573  -3061325     45356   756001      134
            Worst cost_group: clk, WNS: -52573.2
            Path: u_ag_tap_grp_reg[0]/CLK --> u_conv_engine_acc_reg_reg[19]/D
 gate_comp               1015327   -52573  -3061184     46236   754738      134
            Worst cost_group: clk, WNS: -52573.2
            Path: u_ag_tap_grp_reg[0]/CLK --> u_conv_engine_acc_reg_reg[19]/D
 glob_area               1015071   -52573  -3061184     46236   754642      134
            Worst cost_group: clk, WNS: -52573.2
            Path: u_ag_tap_grp_reg[0]/CLK --> u_conv_engine_acc_reg_reg[19]/D
 area_down               1012241   -52572  -3060877     72152   753310      134
            Worst cost_group: clk, WNS: -52572.8
            Path: u_ag_tap_grp_reg[0]/CLK --> u_conv_engine_acc_reg_reg[19]/D

           Trick     Calls     Accepts   Attempts    Time(secs) 
-----------------------------------------------------------
           undup        22  (        3 /        3 )  0.07
         rem_buf       636  (       42 /      386 )  0.99
         rem_inv       419  (       23 /      314 )  0.73
        merge_bi       372  (       25 /      250 )  0.62
      rem_inv_qb        69  (        0 /        2 )  0.08
        io_phase       441  (       20 /       78 )  0.54
       gate_comp       350  (        4 /       32 )  0.62
       gcomp_mog         0  (        0 /        0 )  0.00
       glob_area        66  (       14 /       66 )  1.18
       area_down      1032  (      225 /      416 )  2.17
      size_n_buf         1  (        0 /        0 )  0.01
  gate_deco_area         0  (        0 /        0 )  0.00

==================================
Stage : incr_opt 
==================================
  =================
   Message Summary
  =================
---------------------------------------------------------------------------------------
|   Id   |  Sev  |Count|                         Message Text                         |
---------------------------------------------------------------------------------------
|CFM-1   |Info   |    1|Wrote dofile.                                                 |
|CFM-5   |Info   |    1|Wrote formal verification information.                        |
|GB-6    |Info   |    3|A datapath component has been ungrouped.                      |
|PA-7    |Info   |    4|Resetting power analysis results.                             |
|        |       |     |All computed switching activities are removed.                |
|SYNTH-5 |Info   |    1|Done mapping.                                                 |
|SYNTH-7 |Info   |    1|Incrementally optimizing.                                     |
|SYNTH-33|Warning|    1|The selected flow setting will be removed in a future release.|
|        |       |     |Contact Cadence support to understand current flows.          |
---------------------------------------------------------------------------------------
Info    : Done incrementally optimizing. [SYNTH-8]
        : Done incrementally optimizing 'cnn_top'.
      flow.cputime  flow.realtime  timing.setup.tns  timing.setup.wns  snapshot
UM:*                                                                   syn_opt
@file(run_genus.tcl) 142: puts "=== SRAM instances AFTER synthesis (must still show 4 instances) ==="
=== SRAM instances AFTER synthesis (must still show 4 instances) ===
@file(run_genus.tcl) 143: puts [get_db hinsts *sram*]
hinst:cnn_top/u_sram_a hinst:cnn_top/u_sram_a/mux_70_20 hinst:cnn_top/u_sram_b hinst:cnn_top/u_sram_b/mux_70_20
@file(run_genus.tcl) 144: puts [get_db hinsts *u_lower*]

@file(run_genus.tcl) 145: puts [get_db hinsts *u_upper*]

@file(run_genus.tcl) 152: report_timing -max_paths 10 \
    > $OUT_DIR/reports/timing_setup.rpt
@file(run_genus.tcl) 156: report_timing -max_paths 10 -min_slack -1000000 \
    > $OUT_DIR/reports/timing_hold.rpt
@file(run_genus.tcl) 160: report_area \
    > $OUT_DIR/reports/area.rpt
@file(run_genus.tcl) 164: report_power \
    > $OUT_DIR/reports/power.rpt
Info    : Joules engine is used. [RPT-16]
        : Joules engine is being used for the command report_power.
Info   : ACTP-0001 [ACTPInfo] Activity propagation started for stim#0 netlist
       : cnn_top
Info   : ACTP-0009 [ACTPInfo] Activity Propagation Progress Report :   0%   1%   2%   3%   4%   5%   6%   7%   8%   9%  10%  11%  12%  13%  14%  15%  16%  17%  18%  19%  20%  21%  22%  23%  24%  25%  26%  27%  28%  29%  30%  31%  32%  33%  34%  35%  36%  37%  38%  39%  40%  41%  42%  43%  44%  45%  46%  47%  48%  49%  50%  51%  52%  53%  54%  55%  56%  57%  58%  59%  60%  61%  62%  63%  64%  65%  66%  67%  68%  69%  70%  71%  72%  73%  74%  75%  76%  77%  78%  79%  80%  81%  82%  83%  84%  85%  86%  87%  88%  89%  90%  91%  92%  93%  94%  95%  96%  97%  98%  99% 100%
Info   : ACTP-0001 Activity propagation ended for stim#0
Info   : PWRA-0001 [PwrInfo] compute_power effective options 
       : -mode : vectorless
       : -skip_propagation : 1
       : -frequency_scaling_factor : 1.0
       : -use_clock_freq : stim
       : -stim :/stim#0
       : -fromGenus : 1
Info   : ACTP-0001 Timing initialization started
Info   : ACTP-0001 Timing initialization ended
Info   : PWRA-0002 [PwrInfo] Skipping activity propagation due to -skip_ap
       : option....
Warning: PWRA-0302 [PwrWarn] Frequency scaling is not applicable for vectorless
       : flow. Ignoring frequency scaling.
Warning: PWRA-0304 [PwrWarn] -stim option is not applicable with vectorless mode
       : of power analysis, ignored this option.
Info   : PWRA-0002 Started 'vectorless' power computation.
Info   : PWRA-0009 [PwrInfo] Power Computation Progress Report :   0%   1%   2%   3%   4%   5%   6%   7%   8%   9%  10%  11%  12%  13%  14%  15%  16%  17%  18%  19%  20%  21%  22%  23%  24%  25%  26%  27%  28%  29%  30%  31%  32%  33%  34%  35%  36%  37%  38%  39%  40%  41%  42%  43%  44%  45%  46%  47%  48%  49%  50%  51%  52%  53%  54%  55%  56%  57%  58%  59%  60%  61%  62%  63%  64%  65%  66%  67%  68%  69%  70%  71%  72%  73%  74%  75%  76%  77%  78%  79%  80%  81%  82%  83%  84%  85%  86%  87%  88%  89%  90%  91%  92%  93%  94%  95%  96%  97%  98%  99% 100%
Info   : PWRA-0002 Finished power computation.
Info   : PWRA-0007 [PwrInfo] Completed successfully.
       : Info=6, Warn=2, Error=0, Fatal=0
Output file: /home/rah47472/asic_project/genus_out/reports/power.rpt
@file(run_genus.tcl) 168: report_qor \
    > $OUT_DIR/reports/qor.rpt
@file(run_genus.tcl) 175: write_hdl \
    > $OUT_DIR/netlist/cnn_top_netlist.v
@file(run_genus.tcl) 178: write_sdc \
    > $OUT_DIR/sdc/cnn_top.sdc
Finished SDC export (command execution time mm:ss (real) = 00:01).
@file(run_genus.tcl) 181: write_db $OUT_DIR/cnn_top_genus.db
Finished exporting design database to file '/home/rah47472/asic_project/genus_out/cnn_top_genus.db' for 'cnn_top' (command execution time mm:ss cpu = 00:00, real = 00:00).
@file(run_genus.tcl) 187: puts ""

@file(run_genus.tcl) 188: puts "============================================================"
============================================================
@file(run_genus.tcl) 189: puts "  Genus synthesis complete (SRAM macro version)."
  Genus synthesis complete (SRAM macro version).
@file(run_genus.tcl) 190: puts "  Netlist : $OUT_DIR/netlist/cnn_top_netlist.v"
  Netlist : /home/rah47472/asic_project/genus_out/netlist/cnn_top_netlist.v
@file(run_genus.tcl) 191: puts "  SDC     : $OUT_DIR/sdc/cnn_top.sdc"
  SDC     : /home/rah47472/asic_project/genus_out/sdc/cnn_top.sdc
@file(run_genus.tcl) 192: puts "  Reports : $OUT_DIR/reports/"
  Reports : /home/rah47472/asic_project/genus_out/reports/
@file(run_genus.tcl) 193: puts "============================================================"
============================================================
@file(run_genus.tcl) 194: puts ""

#@ End verbose source ./run_genus.tcl
WARNING: This version of the tool is 762 days old.
