Cadence Genus(TM) Synthesis Solution.
Copyright 2024 Cadence Design Systems, Inc. All rights reserved worldwide.
Cadence and the Cadence logo are registered trademarks and Genus is a trademark
of Cadence Design Systems, Inc. in the United States and other countries.

[20:18:18.381860] Configured Lic search path (23.02-s003): 5280@hs-lic3.oth-regensburg.de:27003@hs-lic1.oth-regensburg.de:27003@hs-lic1.oth-regensburg.de:

Version: 23.11-s100_1, built Mon Apr 22 02:28:10 PDT 2024
Options: -files run_genus.tcl -log genus_sram2.log 
Date:    Tue Apr 28 20:18:18 2026
Host:    ei-vm-018.othr.de (x86_64 w/Linux 4.18.0-553.105.1.el8_10.x86_64) (32cores*32cpus*1physical cpu*AMD Ryzen Threadripper PRO 7975WX 32-Cores 512KB) (247603108KB)
PID:     1439486
OS:      Red Hat Enterprise Linux release 8.10 (Ootpa)

Checking out license: Genus_Synthesis
[20:18:18.287098] Periodic Lic check successful
[20:18:18.811392] Feature usage summary:
[20:18:18.811393] Genus_Synthesis



***********************************************************************************************************
***********************************************************************************************************



Finished executable startup (0 seconds elapsed).

Loading tool scripts...
Finished loading tool scripts (8 seconds elapsed).

#@ Processing -files option
@genus:root: 1> source run_genus.tcl
#@ Begin verbose source ./run_genus.tcl
@file(run_genus.tcl) 14: set LIB_ROOT /home/rah47472/asic_project/libs/OpenFPGA/Fabric/ihp-sg13g2/libs.ref
@file(run_genus.tcl) 17: set STD_LIB  $LIB_ROOT/sg13g2_stdcell/lib/sg13g2_stdcell_typ_1p20V_25C.lib
@file(run_genus.tcl) 20: set SRAM_LIB $LIB_ROOT/sg13g2_sram/lib/RM_IHPSG13_1P_4096x8_c3_bm_bist_typ_1p20V_25C.lib
@file(run_genus.tcl) 23: set SRAM_V   $LIB_ROOT/sg13g2_sram/verilog/RM_IHPSG13_1P_4096x8_c3_bm_bist.v
@file(run_genus.tcl) 26: set RTL_DIR  /home/rah47472/asic_project/rtl
@file(run_genus.tcl) 29: set OUT_DIR  /home/rah47472/asic_project/genus_out
@file(run_genus.tcl) 35: file mkdir $OUT_DIR
@file(run_genus.tcl) 36: file mkdir $OUT_DIR/reports
@file(run_genus.tcl) 37: file mkdir $OUT_DIR/netlist
@file(run_genus.tcl) 38: file mkdir $OUT_DIR/sdc
@file(run_genus.tcl) 45: set_db / .lib_search_path [list \
    [file dirname $STD_LIB] \
    [file dirname $SRAM_LIB] \
]
  Setting attribute of root '/': 'lib_search_path' = /home/rah47472/asic_project/libs/OpenFPGA/Fabric/ihp-sg13g2/libs.ref/sg13g2_stdcell/lib /home/rah47472/asic_project/libs/OpenFPGA/Fabric/ihp-sg13g2/libs.ref/sg13g2_sram/lib
@file(run_genus.tcl) 50: set_db / .library [list \
    [file tail $STD_LIB]  \
    [file tail $SRAM_LIB] \
]
Warning : Unsupported attribute in the pin group. [LBR-510]
        : The attribute 'bus_naming_style' defined on line 147 is not supported for 'cell' group. It should be defined at 'library' level. (File /home/rah47472/asic_project/libs/OpenFPGA/Fabric/ihp-sg13g2/libs.ref/sg13g2_sram/lib/RM_IHPSG13_1P_4096x8_c3_bm_bist_typ_1p20V_25C.lib)

  Message Summary for Library both libraries:
  *******************************************
  Missing a function attribute in the output pin definition. [LBR-518]: 1
  Unsupported attribute in the pin group. [LBR-510]: 1
  An unsupported construct was detected in this library. [LBR-40]: 8
  *******************************************
 
Info    : Created nominal operating condition. [LBR-412]
        : Operating condition '_nominal_' was created for the PVT values (1.000000, 1.200000, 25.000000) in library 'sg13g2_stdcell_typ_1p20V_25C.lib'.
        : The nominal operating condition is represented, either by the nominal PVT values specified in the library source (via nom_process,nom_voltage and nom_temperature respectively), or by the default PVT values (1.0,1.0,1.0).
Info    : Created nominal operating condition. [LBR-412]
        : Operating condition '_nominal_' was created for the PVT values (1.000000, 1.200000, 25.000000) in library 'RM_IHPSG13_1P_4096x8_c3_bm_bist_typ_1p20V_25C.lib'.
Warning : Library cell has no output pins defined. [LBR-9]
        : Library cell 'sg13g2_antennanp' must have an output pin.
        : Add the missing output pin(s), then reload the library. Else the library cell will be marked as timing model i.e. unusable. Timing_model means that the cell does not have any defined function. If there is no output pin, Genus will mark library cell as unusable i.e. the attribute 'usable' will be marked to 'false' on the libcell. Therefore, the cell is not used for mapping and it will not be picked up from the library for synthesis. If you query the attribute 'unusable_reason' on the libcell; result will be: 'Library cell has no output pins.'Note: The message LBR-9 is only for the logical pins and not for the power_ground pins. Genus will depend upon the output function defined in the pin group (output pin) of the cell, to use it for mapping. The pg_pin will not have any function defined.
Warning : Library cell has no output pins defined. [LBR-9]
        : Library cell 'sg13g2_antennanp' must have an output pin.
Warning : Library cell has no output pins defined. [LBR-9]
        : Library cell 'sg13g2_decap_4' must have an output pin.
Warning : Library cell has no output pins defined. [LBR-9]
        : Library cell 'sg13g2_decap_4' must have an output pin.
Warning : Library cell has no output pins defined. [LBR-9]
        : Library cell 'sg13g2_decap_8' must have an output pin.
Warning : Library cell has no output pins defined. [LBR-9]
        : Library cell 'sg13g2_decap_8' must have an output pin.
Warning : Library cell has no output pins defined. [LBR-9]
        : Library cell 'sg13g2_fill_1' must have an output pin.
Warning : Library cell has no output pins defined. [LBR-9]
        : Library cell 'sg13g2_fill_1' must have an output pin.
Warning : Library cell has no output pins defined. [LBR-9]
        : Library cell 'sg13g2_fill_2' must have an output pin.
Warning : Library cell has no output pins defined. [LBR-9]
        : Library cell 'sg13g2_fill_2' must have an output pin.
Warning : Library cell has no output pins defined. [LBR-9]
        : Library cell 'sg13g2_fill_4' must have an output pin.
Warning : Library cell has no output pins defined. [LBR-9]
        : Library cell 'sg13g2_fill_4' must have an output pin.
Warning : Library cell has no output pins defined. [LBR-9]
        : Library cell 'sg13g2_fill_8' must have an output pin.
Warning : Library cell has no output pins defined. [LBR-9]
        : Library cell 'sg13g2_fill_8' must have an output pin.
Warning : Unusable clock gating integrated cell found at the time of loading libraries. This warning happens because a particular library cell is defined as 'clock_gating_integrated_cell', but 'dont_use' attribute is defined as true in the liberty library. To make Genus use this cell for clock gating insertion, 'dont_use' attribute should be set to false. [LBR-101]
        : Clock gating integrated cell name: 'sg13g2_lgcp_1'
        : To make the cell usable, change the value of 'dont_use' attribute to false.
Warning : Unusable clock gating integrated cell found at the time of loading libraries. This warning happens because a particular library cell is defined as 'clock_gating_integrated_cell', but 'dont_use' attribute is defined as true in the liberty library. To make Genus use this cell for clock gating insertion, 'dont_use' attribute should be set to false. [LBR-101]
        : Clock gating integrated cell name: 'sg13g2_slgcp_1'
Warning : Found libraries with and without pg_pin construct. [LBR-12]
        : Libraries with and without pg_pin construct have been loaded.
        : This can lead to issues later in the flow.
  Setting attribute of root '/': 'library' = sg13g2_stdcell_typ_1p20V_25C.lib RM_IHPSG13_1P_4096x8_c3_bm_bist_typ_1p20V_25C.lib
@file(run_genus.tcl) 55: set_db / .syn_generic_effort  medium
  Setting attribute of root '/': 'syn_generic_effort' = medium
@file(run_genus.tcl) 56: set_db / .syn_map_effort      medium
  Setting attribute of root '/': 'syn_map_effort' = medium
@file(run_genus.tcl) 57: set_db / .syn_opt_effort      medium
  Setting attribute of root '/': 'syn_opt_effort' = medium
@file(run_genus.tcl) 67: set_db / .hdl_resolve_instance_with_libcell true
  Setting attribute of root '/': 'hdl_resolve_instance_with_libcell' = true
@file(run_genus.tcl) 70: read_hdl -sv $RTL_DIR/controller_fsm.sv
@file(run_genus.tcl) 71: read_hdl -sv $RTL_DIR/addr_gen.sv
    input  logic        clk,
                           |
Warning : Implicit net declaration not allowed with `default_nettype none. [VLOGPT-43]
        : Assuming a wire net type for declaration 'clk' in file '/home/rah47472/asic_project/rtl/addr_gen.sv' on line 38, column 28.
        : When `default_nettype is none, each input and inout port declaration requires a corresponding net type.
    input  logic        rst_n,
                             |
Warning : Implicit net declaration not allowed with `default_nettype none. [VLOGPT-43]
        : Assuming a wire net type for declaration 'rst_n' in file '/home/rah47472/asic_project/rtl/addr_gen.sv' on line 39, column 30.
    input  logic        enable,      // 1 => run address generation
                              |
Warning : Implicit net declaration not allowed with `default_nettype none. [VLOGPT-43]
        : Assuming a wire net type for declaration 'enable' in file '/home/rah47472/asic_project/rtl/addr_gen.sv' on line 41, column 31.
    input  logic        layer_sel,   // 0: Conv1 (Cin=1,Cout=4)  1: Conv2 (Cin=4,Cout=8)
                                 |
Warning : Implicit net declaration not allowed with `default_nettype none. [VLOGPT-43]
        : Assuming a wire net type for declaration 'layer_sel' in file '/home/rah47472/asic_project/rtl/addr_gen.sv' on line 42, column 34.
    initial begin
          |
Warning : Ignoring unsynthesizable construct. [VLOGPT-37]
        : Initial in file '/home/rah47472/asic_project/rtl/addr_gen.sv' on line 68, column 11.
        : For example, the following constructs will be ignored:
    - initial block
    - final block
    - program block
    - property block
    - sequence block
    - covergroup
    - checker block
    - gate drive strength
    - system task enable
    - reg declaration with initial value
    - specify block.
@file(run_genus.tcl) 72: read_hdl -sv $RTL_DIR/weight_rom.sv
    initial begin
          |
Warning : Ignoring unsynthesizable construct. [VLOGPT-37]
        : Initial in file '/home/rah47472/asic_project/rtl/weight_rom.sv' on line 35, column 11.
@file(run_genus.tcl) 73: read_hdl -sv $RTL_DIR/feature_sram.sv
@file(run_genus.tcl) 74: read_hdl -sv $RTL_DIR/conv_engine.sv
@file(run_genus.tcl) 75: read_hdl -sv $RTL_DIR/pool_engine.sv
@file(run_genus.tcl) 76: read_hdl -sv $RTL_DIR/cnn_top.sv
    input  logic clk,
                    |
Warning : Implicit net declaration not allowed with `default_nettype none. [VLOGPT-43]
        : Assuming a wire net type for declaration 'clk' in file '/home/rah47472/asic_project/rtl/cnn_top.sv' on line 42, column 21.
    input  logic rst_n,
                      |
Warning : Implicit net declaration not allowed with `default_nettype none. [VLOGPT-43]
        : Assuming a wire net type for declaration 'rst_n' in file '/home/rah47472/asic_project/rtl/cnn_top.sv' on line 43, column 23.
    input  logic start,
                      |
Warning : Implicit net declaration not allowed with `default_nettype none. [VLOGPT-43]
        : Assuming a wire net type for declaration 'start' in file '/home/rah47472/asic_project/rtl/cnn_top.sv' on line 44, column 23.
    // synthesis debug outputs
                             |
Warning : Unrecognized Synthesis pragma_name found in HDL. [VLOGPT-502]
        : Pragma 'synthesis debug outputs' in file '/home/rah47472/asic_project/rtl/cnn_top.sv' on line 47, column 30.
        : Synthesis pragmas are specially-formatted comments or attributes in the HDL that tell Genus how to synthesize the HDL.
@file(run_genus.tcl) 82: elaborate cnn_top
  Libraries have 58 usable logic and 8 usable sequential lib-cells.
Info    : Elaborating Design. [ELAB-1]
        : Elaborating top-level block 'cnn_top' from file '/home/rah47472/asic_project/rtl/cnn_top.sv'.
Warning : Usage of non-static tasks or functions might result in simulation-synthesis mismatch. [VLOGPT-692]
        : in file '/eda/cadence/2024-25/RHELx86/DDIEXPORT_23.31.000/GENUS231/tools.lnx86/lib/chipware/syn/CW/CW_div_k_arch_3.v' on line 1, column 21.
        : Use the 'automatic' keyword for declaring functions and tasks.
Warning : Usage of non-static tasks or functions might result in simulation-synthesis mismatch. [VLOGPT-692]
        : in file '/eda/cadence/2024-25/RHELx86/DDIEXPORT_23.31.000/GENUS231/tools.lnx86/lib/chipware/syn/CW/CW_div_k_arch_3.v' on line 1, column 29.
Warning : Usage of non-static tasks or functions might result in simulation-synthesis mismatch. [VLOGPT-692]
        : in file '/eda/cadence/2024-25/RHELx86/DDIEXPORT_23.31.000/GENUS231/tools.lnx86/lib/chipware/syn/CW/CW_div_k_arch_3.v' on line 1, column 32.
Warning : Usage of non-static tasks or functions might result in simulation-synthesis mismatch. [VLOGPT-692]
        : in file '/eda/cadence/2024-25/RHELx86/DDIEXPORT_23.31.000/GENUS231/tools.lnx86/lib/chipware/syn/CW/CW_div_k_arch_3.v' on line 1, column 21.
Warning : Usage of non-static tasks or functions might result in simulation-synthesis mismatch. [VLOGPT-692]
        : in file '/eda/cadence/2024-25/RHELx86/DDIEXPORT_23.31.000/GENUS231/tools.lnx86/lib/chipware/syn/CW/CW_div_k_arch_3.v' on line 1, column 14.
Warning : Usage of non-static tasks or functions might result in simulation-synthesis mismatch. [VLOGPT-692]
        : in file '/eda/cadence/2024-25/RHELx86/DDIEXPORT_23.31.000/GENUS231/tools.lnx86/lib/chipware/syn/CW/CW_div_k_arch_3.v' on line 1, column 14.
Warning : Usage of non-static tasks or functions might result in simulation-synthesis mismatch. [VLOGPT-692]
        : in file '/eda/cadence/2024-25/RHELx86/DDIEXPORT_23.31.000/GENUS231/tools.lnx86/lib/chipware/syn/CW/CW_div_k_arch_3.v' on line 1, column 14.
Warning : Usage of non-static tasks or functions might result in simulation-synthesis mismatch. [VLOGPT-692]
        : in file '/eda/cadence/2024-25/RHELx86/DDIEXPORT_23.31.000/GENUS231/tools.lnx86/lib/chipware/syn/CW/CW_div_k_arch_3.v' on line 1, column 14.
Warning : Usage of non-static tasks or functions might result in simulation-synthesis mismatch. [VLOGPT-692]
        : in file '/eda/cadence/2024-25/RHELx86/DDIEXPORT_23.31.000/GENUS231/tools.lnx86/lib/chipware/syn/CW/CW_div_k_arch_3.v' on line 1, column 14.
Warning : Usage of non-static tasks or functions might result in simulation-synthesis mismatch. [VLOGPT-692]
        : in file '/eda/cadence/2024-25/RHELx86/DDIEXPORT_23.31.000/GENUS231/tools.lnx86/lib/chipware/syn/CW/CW_div_k_arch_3.v' on line 1, column 14.
Warning : Removing unused register. [CDFG-508]
        : Removing unused flip-flop register 'mac_valid_d1' in module 'conv_engine_NUM_LANES4_ACT_WIDTH8_WGT_WIDTH8_ACC_WIDTH32_OUT_WIDTH8_ADDR_WIDTH16' in file '/home/rah47472/asic_project/rtl/conv_engine.sv' on line 132.
        : Genus removes the flip-flop or latch inferred for an unused signal or variable. To preserve the flip-flop or latch, set the hdl_preserve_unused_registers attribute to true or use a pragma in the RTL.
Warning : Unreachable statements for case item. [CDFG-472]
        : Case item 'default' in module 'pool_engine' in file '/home/rah47472/asic_project/rtl/pool_engine.sv' on line 134.
Info    : Done Elaborating Design. [ELAB-3]
        : Done elaborating 'cnn_top'.
Checking for analog nets...
Check completed for analog nets.
Checking for source RTL...
Check completed for source RTL.
Running Unified Mux Engine Tricks...
Completed Unified Mux Engine Tricks

Stage: post_elab
-------------------------------------------------------
| Trick             | Accepts | Rejects | Runtime (s) | 
-------------------------------------------------------
| ume_constant_bmux |       0 |       0 |        0.00 | 
| ume_merge         |       0 |       0 |        0.00 | 
| ume_ssm           |       0 |       0 |        0.00 | 
| ume_cse           |       1 |       0 |        0.03 | 
| ume_shrink        |       0 |       0 |        0.00 | 
| ume_sweep         |       0 |       0 |        0.00 | 
| ume_constant_bmux |       0 |       0 |        0.00 | 
| ume_merge         |       0 |       0 |        0.00 | 
| ume_ssm           |       0 |       0 |        0.00 | 
| ume_cse           |       0 |       0 |        0.02 | 
| ume_shrink        |       0 |       0 |        0.00 | 
| ume_sweep         |       0 |       0 |        0.00 | 
-------------------------------------------------------
Starting optimize datapath shifters [v1.0] (stage: post_elab, startdef: cnn_top, recur: true)
Completed optimize datapath shifters (accepts: 0, rejects: 0, runtime: 0.000s)
Starting clip mux common data inputs [v1.0] (stage: post_elab, startdef: cnn_top, recur: true)
Completed clip mux common data inputs (accepts: 0, rejects: 0, runtime: 0.000s)
Starting clip the non-user hierarchies [v2.0] (stage: post_elab, startdef: cnn_top, recur: true)
Completed clip the non-user hierarchies (accepts: 0, rejects: 0, runtime: 0.000s)
Starting basic netlist cleanup [v1.0] (stage: post_elab, startdef: cnn_top, recur: true)
Completed basic netlist cleanup (accepts: 0, rejects: 0, runtime: 0.000s)

Stage: post_elab
--------------------------------------------------------------------
| Transform                      | Accepts | Rejects | Runtime (s) | 
--------------------------------------------------------------------
| hlo_optimize_datapath_shifters |       0 |       0 |        0.00 | 
| hlo_clip_mux_input             |       0 |       0 |        0.00 | 
| hlo_clip                       |       0 |       0 |        0.00 | 
| hlo_cleanup                    |       0 |       0 |        0.00 | 
--------------------------------------------------------------------
UM:   flow.cputime  flow.realtime  timing.setup.tns  timing.setup.wns  snapshot
UM:*                                                                   elaborate
@file(run_genus.tcl) 83: check_design -unresolved


 	 Check Design Report (c)
	 ------------------- 

  Unresolved References & Empty Modules
  ------------------------------------- 
No unresolved references in design 'cnn_top'

No empty modules in design 'cnn_top'

  Done Checking the design.
@file(run_genus.tcl) 85: set_db [get_db hinsts *u_lower*] .dont_touch true
@file(run_genus.tcl) 86: set_db [get_db hinsts *u_upper*] .dont_touch true
@file(run_genus.tcl) 92: create_clock -name clk -period 10.0 -waveform {0 5} [get_ports clk]
@file(run_genus.tcl) 94: set_clock_uncertainty -setup 0.1  [get_clocks clk]
@file(run_genus.tcl) 95: set_clock_uncertainty -hold  0.05 [get_clocks clk]
@file(run_genus.tcl) 97: set_input_delay  -max 2.0 -clock clk [get_ports {rst_n start}]
@file(run_genus.tcl) 98: set_input_delay  -min 0.5 -clock clk [get_ports {rst_n start}]
@file(run_genus.tcl) 100: set_output_delay -max 2.0 -clock clk [get_ports {done debug_sram_a_rdata debug_sram_b_rdata debug_conv_out_data}]
@file(run_genus.tcl) 101: set_output_delay -min 0.5 -clock clk [get_ports {done debug_sram_a_rdata debug_sram_b_rdata debug_conv_out_data}]
@file(run_genus.tcl) 103: set_ideal_network [get_ports clk]
@file(run_genus.tcl) 104: set_false_path    -from [get_ports rst_n]
@file(run_genus.tcl) 115: set_db / .delete_unloaded_insts false
  Setting attribute of root '/': 'delete_unloaded_insts' = false
@file(run_genus.tcl) 118: set_db [get_db hinsts *u_sram_a*] .ungroup_ok false
  Setting attribute of hinst 'u_sram_a': 'ungroup_ok' = false
  Setting attribute of hinst 'mux_70_20': 'ungroup_ok' = false
@file(run_genus.tcl) 119: set_db [get_db hinsts *u_sram_b*] .ungroup_ok false
  Setting attribute of hinst 'u_sram_b': 'ungroup_ok' = false
  Setting attribute of hinst 'mux_70_20': 'ungroup_ok' = false
@file(run_genus.tcl) 122: set_db [get_db hinsts *u_lower*] .preserve true
@file(run_genus.tcl) 123: set_db [get_db hinsts *u_upper*] .preserve true
@file(run_genus.tcl) 124: set_db [get_db hinsts *u_lower*] .ungroup_ok false
@file(run_genus.tcl) 125: set_db [get_db hinsts *u_upper*] .ungroup_ok false
@file(run_genus.tcl) 131: puts "=== SRAM instances check ==="
=== SRAM instances check ===
@file(run_genus.tcl) 132: puts [get_db hinsts *sram*]
hinst:cnn_top/u_pool/mux_sram_rd_addr_221_15 hinst:cnn_top/u_sram_a hinst:cnn_top/u_sram_a/mux_70_20 hinst:cnn_top/u_sram_b hinst:cnn_top/u_sram_b/mux_70_20 hinst:cnn_top/mux_sram_b_we_386_37 hinst:cnn_top/mux_sram_b_we_382_24 hinst:cnn_top/mux_sram_b_addr_390_34 hinst:cnn_top/mux_sram_b_addr_386_37 hinst:cnn_top/mux_sram_b_addr_382_24 hinst:cnn_top/mux_sram_b_wdata_386_37 hinst:cnn_top/mux_sram_b_wdata_382_24 hinst:cnn_top/mux_sram_a_we_357_37 hinst:cnn_top/mux_sram_a_we_353_24 hinst:cnn_top/mux_sram_a_addr_361_34 hinst:cnn_top/mux_sram_a_addr_357_37 hinst:cnn_top/mux_sram_a_addr_353_24 hinst:cnn_top/mux_sram_a_wdata_357_37 hinst:cnn_top/mux_sram_a_wdata_353_24
@file(run_genus.tcl) 133: puts [get_db hinsts *u_lower*]

@file(run_genus.tcl) 134: puts [get_db hinsts *u_upper*]

@file(run_genus.tcl) 136: syn_generic
stamp 'PBS_Generic-Start' being created for table 'pbs_debug'

  Total Time (Wall) |  Stage Time (Wall)  |   % (Wall)   |    Date - Time     |  Memory   | Stage
--------------------+---------------------+--------------+--------------------+-----------+----------------------
 00:00:09(00:00:09) |  00:00:00(00:00:00) |   0.0(  0.0) |   20:18:28 (Apr28) |  462.4 MB | PBS_Generic-Start
--------------------+---------------------+--------------+--------------------+-----------+----------------------
Number of threads: 8 * 1   (id: pbs_debug, time_info v1.57)
Info: (*N*) indicates data that was populated from previously saved time_info database
Info: CPU time includes time of parent + longest thread

Stage: pre_early_cg
-----------------------------------------------
| Transform | Accepts | Rejects | Runtime (s) | 
-----------------------------------------------
-----------------------------------------------
Mapping ChipWare ICG instances in cnn_top
Found 0 unmapped ChipWare ICG instances
Mapped 0 of 0 ChipWare ICG instances
##Generic Timing Info: typical gate delay 2489.7 ps   std_slew:   13.0 ps   std_load:  4.9 fF  for library domain _default_
Starting mux data reorder optimization [v1.0] (stage: pre_to_gen_setup, startdef: cnn_top, recur: true)
Completed mux data reorder optimization (accepts: 0, rejects: 0, runtime: 0.001s)

Stage: pre_to_gen_setup
-----------------------------------------------------
| Transform       | Accepts | Rejects | Runtime (s) | 
-----------------------------------------------------
| hlo_mux_reorder |       0 |       0 |        0.00 | 
-----------------------------------------------------
Running DP early constant propagation (netlist cnn_top)...
Running DP early redundancy removal
Completed DP early redundancy removal on cnn_top (runtime = 0.0s)
Multi-threaded constant propagation [4|0] ...
Info    : Replacing the synchronous part of an always feeding back flip-flop with a logic constant. [GLO-45]
        : The instance is 'u_ag/tap_base_reg[1]'. The constant is '0'.
        : To prevent this optimization, set 'optimize_constant_feedback_seqs' root attribute to 'false'. The instance attribute 'optimize_constant_feedback_seq' controls this optimization. 
Info    : Replacing the synchronous part of an always feeding back flip-flop with a logic constant. [GLO-45]
        : The instance is 'u_ag/tap_base_reg[0]'. The constant is '0'.
Info    : Replacing a flip-flop with a logic constant 0. [GLO-12]
        : The instance is 'u_ag/tap_base_reg[0]'.
        : To prevent this optimization, set the 'optimize_constant_0_flops' root attribute to 'false' or 'optimize_constant_0_seq' instance attribute to 'false'. You can also see the complete list of deleted sequential with command "report sequential -deleted" (on Reason "constant0").
Info    : Replacing a flip-flop with a logic constant 0. [GLO-12]
        : The instance is 'u_ag/tap_base_reg[1]'.
...done running DP early constant propagation (2 seconds CPU time, netlist cnn_top).
Info    : Deleting instances not driving any primary outputs. [GLO-34]
        : Deleting 2 sequential instances.
        : Optimizations such as constant propagation or redundancy removal could change the connections so a hierarchical instance does not drive any primary outputs anymore. To see the list of deleted hierarchical instances, set the 'information_level' attribute to 2 or above. If the message is truncated set the message attribute 'truncate' to false to see the complete list. To prevent this optimization, set the 'delete_unloaded_insts' root/subdesign attribute to 'false' or 'preserve' instance attribute to 'true'.
Info    : Synthesizing. [SYNTH-1]
        : Synthesizing 'cnn_top' to generic gates using 'medium' effort.
Running Synthesis Turbo Flow Version 3.
Info    : Partition Based Synthesis execution skipped. [PHYS-752]
        : Design size is less than the partition size '100000' for distributed generic optimization to kick in.
Starting mux data reorder optimization [v1.0] (stage: pre_to_gen_setup, startdef: cnn_top, recur: true)
Completed mux data reorder optimization (accepts: 0, rejects: 0, runtime: 0.019s)

Stage: pre_to_gen_setup
-----------------------------------------------------
| Transform       | Accepts | Rejects | Runtime (s) | 
-----------------------------------------------------
| hlo_mux_reorder |       0 |       0 |        0.02 | 
-----------------------------------------------------
Starting mux data reorder optimization [v1.0] (stage: post_to_gen_setup, startdef: cnn_top, recur: true)
Completed mux data reorder optimization (accepts: 0, rejects: 0, runtime: 0.000s)

Stage: post_to_gen_setup
-----------------------------------------------------
| Transform       | Accepts | Rejects | Runtime (s) | 
-----------------------------------------------------
| hlo_mux_reorder |       0 |       0 |        0.00 | 
-----------------------------------------------------
Running Unified Mux Engine Tricks...
Completed Unified Mux Engine Tricks

Stage: pre_hlo_rtlopt
-----------------------------------------------
| Trick     | Accepts | Rejects | Runtime (s) | 
-----------------------------------------------
| ume_ssm   |       0 |       0 |        0.00 | 
| ume_sweep |       0 |       0 |        0.00 | 
| ume_share |       0 |       0 |        0.00 | 
-----------------------------------------------
Begin SDR optimization CTX_region 
  Setting attribute of root '/': 'hier_sandbox_support_folded' = 1
#Special hiers formed inside addr_gen = 0
#Special hiers formed inside cnn_top = 0
#Special hiers formed inside controller_fsm = 0
#Special hiers formed inside conv_engine_NUM_LANES4_ACT_WIDTH8_WGT_WIDTH8_ACC_WIDTH32_OUT_WIDTH8_ADDR_WIDTH16 = 0
#Special hiers formed inside feature_sram_DEPTH8192_ADDR_W13 = 0
#Special hiers formed inside pool_engine = 0
#Special hiers formed inside weight_rom_ADDR_W9 = 0
No special hier is found 
  Setting attribute of root '/': 'hier_sandbox_support_folded' = 0
End SDR optimization CTX_region 
Begin SDR optimization UME_region 
  Setting attribute of root '/': 'hier_sandbox_support_folded' = 1
#Special hiers formed inside addr_gen = 0
#Special hiers formed inside cnn_top = 0
#Special hiers formed inside controller_fsm = 0
#Special hiers formed inside conv_engine_NUM_LANES4_ACT_WIDTH8_WGT_WIDTH8_ACC_WIDTH32_OUT_WIDTH8_ADDR_WIDTH16 = 0
#Special hiers formed inside feature_sram_DEPTH8192_ADDR_W13 = 0
#Special hiers formed inside pool_engine = 0
#Special hiers formed inside weight_rom_ADDR_W9 = 0
No special hier is found 
  Setting attribute of root '/': 'hier_sandbox_support_folded' = 0
End SDR optimization UME_region 
Starting timing based select reordering [v1.0] (stage: pre_rtlopt, startdef: cnn_top, recur: true)
Completed timing based select reordering (accepts: 0, rejects: 0, runtime: 0.625s)
Starting recase case-box optimization [v1.0] (stage: pre_rtlopt, startdef: cnn_top, recur: true)
Completed recase case-box optimization (accepts: 0, rejects: 0, runtime: 0.113s)
Starting infer macro optimization [v1.0] (stage: pre_rtlopt, startdef: cnn_top, recur: true)
Completed infer macro optimization (accepts: 0, rejects: 53, runtime: 0.043s)
Starting decode mux sandwich optimization [v2.0] (stage: pre_rtlopt, startdef: cnn_top, recur: true)
Completed decode mux sandwich optimization (accepts: 0, rejects: 0, runtime: 0.000s)
Starting decode mux optimization [v1.0] (stage: pre_rtlopt, startdef: cnn_top, recur: true)
Completed decode mux optimization (accepts: 0, rejects: 0, runtime: 0.001s)
Starting chop wide muxes [v1.0] (stage: pre_rtlopt, startdef: cnn_top, recur: true)
Completed chop wide muxes (accepts: 0, rejects: 0, runtime: 0.000s)
Starting common data mux cascade opt [v1.0] (stage: pre_rtlopt, startdef: cnn_top, recur: true)
Completed common data mux cascade opt (accepts: 0, rejects: 0, runtime: 0.000s)
Starting mux input consolidation [v1.0] (stage: pre_rtlopt, startdef: cnn_top, recur: true)
Completed mux input consolidation (accepts: 0, rejects: 0, runtime: 0.000s)
Starting constant-data mux optimization [v1.0] (stage: pre_rtlopt, startdef: cnn_top, recur: true)
Completed constant-data mux optimization (accepts: 0, rejects: 0, runtime: 0.001s)
Starting chain-to-tree inequality transform [v2.0] (stage: pre_rtlopt, startdef: cnn_top, recur: true)
Completed chain-to-tree inequality transform (accepts: 0, rejects: 2, runtime: 0.044s)
Starting reconvergence optimization [v1.0] (stage: pre_rtlopt, startdef: cnn_top, recur: true)
Completed reconvergence optimization (accepts: 0, rejects: 0, runtime: 0.000s)
Starting logic restructure optimization [v1.0] (stage: pre_rtlopt, startdef: cnn_top, recur: true)
Completed logic restructure optimization (accepts: 0, rejects: 0, runtime: 0.001s)
Starting identity transform [v3.0] (stage: pre_rtlopt, startdef: cnn_top, recur: true)
Completed identity transform (accepts: 0, rejects: 1, runtime: 0.002s)
Starting reduce operator chain [v1.0] (stage: pre_rtlopt, startdef: cnn_top, recur: true)
Completed reduce operator chain (accepts: 0, rejects: 0, runtime: 0.000s)
Starting common data mux cascade opt [v1.0] (stage: pre_rtlopt, startdef: cnn_top, recur: true)
Completed common data mux cascade opt (accepts: 0, rejects: 0, runtime: 0.000s)
Starting mux input consolidation [v1.0] (stage: pre_rtlopt, startdef: cnn_top, recur: true)
Completed mux input consolidation (accepts: 0, rejects: 0, runtime: 0.000s)
Starting optimize datapath elements [v1.0] (stage: pre_rtlopt, startdef: cnn_top, recur: true)
Completed optimize datapath elements (accepts: 0, rejects: 0, runtime: 0.000s)
Starting datapath recasting [v1.0] (stage: pre_rtlopt, startdef: cnn_top, recur: true)
Completed datapath recasting (accepts: 16, rejects: 0, runtime: 3.504s)
Starting word-level redundancy removal [v1.0] (stage: pre_rtlopt, startdef: cnn_top, recur: true)
Completed word-level redundancy removal (accepts: 2, rejects: 0, runtime: 2.691s)
Starting clip mux common data inputs [v1.0] (stage: pre_rtlopt, startdef: cnn_top, recur: true)
Completed clip mux common data inputs (accepts: 16, rejects: 0, runtime: 0.028s)
Starting clip the non-user hierarchies [v2.0] (stage: pre_rtlopt, startdef: cnn_top, recur: true)
Completed clip the non-user hierarchies (accepts: 0, rejects: 0, runtime: 0.001s)
Starting basic netlist cleanup [v1.0] (stage: pre_rtlopt, startdef: cnn_top, recur: true)
Completed basic netlist cleanup (accepts: 0, rejects: 0, runtime: 0.000s)

Stage: pre_rtlopt
-----------------------------------------------------------------
| Transform                   | Accepts | Rejects | Runtime (s) | 
-----------------------------------------------------------------
| hlo_timing_reorder          |       0 |       0 |        0.62 | 
| hlo_recase_casebox          |       0 |       0 |        0.11 | 
| hlo_infer_macro             |       0 |      53 |        0.04 | 
| hlo_decode_mux_sandwich     |       0 |       0 |        0.00 | 
| hlo_mux_decode              |       0 |       0 |        0.00 | 
| hlo_chop_mux                |       0 |       0 |        0.00 | 
| hlo_mux_cascade_opt         |       0 |       0 |        0.00 | 
| hlo_mux_consolidation       |       0 |       0 |        0.00 | 
| hlo_constant_mux_opt        |       0 |       0 |        0.00 | 
| hlo_inequality_transform    |       0 |       2 |        0.04 | 
| hlo_reconv_opt              |       0 |       0 |        0.00 | 
| hlo_restructure             |       0 |       0 |        0.00 | 
| hlo_identity_transform      |       0 |       1 |        0.00 | 
| hlo_reduce_operator_chain   |       0 |       0 |        0.00 | 
| hlo_mux_cascade_opt         |       0 |       0 |        0.00 | 
| hlo_mux_consolidation       |       0 |       0 |        0.00 | 
| hlo_optimize_datapath       |       0 |       0 |        0.00 | 
| hlo_datapath_recast         |      16 |       0 |        3.50 | 
| hlo_redundancy_removal_word |       2 |       0 |        2.69 | 
| hlo_clip_mux_input          |      16 |       0 |        0.03 | 
| hlo_clip                    |       0 |       0 |        0.00 | 
| hlo_cleanup                 |       0 |       0 |        0.00 | 
-----------------------------------------------------------------
Running Unified Mux Engine Tricks...
Completed Unified Mux Engine Tricks

Stage: post_hlo_rtlopt
----------------------------------------------------------
| Trick                | Accepts | Rejects | Runtime (s) | 
----------------------------------------------------------
| ume_sweep_aggressive |       0 |       0 |        0.00 | 
| ume_runtime          |       0 |       0 |        0.00 | 
----------------------------------------------------------
Number of big hc bmuxes before = 0
Number of non-ctl's : 1
mux_cmbsop_mac_valid_160_15 
SOP DEBUG : Module= addr_gen, Cluster= ctl_160_15, ctl= 1, Non-ctl= 1
Selected impl_type 0 (ctl + 1-hot mux form) for sop cluster ctl_160_15.
Number of non-ctl's : 16
dpr_mux_div_182_46_I17232 dpr_mux_div_182_46_I70035 dpr_mux_div_182_46_I122793 dpr_mux_div_182_46_I175026 dpr_mux_div_184_45_I36556 dpr_mux_div_184_45_I89359 dpr_mux_div_184_45_I142072 dpr_mux_div_184_45_I193928 dpr_mux_rem_183_46_I54026 dpr_mux_rem_183_46_I106829 dpr_mux_rem_183_46_I159452 dpr_mux_rem_183_46_I210556 dpr_mux_rem_185_45_I47256 dpr_mux_rem_185_45_I100059 dpr_mux_rem_185_45_I152727 dpr_mux_rem_185_45_I204207 
SOP DEBUG : Module= addr_gen, Cluster= g17231, ctl= 16, Non-ctl= 16
Selected impl_type 1 (pla_form1 (optimized)) for sop cluster g17231.
Number of non-ctl's : 1
mux_cmbsop_layer_sel_86_15 
SOP DEBUG : Module= controller_fsm, Cluster= ctl_86_15, ctl= 1, Non-ctl= 1
Selected impl_type 0 (ctl + 1-hot mux form) for sop cluster ctl_86_15.
Number of non-ctl's : 1
mux_state_next_134_15 
SOP DEBUG : Module= pool_engine, Cluster= ctl_state_reg_134_15, ctl= 1, Non-ctl= 1
Selected impl_type 1 (pla_form1 (optimized)) for sop cluster ctl_state_reg_134_15.
Number of non-ctl's : 1
mux_weight_44_15 
SOP DEBUG : Module= weight_rom_ADDR_W9, Cluster= ctl_index_44_15, ctl= 1, Non-ctl= 1
Selected impl_type 1 (pla_form1 (optimized)) for sop cluster ctl_index_44_15.
Info    : Pre-processed datapath logic. [DPOPT-6]
        : Pre-processing optimizations applied to datapath logic in 'cnn_top':
          live_trim(26) sop(5) input_constant_speculation(2) mux_reduce(1) msb_trim(36) output_trim(8) 
Stats for CDN_DP_region_0_6: 1 insts (1 dp), 10 ins, 0 outs, 21 nets
Info    : Optimizing datapath logic. [DPOPT-1]
        : Optimizing datapath logic in 'cnn_top'.
Info    : Implementing datapath configurations. [DPOPT-3]
        : Implementing datapath configurations for 'CDN_DP_region_0_3'
CSAGen Prep Share:0 Re-Write:32 Speculation: 0
Info    : Accepted resource sharing opportunity. [RTLOPT-30]
        : Merged the following sets of instances in 'CDN_DP_region_0_3_c7 in cnn_top':
	  (final_adder_ADD_TC_OP_227, final_adder_ADD_TC_OP_17, final_adder_ADD_TC_OP_37, final_adder_ADD_TC_OP_27)

Info    : Accepted resource sharing opportunity. [RTLOPT-30]
        : Merged the following sets of instances in 'CDN_DP_region_0_3_c7 in cnn_top':
	  (final_adder_ADD_TC_OP_241, final_adder_ADD_TC_OP_239)

Info    : Accepted resource sharing opportunity. [RTLOPT-30]
        : Merged the following sets of instances in 'CDN_DP_region_0_3_c1 in cnn_top':
	  (ADD_TC_OP14, final_adder_u_conv_engine_add_111_56)

Info    : Accepted resource sharing opportunity. [RTLOPT-30]
        : Merged the following sets of instances in 'CDN_DP_region_0_3_c2 in cnn_top':
	  (u_pool_rd_addr_calc_225_38:add_106_62, u_pool_rd_addr_calc_224_38:add_106_62)

Info    : Accepted resource sharing opportunity. [RTLOPT-30]
        : Merged the following sets of instances in 'CDN_DP_region_0_3_c3 in cnn_top':
	  (ADD_TC_OP14, final_adder_u_conv_engine_add_111_56)

Info    : Accepted resource sharing opportunity. [RTLOPT-30]
        : Merged the following sets of instances in 'CDN_DP_region_0_3_c4 in cnn_top':
	  (ADD_TC_OP, final_adder_u_conv_engine_add_103_33_I4)
	  (u_pool_rd_addr_calc_225_38:add_106_62, u_pool_rd_addr_calc_224_38:add_106_62)

Info    : Accepted resource sharing opportunity. [RTLOPT-30]
        : Merged the following sets of instances in 'CDN_DP_region_0_3_c5 in cnn_top':
	  (ADD_TC_OP, final_adder_u_conv_engine_add_103_33_I4)
	  (u_pool_rd_addr_calc_225_38:add_106_62, u_pool_rd_addr_calc_224_38:add_106_62)

Info    : Accepted resource sharing opportunity. [RTLOPT-30]
        : Merged the following sets of instances in 'CDN_DP_region_0_3_c6 in cnn_top':
	  (u_pool_rd_addr_calc_225_38:add_106_62, u_pool_rd_addr_calc_224_38:add_106_62)
	  (u_pool_rd_addr_calc_223_38:add_106_62, u_pool_rd_addr_calc_222_38:add_106_62)

Info    : Accepted resource sharing opportunity. [RTLOPT-30]
        : Merged the following sets of instances in 'CDN_DP_region_0_3_c6 in cnn_top':
	  (ADD_TC_OP324, final_adder_u_conv_engine_add_111_56)

CDN_DP_region_0_3 level = 0 loads = 0 drivers = 0
CDN_DP_region_0_3_c0 in cnn_top: area: 72771869017 ,dp = 89 mux = 60  ctl_case = 2  decode = 2  other = 89  sg = slow         worst_clk_period: -1.0000 
    wns: 215666  norm_wns:  -1.0000 
    fail_endp: -1 
    tns:  20506945  tns_per_endp:  -1.0000   norm_tns_per_endp:  -1.0000 
    tns_sense_max:  -1.0000  tns_sense_avg:  -1.0000   tns_sense_num: -1
 skipped
CDN_DP_region_0_3_c1 in cnn_top: area: 81249422546 ,dp = 67 mux = 56  ctl_case = 0  decode = 2  other = 104  sg = fast         worst_clk_period: -1.0000 
    wns: 215666  norm_wns:  -1.0000 
    fail_endp: -1 
    tns:  21551405  tns_per_endp:  -1.0000   norm_tns_per_endp:  -1.0000 
    tns_sense_max:  -1.0000  tns_sense_avg:  -1.0000   tns_sense_num: -1
 is current best
CDN_DP_region_0_3_c2 in cnn_top: area: 53029072176 ,dp = 61 mux = 52  ctl_case = 0  decode = 2  other = 107  sg = very_slow    worst_clk_period: -1.0000 
    wns: 215681  norm_wns:  -1.0000 
    fail_endp: -1 
    tns:  22554103  tns_per_endp:  -1.0000   norm_tns_per_endp:  -1.0000 
    tns_sense_max:  -1.0000  tns_sense_avg:  -1.0000   tns_sense_num: -1

CDN_DP_region_0_3_c3 in cnn_top: area: 81444045652 ,dp = 67 mux = 59  ctl_case = 0  decode = 2  other = 95  sg = very_fast    worst_clk_period: -1.0000 
    wns: 215666  norm_wns:  -1.0000 
    fail_endp: -1 
    tns:  21093845  tns_per_endp:  -1.0000   norm_tns_per_endp:  -1.0000 
    tns_sense_max:  -1.0000  tns_sense_avg:  -1.0000   tns_sense_num: -1
 is current best
CDN_DP_region_0_3_c4 in cnn_top: area: 54740610667 ,dp = 63 mux = 60  ctl_case = 0  decode = 2  other = 89  sg = very_fast    worst_clk_period: -1.0000 
    wns: 215666  norm_wns:  -1.0000 
    fail_endp: -1 
    tns:  20620470  tns_per_endp:  -1.0000   norm_tns_per_endp:  -1.0000 
    tns_sense_max:  -1.0000  tns_sense_avg:  -1.0000   tns_sense_num: -1
 is current best
CDN_DP_region_0_3_c5 in cnn_top: area: 54740610667 ,dp = 63 mux = 60  ctl_case = 0  decode = 2  other = 89  sg = very_fast    worst_clk_period: -1.0000 
    wns: 215666  norm_wns:  -1.0000 
    fail_endp: -1 
    tns:  20620470  tns_per_endp:  -1.0000   norm_tns_per_endp:  -1.0000 
    tns_sense_max:  -1.0000  tns_sense_avg:  -1.0000   tns_sense_num: -1
 is current best
CDN_DP_region_0_3_c6 in cnn_top: area: 83098342053 ,dp = 62 mux = 61  ctl_case = 0  decode = 2  other = 109  sg = very_fast    worst_clk_period: -1.0000 
    wns: 215666  norm_wns:  -1.0000 
    fail_endp: -1 
    tns:  21150643  tns_per_endp:  -1.0000   norm_tns_per_endp:  -1.0000 
    tns_sense_max:  -1.0000  tns_sense_avg:  -1.0000   tns_sense_num: -1

CDN_DP_region_0_3_c7 in cnn_top: area: 134553256754 ,dp = 50 mux = 61  ctl_case = 0  decode = 2  other = 96  sg = very_fast    worst_clk_period: -1.0000 
    wns: 213444  norm_wns:  -1.0000 
    fail_endp: -1 
    tns:  21252930  tns_per_endp:  -1.0000   norm_tns_per_endp:  -1.0000 
    tns_sense_max:  -1.0000  tns_sense_avg:  -1.0000   tns_sense_num: -1
 is current best
Best config: CDN_DP_region_0_3_c7 in cnn_top: area: 134553256754 ,dp = 50 mux = 61  ctl_case = 0  decode = 2  other = 96  sg = very_fast    worst_clk_period: -1.0000 
    wns: 213444  norm_wns:  -1.0000 
    fail_endp: -1 
    tns:  21252930  tns_per_endp:  -1.0000   norm_tns_per_endp:  -1.0000 
    tns_sense_max:  -1.0000  tns_sense_avg:  -1.0000   tns_sense_num: -1
  Smallest config area : 53029072176.  Fastest config wns;  213444
##>+----------------------------------------------------------------------------------------------------------------------------------------------------------------+
##>Summary table of configs (Best config is CDN_DP_region_0_3_c7)
##>+----------------------------------------------------------------------------------------------------------------------------------------------------------------+
##>                     0                  1                  2                  3                  4                  5                  6                  7            
##>+----------------------------------------------------------------------------------------------------------------------------------------------------------------+
##>           Area      72771869017        81249422546        53029072176        81444045652        54740610667        54740610667        83098342053       134553256754  
##>            WNS        -21566.60          -21566.60          -21568.10          -21566.60          -21566.60          -21566.60          -21566.60          -21344.40  
##>            TNS         20506945           21551405           22554103           21093845           20620470           20620470           21150643           21252930  
##>    Num Rewrite                0                 16                 13                 16                 13                 13                 13                 40  
##>     Num Factor                0                  0                  0                  0                  0                  0                  0                  0  
##>      Num Share                0                  1                  1                  1                  2                  2                  3                  3  
##>   Num CmultCse                0                  0                  0                  0                  0                  0                  0                  0  
##>   Num Downsize                0                  0                  0                  0                  0                  0                  0                  0  
##>  Num Speculate                0                  0                  0                  0                  0                  0                  0                  9  
##>     Runtime(s)                0                  3                  2                  3                  3                  3                  3                 11  
+----------------------------------------------------------------------------------------------------------------------------------------------------------------+
##>
##>
##>+-----------------------------------------------------------------------------------------------------------------------------------------------------------------------------------------------------+
##>Optimization Step DEBUG Table for config CDN_DP_region_0_3_c7
##>
##>                          Step                        Area   (  % Chg)         WNS (Change)          TNS (Change)                Power   (  % Chg)        Runtime (s)        Comment                   
##>+-----------------------------------------------------------------------------------------------------------------------------------------------------------------------------------------------------+
##>EquationExtraction              START            72771869017 (       )    -21566.60 (        )   20506945 (        )                    0 (       )              
##> rewrite                        START            72771869017 (  +0.00)    -21566.60 (   +0.00)   20506945 (       0)                    0 (  +0.00)              (a,ar) less_than_from_tc --> less_than_to_tc
##>                                  END            72903525824 (  +0.18)    -21613.20 (  -46.60)   20511139 (    4194)                    0 (  +0.00)           0  
##> rewrite                        START            72903525824 (  +0.00)    -21613.20 (   +0.00)   20511139 (       0)                    0 (  +0.00)              (a,ar) less_than_from_tc --> less_than_to_tc
##>                                  END            72565797493 (  -0.46)    -21613.20 (   +0.00)   20511139 (       0)                    0 (  +0.00)           0  
##> rewrite                        START            72565797493 (  +0.00)    -21613.20 (   +0.00)   20511139 (       0)                    0 (  +0.00)              (a,ar) less_than_from_tc --> less_than_to_tc
##>                                  END            72228069162 (  -0.47)    -21613.20 (   +0.00)   20496761 (  -14378)                    0 (  +0.00)           0  
##> rewrite                        START            72228069162 (  +0.00)    -21613.20 (   +0.00)   20496761 (       0)                    0 (  +0.00)              (a,ar) less_than_from_tc --> less_than_to_tc
##>                                  END            72279587043 (  +0.07)    -21613.20 (   +0.00)   20500955 (    4194)                    0 (  +0.00)           0  
##> rewrite                        START            72279587043 (  +0.00)    -21613.20 (   +0.00)   20500955 (       0)                    0 (  +0.00)              (a,ar) less_than_from_tc --> less_than_to_tc
##>                                  END            72331104924 (  +0.07)    -21613.20 (   +0.00)   20505149 (    4194)                    0 (  +0.00)           0  
##> rewrite                        START            72331104924 (  +0.00)    -21613.20 (   +0.00)   20505149 (       0)                    0 (  +0.00)              (a,ar) less_than_from_tc --> less_than_to_tc
##>                                  END            72382622805 (  +0.07)    -21613.20 (   +0.00)   20509343 (    4194)                    0 (  +0.00)           0  
##> rewrite                        START            72382622805 (  +0.00)    -21613.20 (   +0.00)   20509343 (       0)                    0 (  +0.00)              (a,ar) less_than_from_tc --> less_than_to_tc
##>                                  END            72044894474 (  -0.47)    -21613.20 (   +0.00)   20509343 (       0)                    0 (  +0.00)           0  
##> rewrite                        START            72044894474 (  +0.00)    -21613.20 (   +0.00)   20509343 (       0)                    0 (  +0.00)              (a,ar) less_than_from_tc --> less_than_to_tc
##>                                  END            71707166143 (  -0.47)    -21613.20 (   +0.00)   20509343 (       0)                    0 (  +0.00)           0  
##> rewrite                        START            71707166143 (  +0.00)    -21613.20 (   +0.00)   20509343 (       0)                    0 (  +0.00)              (a,ar) less_than_from_tc --> less_than_to_tc
##>                                  END            71369437812 (  -0.47)    -21613.20 (   +0.00)   20509343 (       0)                    0 (  +0.00)           0  
##> rewrite                        START            71369437812 (  +0.00)    -21613.20 (   +0.00)   20509343 (       0)                    0 (  +0.00)              (a,ar) less_than_from_tc --> less_than_to_tc
##>                                  END            71031709481 (  -0.47)    -21613.20 (   +0.00)   20509343 (       0)                    0 (  +0.00)           0  
##> rewrite                        START            71031709481 (  +0.00)    -21613.20 (   +0.00)   20509343 (       0)                    0 (  +0.00)              (a,ar) less_than_from_tc --> less_than_to_tc
##>                                  END            70693981150 (  -0.48)    -21613.20 (   +0.00)   20509343 (       0)                    0 (  +0.00)           0  
##> rewrite                        START            70693981150 (  +0.00)    -21613.20 (   +0.00)   20509343 (       0)                    0 (  +0.00)              (a,ar) less_than_from_tc --> less_than_to_tc
##>                                  END            70356252819 (  -0.48)    -21613.20 (   +0.00)   20509343 (       0)                    0 (  +0.00)           0  
##> rewrite                        START            70356252819 (  +0.00)    -21613.20 (   +0.00)   20509343 (       0)                    0 (  +0.00)              (a,ar) greater_or_equal_from_tc --> greater_or_equal_to_tc
##>                                  END            70356252819 (  +0.00)    -21613.20 (   +0.00)   20509343 (       0)                    0 (  +0.00)           0  
##> rewrite                        START            70356252819 (  +0.00)    -21613.20 (   +0.00)   20509343 (       0)                    0 (  +0.00)              (a,ar) greater_or_equal_from_tc --> greater_or_equal_to_tc
##>                                  END            70356252819 (  +0.00)    -21613.20 (   +0.00)   20862401 (  353058)                    0 (  +0.00)           0  
##> rewrite                        START            70356252819 (  +0.00)    -21613.20 (   +0.00)   20862401 (       0)                    0 (  +0.00)              (a,ar) greater_or_equal_from_tc --> greater_or_equal_to_tc
##>                                  END            70356252819 (  +0.00)    -21613.20 (   +0.00)   20862401 (       0)                    0 (  +0.00)           0  
##> rewrite                        START            70356252819 (  +0.00)    -21613.20 (   +0.00)   20862401 (       0)                    0 (  +0.00)              (a,ar) greater_or_equal_from_tc --> greater_or_equal_to_tc
##>                                  END            70356252819 (  +0.00)    -21613.20 (   +0.00)   20862401 (       0)                    0 (  +0.00)           0  
##> rewrite                        START            70356252819 (  +0.00)    -21613.20 (   +0.00)   20862401 (       0)                    0 (  +0.00)              (a,ar) greater_or_equal_from_tc --> greater_or_equal_to_tc
##>                                  END            70356252819 (  +0.00)    -21613.20 (   +0.00)   20862401 (       0)                    0 (  +0.00)           0  
##> rewrite                        START            70356252819 (  +0.00)    -21613.20 (   +0.00)   20862401 (       0)                    0 (  +0.00)              (a,ar) greater_or_equal_from_tc --> greater_or_equal_to_tc
##>                                  END            70356252819 (  +0.00)    -21613.20 (   +0.00)   20862401 (       0)                    0 (  +0.00)           0  
##> rewrite                        START            70356252819 (  +0.00)    -21613.20 (   +0.00)   20862401 (       0)                    0 (  +0.00)              (a,ar) greater_or_equal_from_tc --> greater_or_equal_to_tc
##>                                  END            70356252819 (  +0.00)    -21613.20 (   +0.00)   20862401 (       0)                    0 (  +0.00)           0  
##> rewrite                        START            70356252819 (  +0.00)    -21613.20 (   +0.00)   20862401 (       0)                    0 (  +0.00)              (a,ar) greater_or_equal_from_tc --> greater_or_equal_to_tc
##>                                  END            70356252819 (  +0.00)    -21613.20 (   +0.00)   20862401 (       0)                    0 (  +0.00)           0  
##> rewrite                        START            70356252819 (  +0.00)    -21613.20 (   +0.00)   20862401 (       0)                    0 (  +0.00)              (a,ar) greater_or_equal_from_uns --> greater_or_equal_to_uns
##>                                  END            70465012790 (  +0.15)    -21613.20 (   +0.00)   20906554 (   44153)                    0 (  +0.00)           0  
##> rewrite                        START            70465012790 (  +0.00)    -21613.20 (   +0.00)   20906554 (       0)                    0 (  +0.00)              (a,ar) greater_than_from_uns --> greater_than_to_uns
##>                                  END            70819913748 (  +0.50)    -21613.20 (   +0.00)   20906554 (       0)                    0 (  +0.00)           0  
##> rewrite                        START            70819913748 (  +0.00)    -21613.20 (   +0.00)   20906554 (       0)                    0 (  +0.00)              (a,ar) greater_than_from_uns --> greater_than_to_uns
##>                                  END            71174814706 (  +0.50)    -21613.20 (   +0.00)   20906554 (       0)                    0 (  +0.00)           0  
##> rewrite                        START            71174814706 (  +0.00)    -21613.20 (   +0.00)   20906554 (       0)                    0 (  +0.00)              (a,ar) greater_than_from_uns --> greater_than_to_uns
##>                                  END            71529715664 (  +0.50)    -21613.20 (   +0.00)   20906554 (       0)                    0 (  +0.00)           0  
##> rewrite                        START            71529715664 (  +0.00)    -21613.20 (   +0.00)   20906554 (       0)                    0 (  +0.00)              (a,ar) a_minus_zero_from_tc --> a_minus_zero_to_tc
##>                                  END            71529715664 (  +0.00)    -21613.20 (   +0.00)   20906554 (       0)                    0 (  +0.00)           0  
##> rewrite                        START            71529715664 (  +0.00)    -21613.20 (   +0.00)   20906554 (       0)                    0 (  +0.00)              (a,ar) a_minus_zero_from_tc --> a_minus_zero_to_tc
##>                                  END            71529715664 (  +0.00)    -21613.20 (   +0.00)   20905114 (   -1440)                    0 (  +0.00)           0  
##> rewrite                        START            71529715664 (  +0.00)    -21613.20 (   +0.00)   20905114 (       0)                    0 (  +0.00)              (a,ar) a_minus_zero_from_tc --> a_minus_zero_to_tc
##>                                  END            71529715664 (  +0.00)    -21613.20 (   +0.00)   20905114 (       0)                    0 (  +0.00)           0  
##> rewrite                        START            71529715664 (  +0.00)    -21613.20 (   +0.00)   20905114 (       0)                    0 (  +0.00)              (a,ar) a_minus_zero_from_tc --> a_minus_zero_to_tc
##>                                  END            71529715664 (  +0.00)    -21613.20 (   +0.00)   20905114 (       0)                    0 (  +0.00)           0  
##> rewrite                        START            71529715664 (  +0.00)    -21613.20 (   +0.00)   20905114 (       0)                    0 (  +0.00)              (a,ar) a_minus_zero_from_tc --> a_minus_zero_to_tc
##>                                  END            71529715664 (  +0.00)    -21613.20 (   +0.00)   20905114 (       0)                    0 (  +0.00)           0  
##> rewrite                        START            71529715664 (  +0.00)    -21613.20 (   +0.00)   20905114 (       0)                    0 (  +0.00)              (a,ar) a_minus_zero_from_tc --> a_minus_zero_to_tc
##>                                  END            71529715664 (  +0.00)    -21613.20 (   +0.00)   20905114 (       0)                    0 (  +0.00)           0  
##> rewrite                        START            71529715664 (  +0.00)    -21613.20 (   +0.00)   20905114 (       0)                    0 (  +0.00)              (a,ar) a_minus_zero_from_tc --> a_minus_zero_to_tc
##>                                  END            71529715664 (  +0.00)    -21613.20 (   +0.00)   20905114 (       0)                    0 (  +0.00)           0  
##> rewrite                        START            71529715664 (  +0.00)    -21613.20 (   +0.00)   20905114 (       0)                    0 (  +0.00)              (a,ar) a_minus_zero_from_tc --> a_minus_zero_to_tc
##>                                  END            71529715664 (  +0.00)    -21613.20 (   +0.00)   20905114 (       0)                    0 (  +0.00)           0  
##> rewrite                        START           256272836930 (+258.27)    -47673.00 (-26059.80)   36143449 (15238335)                    0 (  +0.00)              (a,ar) Expr0_from --> Expr0_to
##>                                  END           285638029100 ( +11.46)    -47673.00 (   +0.00)   36604525 (  461076)                    0 (  +0.00)           0  
##> rewrite                        START           285638029100 (  +0.00)    -47673.00 (   +0.00)   36604525 (       0)                    0 (  +0.00)              (a,ar) Expr1_from --> Expr1_to
##>                                  END           285752513280 (  +0.04)    -47673.00 (   +0.00)   36604525 (       0)                    0 (  +0.00)           0  
##> rewrite                        START           285752513280 (  +0.00)    -47673.00 (   +0.00)   36604525 (       0)                    0 (  +0.00)              (a,ar) Expr2_from --> Expr2_to
##>                                  END           414140796941 ( +44.93)    -47673.00 (   +0.00)   37124127 (  519602)                    0 (  +0.00)           0  
##> rewrite                        START           414140796941 (  +0.00)    -47673.00 (   +0.00)   37124127 (       0)                    0 (  +0.00)              (a,ar) Expr3_from --> Expr3_to
##>                                  END           413980519089 (  -0.04)    -47673.00 (   +0.00)   37124127 (       0)                    0 (  +0.00)           0  
##> rewrite                        START           413980519089 (  +0.00)    -47673.00 (   +0.00)   37124127 (       0)                    0 (  +0.00)              (a,ar) Expr4_from --> Expr4_to
##>                                  END           413820241237 (  -0.04)    -47673.00 (   +0.00)   37124127 (       0)                    0 (  +0.00)           0  
##> rewrite                        START           413820241237 (  +0.00)    -47673.00 (   +0.00)   37124127 (       0)                    0 (  +0.00)              (a,ar) Expr5_from --> Expr5_to
##>                                  END           449928551609 (  +8.73)    -47673.00 (   +0.00)   37124127 (       0)                    0 (  +0.00)           0  
##> rewrite                        START           449928551609 (  +0.00)    -47673.00 (   +0.00)   37124127 (       0)                    0 (  +0.00)              (a,ar) Expr6_from --> Expr6_to
##>                                  END           449768273757 (  -0.04)    -47673.00 (   +0.00)   37124127 (       0)                    0 (  +0.00)           0  
##> rewrite                        START           449768273757 (  +0.00)    -47673.00 (   +0.00)   37124127 (       0)                    0 (  +0.00)              (a,ar) Expr7_from --> Expr7_to
##>                                  END           530433826985 ( +17.93)    -47673.00 (   +0.00)   37381110 (  256983)                    0 (  +0.00)           1  
##>                                  END           429069534013 (+489.61)    -23517.20 (-1950.60)   22220473 ( 1713528)                    0 (  +0.00)           4  
##>createMaxCarrySave              START           288316958912 ( -32.80)    -23376.30 ( +140.90)   22106391 ( -114082)                    0 (  +0.00)              
##> datapath_rewrite_one_def       START           288316958912 (  +0.00)    -23376.30 (   +0.00)   22106391 (       0)                    0 (  +0.00)              
##>  rewrite                       START           288316958912 (  +0.00)    -23376.30 (   +0.00)   22106391 (       0)                    0 (  +0.00)              (a,csaa) dissolve_1bit_const_2x1mux_from --> dissolve_1bit_const_2x1mux_to
##>                                  END           288294062076 (  -0.01)    -23376.30 (   +0.00)   22106391 (       0)                    0 (  +0.00)           0  
##>  rewrite                       START           288294062076 (  +0.00)    -23376.30 (   +0.00)   22106391 (       0)                    0 (  +0.00)              (a,csaa) dissolve_1bit_const_2x1mux_from --> dissolve_1bit_const_2x1mux_to
##>                                  END           288271165240 (  -0.01)    -23376.30 (   +0.00)   22106391 (       0)                    0 (  +0.00)           0  
##>  rewrite                       START           288271165240 (  +0.00)    -23376.30 (   +0.00)   22106391 (       0)                    0 (  +0.00)              (a,csaa) dissolve_1bit_const_2x1mux_from --> dissolve_1bit_const_2x1mux_to
##>                                  END           288248268404 (  -0.01)    -23376.30 (   +0.00)   22106391 (       0)                    0 (  +0.00)           0  
##>  rewrite                       START           288248268404 (  +0.00)    -23376.30 (   +0.00)   22106391 (       0)                    0 (  +0.00)              (a,csaa) dissolve_1bit_const_2x1mux_from --> dissolve_1bit_const_2x1mux_to
##>                                  END           288231095777 (  -0.01)    -23376.30 (   +0.00)   21999141 ( -107250)                    0 (  +0.00)           0  
##>                                  END           288231095777 (  -0.03)    -23376.30 (   +0.00)   21999141 ( -107250)                    0 (  +0.00)           0  
##> speculate_in_gdef              START           288231095777 (  +0.00)    -23376.30 (   +0.00)   21999141 (       0)                    0 (  +0.00)              
##>  pre_speculate_mux_merge       START           288231095777 (  +0.00)    -23376.30 (   +0.00)   21999141 (       0)                    0 (  +0.00)              
##>                                  END           288231095777 (  +0.00)    -23376.30 (   +0.00)   21999141 (       0)                    0 (  +0.00)           0  
##>                                  END           286765698273 (  -0.51)    -23376.30 (   +0.00)   21999141 (       0)                    0 (  +0.00)           0  
##> csa_opto                       START           286765698273 (  +0.00)    -23376.30 (   +0.00)   21999141 (       0)                    0 (  +0.00)              
##>                                  END           156631530867 ( -45.38)    -21867.90 (+1508.40)   20845353 (-1153788)                    0 (  +0.00)           1  
##>                                  END           156631530867 ( -45.67)    -21867.90 (+1508.40)   20845353 (-1261038)                    0 (  +0.00)           1  
##>canonicalize_by_names           START           156631530867 (  +0.00)    -21867.90 (   +0.00)   20845353 (       0)                    0 (  +0.00)              
##>                                  END           156631530867 (  +0.00)    -21867.90 (   +0.00)   20845353 (       0)                    0 (  +0.00)           0  
##>datapath_rewrite_post_csa_one_  START           156631530867 (  +0.00)    -21867.90 (   +0.00)   20845353 (       0)                    0 (  +0.00)              
##> rewrite                        START           156631530867 (  +0.00)    -21867.90 (   +0.00)   20845353 (       0)                    0 (  +0.00)              (na,csaa) base_signed_add_ci_csa_from --> signed_add_ci_csa_comp_smis_to
##>                                  END           157078019169 (  +0.29)    -21867.90 (   +0.00)   20847241 (    1888)                    0 (  +0.00)           0  
##> rewrite                        START           156631530867 (  -0.28)    -21867.90 (   +0.00)   20845353 (   -1888)                    0 (  +0.00)              (na,csaa) base_signed_add_ci_csa_from --> signed_add_ci_exs_csa_comp_smis_to
##>                                  END           157078019169 (  +0.29)    -21867.90 (   +0.00)   20847241 (    1888)                    0 (  +0.00)           0  
##> rewrite                        START           156631530867 (  -0.28)    -21867.90 (   +0.00)   20845353 (   -1888)                    0 (  +0.00)              (na,csaa) less_or_equal_to_uns_reverse --> less_or_equal_from_uns_reverse
##>                                  END           157089467587 (  +0.29)    -21867.90 (   +0.00)   20845353 (       0)                    0 (  +0.00)           0  
##> rewrite                        START           156631530867 (  -0.29)    -21867.90 (   +0.00)   20845353 (       0)                    0 (  +0.00)              
##>                                  END           156631530867 (  +0.00)    -21867.90 (   +0.00)   20845353 (       0)                    0 (  +0.00)           0  
##> rewrite                        START           156631530867 (  +0.00)    -21867.90 (   +0.00)   20845353 (       0)                    0 (  +0.00)              (na,csaa) less_or_equal_to_uns_reverse --> less_or_equal_from_uns_reverse
##>                                  END           157089467587 (  +0.29)    -21867.90 (   +0.00)   20845353 (       0)                    0 (  +0.00)           0  
##> rewrite                        START           156631530867 (  -0.29)    -21867.90 (   +0.00)   20845353 (       0)                    0 (  +0.00)              (a,csaa) less_than_to_uns_reverse --> less_than_from_uns_reverse
##>                                  END           156276629909 (  -0.23)    -21867.90 (   +0.00)   20845353 (       0)                    0 (  +0.00)           0  
##> rewrite                        START           156276629909 (  +0.00)    -21867.90 (   +0.00)   20845353 (       0)                    0 (  +0.00)              (a,csaa) less_than_to_uns_reverse --> less_than_from_uns_reverse
##>                                  END           155921728951 (  -0.23)    -21867.90 (   +0.00)   20845353 (       0)                    0 (  +0.00)           0  
##> rewrite                        START           155921728951 (  +0.00)    -21867.90 (   +0.00)   20845353 (       0)                    0 (  +0.00)              (a,csaa) less_than_to_uns_reverse --> less_than_from_uns_reverse
##>                                  END           155566827993 (  -0.23)    -21867.90 (   +0.00)   20845353 (       0)                    0 (  +0.00)           0  
##>                                  END           155566827993 (  -0.68)    -21867.90 (   +0.00)   20845353 (       0)                    0 (  +0.00)           0  
##>datapath_csa_factoring_one_gde  START           155566827993 (  +0.00)    -21867.90 (   +0.00)   20845353 (       0)                    0 (  +0.00)              
##>                                  END           155566827993 (  +0.00)    -21867.90 (   +0.00)   20845353 (       0)                    0 (  +0.00)           0  
##>dpopt_share_one_def             START           155566827993 (  +0.00)    -21867.90 (   +0.00)   20845353 (       0)                    0 (  +0.00)              
##>                                  END           151645744828 (  -2.52)    -21867.90 (   +0.00)   20876873 (   31520)                    0 (  +0.00)           0  
##>datapath_rewrite_post_share     START           151645744828 (  +0.00)    -21867.90 (   +0.00)   20876873 (       0)                    0 (  +0.00)              
##>                                  END           151645744828 (  +0.00)    -21867.90 (   +0.00)   20876873 (       0)                    0 (  +0.00)           0  
##>dp_combine_const_mult_with_com  START           151645744828 (  +0.00)    -21867.90 (   +0.00)   20876873 (       0)                    0 (  +0.00)              
##>                                  END           151645744828 (  +0.00)    -21867.90 (   +0.00)   20876873 (       0)                    0 (  +0.00)           0  
##>speculate_in_gdef               START           151645744828 (  +0.00)    -21867.90 (   +0.00)   20876873 (       0)                    0 (  +0.00)              
##> pre_speculate_mux_merge        START           151645744828 (  +0.00)    -21867.90 (   +0.00)   20876873 (       0)                    0 (  +0.00)              
##>                                  END           151645744828 (  +0.00)    -21867.90 (   +0.00)   20876873 (       0)                    0 (  +0.00)           0  
##> createMaxCarrySave             START           157387126455 (  +3.79)    -21269.40 ( +598.50)   20797605 (  -79268)                    0 (  +0.00)              
##>  datapath_rewrite_one_def      START           157387126455 (  +0.00)    -21269.40 (   +0.00)   20797605 (       0)                    0 (  +0.00)              
##>   fast_cse_elim                START           157387126455 (  +0.00)    -21269.40 (   +0.00)   20797605 (       0)                    0 (  +0.00)              
##>                                  END           157387126455 (  +0.00)    -21269.40 (   +0.00)   20797605 (       0)                    0 (  +0.00)           0  
##>   fast_cse_elim                START           157387126455 (  +0.00)    -21269.40 (   +0.00)   20797605 (       0)                    0 (  +0.00)              
##>                                  END           157387126455 (  +0.00)    -21269.40 (   +0.00)   20797605 (       0)                    0 (  +0.00)           0  
##>                                  END           157387126455 (  +0.00)    -21269.40 (   +0.00)   20797605 (       0)                    0 (  +0.00)           0  
##>  csa_opto                      START           157387126455 (  +0.00)    -21269.40 (   +0.00)   20797605 (       0)                    0 (  +0.00)              
##>                                  END           157387126455 (  +0.00)    -21269.40 (   +0.00)   20797605 (       0)                    0 (  +0.00)           0  
##>                                  END           157387126455 (  +0.00)    -21269.40 (   +0.00)   20797605 (       0)                    0 (  +0.00)           0  
##> createMaxCarrySave             START           156803257137 (  -0.37)    -21269.40 (   +0.00)   20652546 ( -145059)                    0 (  +0.00)              
##>  datapath_rewrite_one_def      START           156803257137 (  +0.00)    -21269.40 (   +0.00)   20652546 (       0)                    0 (  +0.00)              
##>   fast_cse_elim                START           156803257137 (  +0.00)    -21269.40 (   +0.00)   20652546 (       0)                    0 (  +0.00)              
##>                                  END           156803257137 (  +0.00)    -21269.40 (   +0.00)   20652546 (       0)                    0 (  +0.00)           0  
##>   fast_cse_elim                START           156803257137 (  +0.00)    -21269.40 (   +0.00)   20652546 (       0)                    0 (  +0.00)              
##>                                  END           156803257137 (  +0.00)    -21269.40 (   +0.00)   20652546 (       0)                    0 (  +0.00)           0  
##>                                  END           156803257137 (  +0.00)    -21269.40 (   +0.00)   20652546 (       0)                    0 (  +0.00)           0  
##>  csa_opto                      START           156803257137 (  +0.00)    -21269.40 (   +0.00)   20652546 (       0)                    0 (  +0.00)              
##>                                  END           156803257137 (  +0.00)    -21269.40 (   +0.00)   20652546 (       0)                    0 (  +0.00)           0  
##>                                  END           156803257137 (  +0.00)    -21269.40 (   +0.00)   20652546 (       0)                    0 (  +0.00)           0  
##>                                  END           156803257137 (  +3.40)    -21269.40 ( +598.50)   20652546 ( -224327)                    0 (  +0.00)           0  
##>dp_operator_level_decompositio  START           156803257137 (  +0.00)    -21269.40 (   +0.00)   20652546 (       0)                    0 (  +0.00)              
##>                                  END           156803257137 (  +0.00)    -21269.40 (   +0.00)   20652546 (       0)                    0 (  +0.00)           0  
##>selective_flatten_dp_config     START           156803257137 (  +0.00)    -21269.40 (   +0.00)   20652546 (       0)                    0 (  +0.00)              
##>                                  END           156700221375 (  -0.07)    -21269.40 (   +0.00)   20684084 (   31538)                    0 (  +0.00)           0  
##>createMaxCarrySave              START           156700221375 (  +0.00)    -21269.40 (   +0.00)   20684084 (       0)                    0 (  +0.00)              
##> datapath_rewrite_one_def       START           156700221375 (  +0.00)    -21269.40 (   +0.00)   20684084 (       0)                    0 (  +0.00)              
##>  fast_cse_elim                 START           156700221375 (  +0.00)    -21269.40 (   +0.00)   20684084 (       0)                    0 (  +0.00)              
##>                                  END           155063097601 (  -1.04)    -21269.40 (   +0.00)   20791334 (  107250)                    0 (  +0.00)           0  
##>  fast_cse_elim                 START           155063097601 (  +0.00)    -21269.40 (   +0.00)   20791334 (       0)                    0 (  +0.00)              
##>                                  END           155063097601 (  +0.00)    -21269.40 (   +0.00)   20791334 (       0)                    0 (  +0.00)           0  
##>                                  END           155063097601 (  -1.04)    -21269.40 (   +0.00)   20791334 (  107250)                    0 (  +0.00)           0  
##> speculate_in_gdef              START           155063097601 (  +0.00)    -21269.40 (   +0.00)   20791334 (       0)                    0 (  +0.00)              
##>  pre_speculate_mux_merge       START           155063097601 (  +0.00)    -21269.40 (   +0.00)   20791334 (       0)                    0 (  +0.00)              
##>                                  END           155063097601 (  +0.00)    -21269.40 (   +0.00)   20791334 (       0)                    0 (  +0.00)           0  
##>  createMaxCarrySave            START           158686521898 (  +2.34)    -21269.40 (   +0.00)   20791334 (       0)                    0 (  +0.00)              
##>   datapath_rewrite_one_def     START           158686521898 (  +0.00)    -21269.40 (   +0.00)   20791334 (       0)                    0 (  +0.00)              
##>    fast_cse_elim               START           158686521898 (  +0.00)    -21269.40 (   +0.00)   20791334 (       0)                    0 (  +0.00)              
##>                                  END           158686521898 (  +0.00)    -21269.40 (   +0.00)   20791334 (       0)                    0 (  +0.00)           0  
##>    fast_cse_elim               START           158686521898 (  +0.00)    -21269.40 (   +0.00)   20791334 (       0)                    0 (  +0.00)              
##>                                  END           158686521898 (  +0.00)    -21269.40 (   +0.00)   20791334 (       0)                    0 (  +0.00)           0  
##>                                  END           158686521898 (  +0.00)    -21269.40 (   +0.00)   20791334 (       0)                    0 (  +0.00)           0  
##>   csa_opto                     START           158686521898 (  +0.00)    -21269.40 (   +0.00)   20791334 (       0)                    0 (  +0.00)              
##>                                  END           158686521898 (  +0.00)    -21269.40 (   +0.00)   20791334 (       0)                    0 (  +0.00)           0  
##>                                  END           158686521898 (  +0.00)    -21269.40 (   +0.00)   20791334 (       0)                    0 (  +0.00)           0  
##>                                  END           155063097601 (  +0.00)    -21269.40 (   +0.00)   20791334 (       0)                    0 (  +0.00)           0  
##> csa_opto                       START           155063097601 (  +0.00)    -21269.40 (   +0.00)   20791334 (       0)                    0 (  +0.00)              
##>                                  END           155063097601 (  +0.00)    -21269.40 (   +0.00)   20791334 (       0)                    0 (  +0.00)           0  
##>                                  END           155063097601 (  -1.04)    -21269.40 (   +0.00)   20791334 (  107250)                    0 (  +0.00)           0  
##>datapath_rewrite_post_csa_one_  START           155063097601 (  +0.00)    -21269.40 (   +0.00)   20791334 (       0)                    0 (  +0.00)              
##> rewrite                        START           155063097601 (  +0.00)    -21269.40 (   +0.00)   20791334 (       0)                    0 (  +0.00)              (na,csaa) base_signed_add_ci_csa_from --> signed_add_ci_csa_comp_smis_to
##>                                  END           155240548080 (  +0.11)    -21269.40 (   +0.00)   20791334 (       0)                    0 (  +0.00)           0  
##> rewrite                        START           155063097601 (  -0.11)    -21269.40 (   +0.00)   20791334 (       0)                    0 (  +0.00)              (na,csaa) base_signed_add_ci_csa_from --> signed_add_ci_exs_csa_comp_smis_to
##>                                  END           155240548080 (  +0.11)    -21269.40 (   +0.00)   20791334 (       0)                    0 (  +0.00)           0  
##> rewrite                        START           155063097601 (  -0.11)    -21269.40 (   +0.00)   20791334 (       0)                    0 (  +0.00)              
##>                                  END           155063097601 (  +0.00)    -21269.40 (   +0.00)   20791334 (       0)                    0 (  +0.00)           0  
##> rewrite                        START           155063097601 (  +0.00)    -21269.40 (   +0.00)   20791334 (       0)                    0 (  +0.00)              
##>                                  END           155063097601 (  +0.00)    -21269.40 (   +0.00)   20791334 (       0)                    0 (  +0.00)           0  
##> rewrite                        START           155063097601 (  +0.00)    -21269.40 (   +0.00)   20791334 (       0)                    0 (  +0.00)              (a,csaa) base_signed_add_ci_hdp_lst_csa_from --> signed_add_ci_hdp_lst_exs_csa_to
##>                                  END           154027015772 (  -0.67)    -21269.40 (   +0.00)   20791334 (       0)                    0 (  +0.00)           0  
##> rewrite                        START           154027015772 (  +0.00)    -21269.40 (   +0.00)   20791334 (       0)                    0 (  +0.00)              (na,csaa) base_signed_add_ci_csa_from --> signed_add_ci_csa_comp_smis_to
##>                                  END           154204466251 (  +0.12)    -21269.40 (   +0.00)   20791334 (       0)                    0 (  +0.00)           0  
##> rewrite                        START           154027015772 (  -0.12)    -21269.40 (   +0.00)   20791334 (       0)                    0 (  +0.00)              (na,csaa) base_signed_add_ci_csa_from --> signed_add_ci_exs_csa_comp_smis_to
##>                                  END           154204466251 (  +0.12)    -21269.40 (   +0.00)   20791334 (       0)                    0 (  +0.00)           0  
##> rewrite                        START           154027015772 (  -0.12)    -21269.40 (   +0.00)   20791334 (       0)                    0 (  +0.00)              
##>                                  END           154027015772 (  +0.00)    -21269.40 (   +0.00)   20791334 (       0)                    0 (  +0.00)           0  
##> rewrite                        START           154027015772 (  +0.00)    -21269.40 (   +0.00)   20791334 (       0)                    0 (  +0.00)              
##>                                  END           154027015772 (  +0.00)    -21269.40 (   +0.00)   20791334 (       0)                    0 (  +0.00)           0  
##>                                  END           154027015772 (  -0.67)    -21269.40 (   +0.00)   20791334 (       0)                    0 (  +0.00)           0  
##>datapath_csa_factoring_one_gde  START           154027015772 (  +0.00)    -21269.40 (   +0.00)   20791334 (       0)                    0 (  +0.00)              
##>                                  END           154027015772 (  +0.00)    -21269.40 (   +0.00)   20791334 (       0)                    0 (  +0.00)           0  
##>dpopt_share_one_def             START           154027015772 (  +0.00)    -21269.40 (   +0.00)   20791334 (       0)                    0 (  +0.00)              
##>                                  END           154027015772 (  +0.00)    -21269.40 (   +0.00)   20791334 (       0)                    0 (  +0.00)           0  
##>datapath_rewrite_post_share     START           154027015772 (  +0.00)    -21269.40 (   +0.00)   20791334 (       0)                    0 (  +0.00)              
##>                                  END           154027015772 (  +0.00)    -21269.40 (   +0.00)   20791334 (       0)                    0 (  +0.00)           0  
##>dp_combine_const_mult_with_com  START           154027015772 (  +0.00)    -21269.40 (   +0.00)   20791334 (       0)                    0 (  +0.00)              
##>                                  END           154027015772 (  +0.00)    -21269.40 (   +0.00)   20791334 (       0)                    0 (  +0.00)           0  
##>speculate_in_gdef               START           154027015772 (  +0.00)    -21269.40 (   +0.00)   20791334 (       0)                    0 (  +0.00)              
##> pre_speculate_mux_merge        START           154027015772 (  +0.00)    -21269.40 (   +0.00)   20791334 (       0)                    0 (  +0.00)              
##>                                  END           154027015772 (  +0.00)    -21269.40 (   +0.00)   20791334 (       0)                    0 (  +0.00)           0  
##> createMaxCarrySave             START           157650440069 (  +2.35)    -21269.40 (   +0.00)   20791334 (       0)                    0 (  +0.00)              
##>  datapath_rewrite_one_def      START           157650440069 (  +0.00)    -21269.40 (   +0.00)   20791334 (       0)                    0 (  +0.00)              
##>   fast_cse_elim                START           157650440069 (  +0.00)    -21269.40 (   +0.00)   20791334 (       0)                    0 (  +0.00)              
##>                                  END           157650440069 (  +0.00)    -21269.40 (   +0.00)   20791334 (       0)                    0 (  +0.00)           0  
##>   fast_cse_elim                START           157650440069 (  +0.00)    -21269.40 (   +0.00)   20791334 (       0)                    0 (  +0.00)              
##>                                  END           157650440069 (  +0.00)    -21269.40 (   +0.00)   20791334 (       0)                    0 (  +0.00)           0  
##>                                  END           157650440069 (  +0.00)    -21269.40 (   +0.00)   20791334 (       0)                    0 (  +0.00)           0  
##>  csa_opto                      START           157650440069 (  +0.00)    -21269.40 (   +0.00)   20791334 (       0)                    0 (  +0.00)              
##>                                  END           157650440069 (  +0.00)    -21269.40 (   +0.00)   20791334 (       0)                    0 (  +0.00)           0  
##>                                  END           157650440069 (  +0.00)    -21269.40 (   +0.00)   20791334 (       0)                    0 (  +0.00)           0  
##>                                  END           154027015772 (  +0.00)    -21269.40 (   +0.00)   20791334 (       0)                    0 (  +0.00)           0  
##>dp_operator_level_decompositio  START           154027015772 (  +0.00)    -21269.40 (   +0.00)   20791334 (       0)                    0 (  +0.00)              
##>                                  END           154027015772 (  +0.00)    -21269.40 (   +0.00)   20791334 (       0)                    0 (  +0.00)           0  
##>selective_flatten_dp_config     START           154027015772 (  +0.00)    -21269.40 (   +0.00)   20791334 (       0)                    0 (  +0.00)              
##>                                  END           154027015772 (  +0.00)    -21269.40 (   +0.00)   20791334 (       0)                    0 (  +0.00)           0  
##>createMaxCarrySave              START           154027015772 (  +0.00)    -21269.40 (   +0.00)   20791334 (       0)                    0 (  +0.00)              
##> datapath_rewrite_one_def       START           154027015772 (  +0.00)    -21269.40 (   +0.00)   20791334 (       0)                    0 (  +0.00)              
##>  fast_cse_elim                 START           154027015772 (  +0.00)    -21269.40 (   +0.00)   20791334 (       0)                    0 (  +0.00)              
##>                                  END           154027015772 (  +0.00)    -21269.40 (   +0.00)   20791334 (       0)                    0 (  +0.00)           0  
##>  fast_cse_elim                 START           154027015772 (  +0.00)    -21269.40 (   +0.00)   20791334 (       0)                    0 (  +0.00)              
##>                                  END           154027015772 (  +0.00)    -21269.40 (   +0.00)   20791334 (       0)                    0 (  +0.00)           0  
##>                                  END           154027015772 (  +0.00)    -21269.40 (   +0.00)   20791334 (       0)                    0 (  +0.00)           0  
##> speculate_in_gdef              START           154027015772 (  +0.00)    -21269.40 (   +0.00)   20791334 (       0)                    0 (  +0.00)              
##>  pre_speculate_mux_merge       START           154027015772 (  +0.00)    -21269.40 (   +0.00)   20791334 (       0)                    0 (  +0.00)              
##>                                  END           154027015772 (  +0.00)    -21269.40 (   +0.00)   20791334 (       0)                    0 (  +0.00)           0  
##>  createMaxCarrySave            START           157650440069 (  +2.35)    -21269.40 (   +0.00)   20791334 (       0)                    0 (  +0.00)              
##>   datapath_rewrite_one_def     START           157650440069 (  +0.00)    -21269.40 (   +0.00)   20791334 (       0)                    0 (  +0.00)              
##>    fast_cse_elim               START           157650440069 (  +0.00)    -21269.40 (   +0.00)   20791334 (       0)                    0 (  +0.00)              
##>                                  END           157650440069 (  +0.00)    -21269.40 (   +0.00)   20791334 (       0)                    0 (  +0.00)           0  
##>    fast_cse_elim               START           157650440069 (  +0.00)    -21269.40 (   +0.00)   20791334 (       0)                    0 (  +0.00)              
##>                                  END           157650440069 (  +0.00)    -21269.40 (   +0.00)   20791334 (       0)                    0 (  +0.00)           0  
##>                                  END           157650440069 (  +0.00)    -21269.40 (   +0.00)   20791334 (       0)                    0 (  +0.00)           0  
##>   csa_opto                     START           157650440069 (  +0.00)    -21269.40 (   +0.00)   20791334 (       0)                    0 (  +0.00)              
##>                                  END           157650440069 (  +0.00)    -21269.40 (   +0.00)   20791334 (       0)                    0 (  +0.00)           0  
##>                                  END           157650440069 (  +0.00)    -21269.40 (   +0.00)   20791334 (       0)                    0 (  +0.00)           0  
##>                                  END           154027015772 (  +0.00)    -21269.40 (   +0.00)   20791334 (       0)                    0 (  +0.00)           0  
##> csa_opto                       START           154027015772 (  +0.00)    -21269.40 (   +0.00)   20791334 (       0)                    0 (  +0.00)              
##>                                  END           154027015772 (  +0.00)    -21269.40 (   +0.00)   20791334 (       0)                    0 (  +0.00)           0  
##>                                  END           154027015772 (  +0.00)    -21269.40 (   +0.00)   20791334 (       0)                    0 (  +0.00)           0  
##>datapath_rewrite_post_csa_one_  START           154027015772 (  +0.00)    -21269.40 (   +0.00)   20791334 (       0)                    0 (  +0.00)              
##> rewrite                        START           154027015772 (  +0.00)    -21269.40 (   +0.00)   20791334 (       0)                    0 (  +0.00)              
##>                                  END           154027015772 (  +0.00)    -21269.40 (   +0.00)   20791334 (       0)                    0 (  +0.00)           0  
##> rewrite                        START           154027015772 (  +0.00)    -21269.40 (   +0.00)   20791334 (       0)                    0 (  +0.00)              
##>                                  END           154027015772 (  +0.00)    -21269.40 (   +0.00)   20791334 (       0)                    0 (  +0.00)           0  
##> rewrite                        START           154027015772 (  +0.00)    -21269.40 (   +0.00)   20791334 (       0)                    0 (  +0.00)              
##>                                  END           154027015772 (  +0.00)    -21269.40 (   +0.00)   20791334 (       0)                    0 (  +0.00)           0  
##> rewrite                        START           154027015772 (  +0.00)    -21269.40 (   +0.00)   20791334 (       0)                    0 (  +0.00)              
##>                                  END           154027015772 (  +0.00)    -21269.40 (   +0.00)   20791334 (       0)                    0 (  +0.00)           0  
##>                                  END           154027015772 (  +0.00)    -21269.40 (   +0.00)   20791334 (       0)                    0 (  +0.00)           0  
##>datapath_csa_factoring_one_gde  START           154027015772 (  +0.00)    -21269.40 (   +0.00)   20791334 (       0)                    0 (  +0.00)              
##>                                  END           154027015772 (  +0.00)    -21269.40 (   +0.00)   20791334 (       0)                    0 (  +0.00)           0  
##>dpopt_share_one_def             START           154027015772 (  +0.00)    -21269.40 (   +0.00)   20791334 (       0)                    0 (  +0.00)              
##>                                  END           154027015772 (  +0.00)    -21269.40 (   +0.00)   20791334 (       0)                    0 (  +0.00)           0  
##>datapath_rewrite_post_share     START           154027015772 (  +0.00)    -21269.40 (   +0.00)   20791334 (       0)                    0 (  +0.00)              
##>                                  END           154027015772 (  +0.00)    -21269.40 (   +0.00)   20791334 (       0)                    0 (  +0.00)           0  
##>dp_combine_const_mult_with_com  START           154027015772 (  +0.00)    -21269.40 (   +0.00)   20791334 (       0)                    0 (  +0.00)              
##>                                  END           154027015772 (  +0.00)    -21269.40 (   +0.00)   20791334 (       0)                    0 (  +0.00)           0  
##>speculate_in_gdef               START           154027015772 (  +0.00)    -21269.40 (   +0.00)   20791334 (       0)                    0 (  +0.00)              
##> pre_speculate_mux_merge        START           154027015772 (  +0.00)    -21269.40 (   +0.00)   20791334 (       0)                    0 (  +0.00)              
##>                                  END           154027015772 (  +0.00)    -21269.40 (   +0.00)   20791334 (       0)                    0 (  +0.00)           0  
##> createMaxCarrySave             START           157650440069 (  +2.35)    -21269.40 (   +0.00)   20791334 (       0)                    0 (  +0.00)              
##>  datapath_rewrite_one_def      START           157650440069 (  +0.00)    -21269.40 (   +0.00)   20791334 (       0)                    0 (  +0.00)              
##>   fast_cse_elim                START           157650440069 (  +0.00)    -21269.40 (   +0.00)   20791334 (       0)                    0 (  +0.00)              
##>                                  END           157650440069 (  +0.00)    -21269.40 (   +0.00)   20791334 (       0)                    0 (  +0.00)           0  
##>   fast_cse_elim                START           157650440069 (  +0.00)    -21269.40 (   +0.00)   20791334 (       0)                    0 (  +0.00)              
##>                                  END           157650440069 (  +0.00)    -21269.40 (   +0.00)   20791334 (       0)                    0 (  +0.00)           0  
##>                                  END           157650440069 (  +0.00)    -21269.40 (   +0.00)   20791334 (       0)                    0 (  +0.00)           0  
##>  csa_opto                      START           157650440069 (  +0.00)    -21269.40 (   +0.00)   20791334 (       0)                    0 (  +0.00)              
##>                                  END           157650440069 (  +0.00)    -21269.40 (   +0.00)   20791334 (       0)                    0 (  +0.00)           0  
##>                                  END           157650440069 (  +0.00)    -21269.40 (   +0.00)   20791334 (       0)                    0 (  +0.00)           0  
##>                                  END           154027015772 (  +0.00)    -21269.40 (   +0.00)   20791334 (       0)                    0 (  +0.00)           0  
##>dp_operator_level_decompositio  START           154027015772 (  +0.00)    -21269.40 (   +0.00)   20791334 (       0)                    0 (  +0.00)              
##>                                  END           154027015772 (  +0.00)    -21269.40 (   +0.00)   20791334 (       0)                    0 (  +0.00)           0  
##>selective_flatten_dp_config     START           154027015772 (  +0.00)    -21269.40 (   +0.00)   20791334 (       0)                    0 (  +0.00)              
##>                                  END           154027015772 (  +0.00)    -21269.40 (   +0.00)   20791334 (       0)                    0 (  +0.00)           0  
##>createMaxCarrySave              START           154027015772 (  +0.00)    -21269.40 (   +0.00)   20791334 (       0)                    0 (  +0.00)              
##> datapath_rewrite_one_def       START           154027015772 (  +0.00)    -21269.40 (   +0.00)   20791334 (       0)                    0 (  +0.00)              
##>  fast_cse_elim                 START           154027015772 (  +0.00)    -21269.40 (   +0.00)   20791334 (       0)                    0 (  +0.00)              
##>                                  END           154027015772 (  +0.00)    -21269.40 (   +0.00)   20791334 (       0)                    0 (  +0.00)           0  
##>  fast_cse_elim                 START           154027015772 (  +0.00)    -21269.40 (   +0.00)   20791334 (       0)                    0 (  +0.00)              
##>                                  END           154027015772 (  +0.00)    -21269.40 (   +0.00)   20791334 (       0)                    0 (  +0.00)           0  
##>                                  END           154027015772 (  +0.00)    -21269.40 (   +0.00)   20791334 (       0)                    0 (  +0.00)           0  
##> speculate_in_gdef              START           154027015772 (  +0.00)    -21269.40 (   +0.00)   20791334 (       0)                    0 (  +0.00)              
##>  pre_speculate_mux_merge       START           154027015772 (  +0.00)    -21269.40 (   +0.00)   20791334 (       0)                    0 (  +0.00)              
##>                                  END           154027015772 (  +0.00)    -21269.40 (   +0.00)   20791334 (       0)                    0 (  +0.00)           0  
##>  createMaxCarrySave            START           157650440069 (  +2.35)    -21269.40 (   +0.00)   20791334 (       0)                    0 (  +0.00)              
##>   datapath_rewrite_one_def     START           157650440069 (  +0.00)    -21269.40 (   +0.00)   20791334 (       0)                    0 (  +0.00)              
##>    fast_cse_elim               START           157650440069 (  +0.00)    -21269.40 (   +0.00)   20791334 (       0)                    0 (  +0.00)              
##>                                  END           157650440069 (  +0.00)    -21269.40 (   +0.00)   20791334 (       0)                    0 (  +0.00)           0  
##>    fast_cse_elim               START           157650440069 (  +0.00)    -21269.40 (   +0.00)   20791334 (       0)                    0 (  +0.00)              
##>                                  END           157650440069 (  +0.00)    -21269.40 (   +0.00)   20791334 (       0)                    0 (  +0.00)           0  
##>                                  END           157650440069 (  +0.00)    -21269.40 (   +0.00)   20791334 (       0)                    0 (  +0.00)           0  
##>   csa_opto                     START           157650440069 (  +0.00)    -21269.40 (   +0.00)   20791334 (       0)                    0 (  +0.00)              
##>                                  END           157650440069 (  +0.00)    -21269.40 (   +0.00)   20791334 (       0)                    0 (  +0.00)           0  
##>                                  END           157650440069 (  +0.00)    -21269.40 (   +0.00)   20791334 (       0)                    0 (  +0.00)           0  
##>                                  END           154027015772 (  +0.00)    -21269.40 (   +0.00)   20791334 (       0)                    0 (  +0.00)           0  
##> csa_opto                       START           154027015772 (  +0.00)    -21269.40 (   +0.00)   20791334 (       0)                    0 (  +0.00)              
##>                                  END           154027015772 (  +0.00)    -21269.40 (   +0.00)   20791334 (       0)                    0 (  +0.00)           0  
##>                                  END           154027015772 (  +0.00)    -21269.40 (   +0.00)   20791334 (       0)                    0 (  +0.00)           0  
##>context_based_simplify          START           138359855739 ( -10.17)    -21344.40 (  -75.00)   21254370 (  463036)                    0 (  +0.00)              
##>                                  END           138096542125 (  -0.19)    -21344.40 (   +0.00)   21254370 (       0)                    0 (  +0.00)           0  
##>group_csa_final_adder_dp        START           138096542125 (  +0.00)    -21344.40 (   +0.00)   21254370 (       0)                    0 (  +0.00)              
##>                                  END           159991641550 ( +15.85)    -21344.40 (   +0.00)   21261838 (    7468)                    0 (  +0.00)           0  
##>dpopt_flatten_critical_muxes_i  START           159991641550 (  +0.00)    -21344.40 (   +0.00)   21261838 (       0)                    0 (  +0.00)              
##>                                  END           159991641550 (  +0.00)    -21344.40 (   +0.00)   21261838 (       0)                    0 (  +0.00)           0  
##>speculate_in_gdef               START           159991641550 (  +0.00)    -21344.40 (   +0.00)   21261838 (       0)                    0 (  +0.00)              
##> pre_speculate_mux_merge        START           159991641550 (  +0.00)    -21344.40 (   +0.00)   21261838 (       0)                    0 (  +0.00)              
##>                                  END           159991641550 (  +0.00)    -21344.40 (   +0.00)   21261838 (       0)                    0 (  +0.00)           0  
##>                                  END           159991641550 (  +0.00)    -21344.40 (   +0.00)   21261838 (       0)                    0 (  +0.00)           0  
##>create_score                    START           134553256754 ( -15.90)    -21344.40 (   +0.00)   21252930 (   -8908)                    0 (  +0.00)              
##>                                  END           134553256754 (  +0.00)    -21344.40 (   +0.00)   21252930 (       0)                    0 (  +0.00)           0  
##>+-----------------------------------------------------------------------------------------------------------------------------------------------------------------------------------------------------+
Committed config: CDN_DP_region_0_3_c7
Info    : Done implementing datapath configurations. [DPOPT-4]
        : Selected 'very_fast' configuration 7 for module 'CDN_DP_region_0_3_c7'.
          Optimizations applied to 'very_fast' configuration:
            rewriting(40), factoring(0), sharing(3), cmultcse(0), downsizing(0), speculation(9)
Info    : Implementing datapath configurations. [DPOPT-3]
        : Implementing datapath configurations for 'CDN_DP_region_0_2'
CSAGen Prep Share:0 Re-Write:2 Speculation: 0
CDN_DP_region_0_2 level = 0 loads = 0 drivers = 0
CDN_DP_region_0_2_c0 in cnn_top: area: 578145109 ,dp = 2 mux = 1  ctl_case = 0  decode = 0  other = 4  sg = slow         worst_clk_period: -1.0000 
    wns: 0  norm_wns:  -1.0000 
    fail_endp: -1 
    tns:  0  tns_per_endp:  -1.0000   norm_tns_per_endp:  -1.0000 
    tns_sense_max:  -1.0000  tns_sense_avg:  -1.0000   tns_sense_num: -1
 skipped
CDN_DP_region_0_2_c1 in cnn_top: area: 572420900 ,dp = 1 mux = 1  ctl_case = 0  decode = 0  other = 4  sg = fast         worst_clk_period: -1.0000 
    wns: 0  norm_wns:  -1.0000 
    fail_endp: -1 
    tns:  0  tns_per_endp:  -1.0000   norm_tns_per_endp:  -1.0000 
    tns_sense_max:  -1.0000  tns_sense_avg:  -1.0000   tns_sense_num: -1
 is current best
CDN_DP_region_0_2_c2 in cnn_top: area: 572420900 ,dp = 1 mux = 1  ctl_case = 0  decode = 0  other = 4  sg = very_slow    worst_clk_period: -1.0000 
    wns: 0  norm_wns:  -1.0000 
    fail_endp: -1 
    tns:  0  tns_per_endp:  -1.0000   norm_tns_per_endp:  -1.0000 
    tns_sense_max:  -1.0000  tns_sense_avg:  -1.0000   tns_sense_num: -1
 is current best
CDN_DP_region_0_2_c3 in cnn_top: area: 572420900 ,dp = 1 mux = 1  ctl_case = 0  decode = 0  other = 4  sg = very_fast    worst_clk_period: -1.0000 
    wns: 0  norm_wns:  -1.0000 
    fail_endp: -1 
    tns:  0  tns_per_endp:  -1.0000   norm_tns_per_endp:  -1.0000 
    tns_sense_max:  -1.0000  tns_sense_avg:  -1.0000   tns_sense_num: -1
 is current best
CDN_DP_region_0_2_c4 in cnn_top: area: 572420900 ,dp = 1 mux = 1  ctl_case = 0  decode = 0  other = 4  sg = very_fast    worst_clk_period: -1.0000 
    wns: 0  norm_wns:  -1.0000 
    fail_endp: -1 
    tns:  0  tns_per_endp:  -1.0000   norm_tns_per_endp:  -1.0000 
    tns_sense_max:  -1.0000  tns_sense_avg:  -1.0000   tns_sense_num: -1
 is current best
CDN_DP_region_0_2_c5 in cnn_top: area: 572420900 ,dp = 1 mux = 1  ctl_case = 0  decode = 0  other = 4  sg = very_fast    worst_clk_period: -1.0000 
    wns: 0  norm_wns:  -1.0000 
    fail_endp: -1 
    tns:  0  tns_per_endp:  -1.0000   norm_tns_per_endp:  -1.0000 
    tns_sense_max:  -1.0000  tns_sense_avg:  -1.0000   tns_sense_num: -1
 is current best
CDN_DP_region_0_2_c6 in cnn_top: area: 572420900 ,dp = 1 mux = 1  ctl_case = 0  decode = 0  other = 4  sg = very_fast    worst_clk_period: -1.0000 
    wns: 0  norm_wns:  -1.0000 
    fail_endp: -1 
    tns:  0  tns_per_endp:  -1.0000   norm_tns_per_endp:  -1.0000 
    tns_sense_max:  -1.0000  tns_sense_avg:  -1.0000   tns_sense_num: -1
 is current best
CDN_DP_region_0_2_c7 in cnn_top: area: 572420900 ,dp = 1 mux = 1  ctl_case = 0  decode = 0  other = 4  sg = very_fast    worst_clk_period: -1.0000 
    wns: 0  norm_wns:  -1.0000 
    fail_endp: -1 
    tns:  0  tns_per_endp:  -1.0000   norm_tns_per_endp:  -1.0000 
    tns_sense_max:  -1.0000  tns_sense_avg:  -1.0000   tns_sense_num: -1
 is current best
Best config: CDN_DP_region_0_2_c7 in cnn_top: area: 572420900 ,dp = 1 mux = 1  ctl_case = 0  decode = 0  other = 4  sg = very_fast    worst_clk_period: -1.0000 
    wns: 0  norm_wns:  -1.0000 
    fail_endp: -1 
    tns:  0  tns_per_endp:  -1.0000   norm_tns_per_endp:  -1.0000 
    tns_sense_max:  -1.0000  tns_sense_avg:  -1.0000   tns_sense_num: -1
  Smallest config area : 572420900.  Fastest config wns;  0
##>+----------------------------------------------------------------------------------------------------------------------------------------------------------------+
##>Summary table of configs (Best config is CDN_DP_region_0_2_c7)
##>+----------------------------------------------------------------------------------------------------------------------------------------------------------------+
##>                     0                  1                  2                  3                  4                  5                  6                  7            
##>+----------------------------------------------------------------------------------------------------------------------------------------------------------------+
##>           Area        578145109          572420900          572420900          572420900          572420900          572420900          572420900          572420900  
##>            WNS         +3014.80           +2803.90           +2803.90           +2803.90           +2803.90           +2803.90           +2803.90           +2803.90  
##>            TNS                0                  0                  0                  0                  0                  0                  0                  0  
##>    Num Rewrite                0                  0                  0                  0                  0                  0                  0                  2  
##>     Num Factor                0                  0                  0                  0                  0                  0                  0                  0  
##>      Num Share                0                  0                  0                  0                  0                  0                  0                  0  
##>   Num CmultCse                0                  0                  0                  0                  0                  0                  0                  0  
##>   Num Downsize                0                  0                  0                  0                  0                  0                  0                  0  
##>  Num Speculate                0                  0                  0                  0                  0                  0                  0                  0  
##>     Runtime(s)                0                  0                  0                  0                  0                  0                  0                  0  
+----------------------------------------------------------------------------------------------------------------------------------------------------------------+
##>
##>
##>+-----------------------------------------------------------------------------------------------------------------------------------------------------------------------------------------------------+
##>Optimization Step DEBUG Table for config CDN_DP_region_0_2_c7
##>
##>                          Step                        Area   (  % Chg)         WNS (Change)          TNS (Change)                Power   (  % Chg)        Runtime (s)        Comment                   
##>+-----------------------------------------------------------------------------------------------------------------------------------------------------------------------------------------------------+
##>EquationExtraction              START              578145109 (       )     3014.80 (        )          0 (        )                    0 (       )              
##> rewrite                        START              578145109 (  +0.00)     3014.80 (   +0.00)          0 (       0)                    0 (  +0.00)              (a,ar) less_than_from_tc --> less_than_to_tc
##>                                  END              578145109 (  +0.00)     3014.80 (   +0.00)          0 (       0)                    0 (  +0.00)           0  
##> rewrite                        START              578145109 (  +0.00)     3014.80 (   +0.00)          0 (       0)                    0 (  +0.00)              (a,ar) a_minus_zero_from_tc --> a_minus_zero_to_tc
##>                                  END              578145109 (  +0.00)     2803.90 ( -210.90)          0 (       0)                    0 (  +0.00)           0  
##> rewrite                        START              984563948 ( +70.30)    -11907.30 (-14711.20)     952584 (  952584)                    0 (  +0.00)              (a,ar) Expr8_from --> Expr8_to
##>                                  END             5300617534 (+438.37)    -11907.30 (   +0.00)     952584 (       0)                    0 (  +0.00)           0  
##>                                  END              578145109 (  +0.00)     2803.90 ( -210.90)          0 (       0)                    0 (  +0.00)           0  
##>createMaxCarrySave              START              578145109 (  +0.00)     2803.90 (   +0.00)          0 (       0)                    0 (  +0.00)              
##> datapath_rewrite_one_def       START              578145109 (  +0.00)     2803.90 (   +0.00)          0 (       0)                    0 (  +0.00)              
##>                                  END              578145109 (  +0.00)     2803.90 (   +0.00)          0 (       0)                    0 (  +0.00)           0  
##> csa_opto                       START              578145109 (  +0.00)     2803.90 (   +0.00)          0 (       0)                    0 (  +0.00)              
##>                                  END              578145109 (  +0.00)     2803.90 (   +0.00)          0 (       0)                    0 (  +0.00)           0  
##>                                  END              578145109 (  +0.00)     2803.90 (   +0.00)          0 (       0)                    0 (  +0.00)           0  
##>canonicalize_by_names           START              578145109 (  +0.00)     2803.90 (   +0.00)          0 (       0)                    0 (  +0.00)              
##>                                  END              578145109 (  +0.00)     2803.90 (   +0.00)          0 (       0)                    0 (  +0.00)           0  
##>datapath_rewrite_post_csa_one_  START              578145109 (  +0.00)     2803.90 (   +0.00)          0 (       0)                    0 (  +0.00)              
##>                                  END              578145109 (  +0.00)     2803.90 (   +0.00)          0 (       0)                    0 (  +0.00)           0  
##>datapath_csa_factoring_one_gde  START              578145109 (  +0.00)     2803.90 (   +0.00)          0 (       0)                    0 (  +0.00)              
##>                                  END              578145109 (  +0.00)     2803.90 (   +0.00)          0 (       0)                    0 (  +0.00)           0  
##>dpopt_share_one_def             START              578145109 (  +0.00)     2803.90 (   +0.00)          0 (       0)                    0 (  +0.00)              
##>                                  END              578145109 (  +0.00)     2803.90 (   +0.00)          0 (       0)                    0 (  +0.00)           0  
##>datapath_rewrite_post_share     START              578145109 (  +0.00)     2803.90 (   +0.00)          0 (       0)                    0 (  +0.00)              
##>                                  END              578145109 (  +0.00)     2803.90 (   +0.00)          0 (       0)                    0 (  +0.00)           0  
##>dp_combine_const_mult_with_com  START              578145109 (  +0.00)     2803.90 (   +0.00)          0 (       0)                    0 (  +0.00)              
##>                                  END              578145109 (  +0.00)     2803.90 (   +0.00)          0 (       0)                    0 (  +0.00)           0  
##>dp_operator_level_decompositio  START              578145109 (  +0.00)     2803.90 (   +0.00)          0 (       0)                    0 (  +0.00)              
##>                                  END              578145109 (  +0.00)     2803.90 (   +0.00)          0 (       0)                    0 (  +0.00)           0  
##>selective_flatten_dp_config     START              578145109 (  +0.00)     2803.90 (   +0.00)          0 (       0)                    0 (  +0.00)              
##>                                  END              578145109 (  +0.00)     2803.90 (   +0.00)          0 (       0)                    0 (  +0.00)           0  
##>createMaxCarrySave              START              578145109 (  +0.00)     2803.90 (   +0.00)          0 (       0)                    0 (  +0.00)              
##> datapath_rewrite_one_def       START              578145109 (  +0.00)     2803.90 (   +0.00)          0 (       0)                    0 (  +0.00)              
##>  fast_cse_elim                 START              578145109 (  +0.00)     2803.90 (   +0.00)          0 (       0)                    0 (  +0.00)              
##>                                  END              578145109 (  +0.00)     2803.90 (   +0.00)          0 (       0)                    0 (  +0.00)           0  
##>  fast_cse_elim                 START              578145109 (  +0.00)     2803.90 (   +0.00)          0 (       0)                    0 (  +0.00)              
##>                                  END              578145109 (  +0.00)     2803.90 (   +0.00)          0 (       0)                    0 (  +0.00)           0  
##>                                  END              578145109 (  +0.00)     2803.90 (   +0.00)          0 (       0)                    0 (  +0.00)           0  
##> csa_opto                       START              578145109 (  +0.00)     2803.90 (   +0.00)          0 (       0)                    0 (  +0.00)              
##>                                  END              578145109 (  +0.00)     2803.90 (   +0.00)          0 (       0)                    0 (  +0.00)           0  
##>                                  END              578145109 (  +0.00)     2803.90 (   +0.00)          0 (       0)                    0 (  +0.00)           0  
##>context_based_simplify          START              578145109 (  +0.00)     2803.90 (   +0.00)          0 (       0)                    0 (  +0.00)              
##>                                  END              572420900 (  -0.99)     2803.90 (   +0.00)          0 (       0)                    0 (  +0.00)           0  
##>group_csa_final_adder_dp        START              572420900 (  +0.00)     2803.90 (   +0.00)          0 (       0)                    0 (  +0.00)              
##>                                  END              572420900 (  +0.00)     2803.90 (   +0.00)          0 (       0)                    0 (  +0.00)           0  
##>dpopt_flatten_critical_muxes_i  START              572420900 (  +0.00)     2803.90 (   +0.00)          0 (       0)                    0 (  +0.00)              
##>                                  END              572420900 (  +0.00)     2803.90 (   +0.00)          0 (       0)                    0 (  +0.00)           0  
##>create_score                    START              572420900 (  +0.00)     2803.90 (   +0.00)          0 (       0)                    0 (  +0.00)              
##>                                  END              572420900 (  +0.00)     2803.90 (   +0.00)          0 (       0)                    0 (  +0.00)           0  
##>+-----------------------------------------------------------------------------------------------------------------------------------------------------------------------------------------------------+
Committed config: CDN_DP_region_0_2_c7
Info    : Done implementing datapath configurations. [DPOPT-4]
        : Selected 'very_fast' configuration 7 for module 'CDN_DP_region_0_2_c7'.
          Optimizations applied to 'very_fast' configuration:
            rewriting(2), factoring(0), sharing(0), cmultcse(0), downsizing(0), speculation(0)
Info    : Implementing datapath configurations. [DPOPT-3]
        : Implementing datapath configurations for 'CDN_DP_region_0_5'
CSAGen Prep Share:0 Re-Write:0 Speculation: 0
CDN_DP_region_0_5 level = 0 loads = 0 drivers = 0
CDN_DP_region_0_5_c0 in cnn_top: area: 692629289 ,dp = 1 mux = 0  ctl_case = 0  decode = 0  sg = slow         worst_clk_period: -1.0000 
    wns: 0  norm_wns:  -1.0000 
    fail_endp: -1 
    tns:  0  tns_per_endp:  -1.0000   norm_tns_per_endp:  -1.0000 
    tns_sense_max:  -1.0000  tns_sense_avg:  -1.0000   tns_sense_num: -1
 skipped
CDN_DP_region_0_5_c1 in cnn_top: area: 498006183 ,dp = 1 mux = 0  ctl_case = 0  decode = 0  sg = fast         worst_clk_period: -1.0000 
    wns: 0  norm_wns:  -1.0000 
    fail_endp: -1 
    tns:  0  tns_per_endp:  -1.0000   norm_tns_per_endp:  -1.0000 
    tns_sense_max:  -1.0000  tns_sense_avg:  -1.0000   tns_sense_num: -1
 is current best
CDN_DP_region_0_5_c2 in cnn_top: area: 498006183 ,dp = 1 mux = 0  ctl_case = 0  decode = 0  sg = very_slow    worst_clk_period: -1.0000 
    wns: 0  norm_wns:  -1.0000 
    fail_endp: -1 
    tns:  0  tns_per_endp:  -1.0000   norm_tns_per_endp:  -1.0000 
    tns_sense_max:  -1.0000  tns_sense_avg:  -1.0000   tns_sense_num: -1
 is current best
CDN_DP_region_0_5_c3 in cnn_top: area: 498006183 ,dp = 1 mux = 0  ctl_case = 0  decode = 0  sg = very_fast    worst_clk_period: -1.0000 
    wns: 0  norm_wns:  -1.0000 
    fail_endp: -1 
    tns:  0  tns_per_endp:  -1.0000   norm_tns_per_endp:  -1.0000 
    tns_sense_max:  -1.0000  tns_sense_avg:  -1.0000   tns_sense_num: -1
 is current best
CDN_DP_region_0_5_c4 in cnn_top: area: 498006183 ,dp = 1 mux = 0  ctl_case = 0  decode = 0  sg = very_fast    worst_clk_period: -1.0000 
    wns: 0  norm_wns:  -1.0000 
    fail_endp: -1 
    tns:  0  tns_per_endp:  -1.0000   norm_tns_per_endp:  -1.0000 
    tns_sense_max:  -1.0000  tns_sense_avg:  -1.0000   tns_sense_num: -1
 is current best
CDN_DP_region_0_5_c5 in cnn_top: area: 498006183 ,dp = 1 mux = 0  ctl_case = 0  decode = 0  sg = very_fast    worst_clk_period: -1.0000 
    wns: 0  norm_wns:  -1.0000 
    fail_endp: -1 
    tns:  0  tns_per_endp:  -1.0000   norm_tns_per_endp:  -1.0000 
    tns_sense_max:  -1.0000  tns_sense_avg:  -1.0000   tns_sense_num: -1
 is current best
CDN_DP_region_0_5_c6 in cnn_top: area: 498006183 ,dp = 1 mux = 0  ctl_case = 0  decode = 0  sg = very_fast    worst_clk_period: -1.0000 
    wns: 0  norm_wns:  -1.0000 
    fail_endp: -1 
    tns:  0  tns_per_endp:  -1.0000   norm_tns_per_endp:  -1.0000 
    tns_sense_max:  -1.0000  tns_sense_avg:  -1.0000   tns_sense_num: -1
 is current best
CDN_DP_region_0_5_c7 in cnn_top: area: 498006183 ,dp = 1 mux = 0  ctl_case = 0  decode = 0  sg = very_fast    worst_clk_period: -1.0000 
    wns: 0  norm_wns:  -1.0000 
    fail_endp: -1 
    tns:  0  tns_per_endp:  -1.0000   norm_tns_per_endp:  -1.0000 
    tns_sense_max:  -1.0000  tns_sense_avg:  -1.0000   tns_sense_num: -1
 is current best
Best config: CDN_DP_region_0_5_c7 in cnn_top: area: 498006183 ,dp = 1 mux = 0  ctl_case = 0  decode = 0  sg = very_fast    worst_clk_period: -1.0000 
    wns: 0  norm_wns:  -1.0000 
    fail_endp: -1 
    tns:  0  tns_per_endp:  -1.0000   norm_tns_per_endp:  -1.0000 
    tns_sense_max:  -1.0000  tns_sense_avg:  -1.0000   tns_sense_num: -1
  Smallest config area : 498006183.  Fastest config wns;  0
##>+----------------------------------------------------------------------------------------------------------------------------------------------------------------+
##>Summary table of configs (Best config is CDN_DP_region_0_5_c7)
##>+----------------------------------------------------------------------------------------------------------------------------------------------------------------+
##>                     0                  1                  2                  3                  4                  5                  6                  7            
##>+----------------------------------------------------------------------------------------------------------------------------------------------------------------+
##>           Area        692629289          498006183          498006183          498006183          498006183          498006183          498006183          498006183  
##>            WNS         +4285.60           +4285.60           +4285.60           +4285.60           +4285.60           +4285.60           +4285.60           +4285.60  
##>            TNS                0                  0                  0                  0                  0                  0                  0                  0  
##>    Num Rewrite                0                  0                  0                  0                  0                  0                  0                  0  
##>     Num Factor                0                  0                  0                  0                  0                  0                  0                  0  
##>      Num Share                0                  0                  0                  0                  0                  0                  0                  0  
##>   Num CmultCse                0                  0                  0                  0                  0                  0                  0                  0  
##>   Num Downsize                0                  0                  0                  0                  0                  0                  0                  0  
##>  Num Speculate                0                  0                  0                  0                  0                  0                  0                  0  
##>     Runtime(s)                0                  0                  0                  0                  0                  0                  0                  0  
+----------------------------------------------------------------------------------------------------------------------------------------------------------------+
##>
##>
##>+-----------------------------------------------------------------------------------------------------------------------------------------------------------------------------------------------------+
##>Optimization Step DEBUG Table for config CDN_DP_region_0_5_c7
##>
##>                          Step                        Area   (  % Chg)         WNS (Change)          TNS (Change)                Power   (  % Chg)        Runtime (s)        Comment                   
##>+-----------------------------------------------------------------------------------------------------------------------------------------------------------------------------------------------------+
##>EquationExtraction              START              692629289 (       )     4285.60 (        )          0 (        )                    0 (       )              
##> rewrite                        START             1339464906 ( +93.39)    -11727.50 (-16013.10)    1189601 ( 1189601)                    0 (  +0.00)              (a,ar) Expr9_from --> Expr9_to
##>                                  END             2427064616 ( +81.20)    -11727.50 (   +0.00)    1189601 (       0)                    0 (  +0.00)           0  
##>                                  END              692629289 (  +0.00)     4285.60 (   +0.00)          0 (       0)                    0 (  +0.00)           0  
##>createMaxCarrySave              START              692629289 (  +0.00)     4285.60 (   +0.00)          0 (       0)                    0 (  +0.00)              
##> datapath_rewrite_one_def       START              692629289 (  +0.00)     4285.60 (   +0.00)          0 (       0)                    0 (  +0.00)              
##>                                  END              692629289 (  +0.00)     4285.60 (   +0.00)          0 (       0)                    0 (  +0.00)           0  
##> csa_opto                       START              692629289 (  +0.00)     4285.60 (   +0.00)          0 (       0)                    0 (  +0.00)              
##>                                  END              646835617 (  -6.61)     4285.60 (   +0.00)          0 (       0)                    0 (  +0.00)           0  
##>                                  END              646835617 (  -6.61)     4285.60 (   +0.00)          0 (       0)                    0 (  +0.00)           0  
##>canonicalize_by_names           START              646835617 (  +0.00)     4285.60 (   +0.00)          0 (       0)                    0 (  +0.00)              
##>                                  END              646835617 (  +0.00)     4285.60 (   +0.00)          0 (       0)                    0 (  +0.00)           0  
##>datapath_rewrite_post_csa_one_  START              646835617 (  +0.00)     4285.60 (   +0.00)          0 (       0)                    0 (  +0.00)              
##>                                  END              646835617 (  +0.00)     4285.60 (   +0.00)          0 (       0)                    0 (  +0.00)           0  
##>datapath_csa_factoring_one_gde  START              646835617 (  +0.00)     4285.60 (   +0.00)          0 (       0)                    0 (  +0.00)              
##>                                  END              646835617 (  +0.00)     4285.60 (   +0.00)          0 (       0)                    0 (  +0.00)           0  
##>dpopt_share_one_def             START              646835617 (  +0.00)     4285.60 (   +0.00)          0 (       0)                    0 (  +0.00)              
##>                                  END              646835617 (  +0.00)     4285.60 (   +0.00)          0 (       0)                    0 (  +0.00)           0  
##>datapath_rewrite_post_share     START              646835617 (  +0.00)     4285.60 (   +0.00)          0 (       0)                    0 (  +0.00)              
##>                                  END              646835617 (  +0.00)     4285.60 (   +0.00)          0 (       0)                    0 (  +0.00)           0  
##>dp_combine_const_mult_with_com  START              646835617 (  +0.00)     4285.60 (   +0.00)          0 (       0)                    0 (  +0.00)              
##>                                  END              646835617 (  +0.00)     4285.60 (   +0.00)          0 (       0)                    0 (  +0.00)           0  
##>dp_operator_level_decompositio  START              646835617 (  +0.00)     4285.60 (   +0.00)          0 (       0)                    0 (  +0.00)              
##>                                  END              646835617 (  +0.00)     4285.60 (   +0.00)          0 (       0)                    0 (  +0.00)           0  
##>selective_flatten_dp_config     START              646835617 (  +0.00)     4285.60 (   +0.00)          0 (       0)                    0 (  +0.00)              
##>                                  END              646835617 (  +0.00)     4285.60 (   +0.00)          0 (       0)                    0 (  +0.00)           0  
##>createMaxCarrySave              START              646835617 (  +0.00)     4285.60 (   +0.00)          0 (       0)                    0 (  +0.00)              
##> datapath_rewrite_one_def       START              646835617 (  +0.00)     4285.60 (   +0.00)          0 (       0)                    0 (  +0.00)              
##>  fast_cse_elim                 START              646835617 (  +0.00)     4285.60 (   +0.00)          0 (       0)                    0 (  +0.00)              
##>                                  END              646835617 (  +0.00)     4285.60 (   +0.00)          0 (       0)                    0 (  +0.00)           0  
##>  fast_cse_elim                 START              646835617 (  +0.00)     4285.60 (   +0.00)          0 (       0)                    0 (  +0.00)              
##>                                  END              646835617 (  +0.00)     4285.60 (   +0.00)          0 (       0)                    0 (  +0.00)           0  
##>                                  END              646835617 (  +0.00)     4285.60 (   +0.00)          0 (       0)                    0 (  +0.00)           0  
##> csa_opto                       START              646835617 (  +0.00)     4285.60 (   +0.00)          0 (       0)                    0 (  +0.00)              
##>                                  END              646835617 (  +0.00)     4285.60 (   +0.00)          0 (       0)                    0 (  +0.00)           0  
##>                                  END              646835617 (  +0.00)     4285.60 (   +0.00)          0 (       0)                    0 (  +0.00)           0  
##>context_based_simplify          START              623938781 (  -3.54)     4285.60 (   +0.00)          0 (       0)                    0 (  +0.00)              
##>                                  END              498006183 ( -20.18)     4285.60 (   +0.00)          0 (       0)                    0 (  +0.00)           0  
##>group_csa_final_adder_dp        START              498006183 (  +0.00)     4285.60 (   +0.00)          0 (       0)                    0 (  +0.00)              
##>                                  END              498006183 (  +0.00)     4285.60 (   +0.00)          0 (       0)                    0 (  +0.00)           0  
##>dpopt_flatten_critical_muxes_i  START              498006183 (  +0.00)     4285.60 (   +0.00)          0 (       0)                    0 (  +0.00)              
##>                                  END              498006183 (  +0.00)     4285.60 (   +0.00)          0 (       0)                    0 (  +0.00)           0  
##>create_score                    START              498006183 (  +0.00)     4285.60 (   +0.00)          0 (       0)                    0 (  +0.00)              
##>                                  END              498006183 (  +0.00)     4285.60 (   +0.00)          0 (       0)                    0 (  +0.00)           0  
##>+-----------------------------------------------------------------------------------------------------------------------------------------------------------------------------------------------------+
Committed config: CDN_DP_region_0_5_c7
Info    : Done implementing datapath configurations. [DPOPT-4]
        : Selected 'very_fast' configuration 7 for module 'CDN_DP_region_0_5_c7'.
          Optimizations applied to 'very_fast' configuration:
            rewriting(0), factoring(0), sharing(0), cmultcse(0), downsizing(0), speculation(0)
Info    : Implementing datapath configurations. [DPOPT-3]
        : Implementing datapath configurations for 'CDN_DP_region_0_4'
CSAGen Prep Share:0 Re-Write:0 Speculation: 0
CDN_DP_region_0_4 level = 0 loads = 0 drivers = 0
CDN_DP_region_0_4_c0 in cnn_top: area: 57242090 ,dp = 1 mux = 0  ctl_case = 0  decode = 0  sg = slow         worst_clk_period: -1.0000 
    wns: 62564  norm_wns:  -1.0000 
    fail_endp: -1 
    tns:  185180  tns_per_endp:  -1.0000   norm_tns_per_endp:  -1.0000 
    tns_sense_max:  -1.0000  tns_sense_avg:  -1.0000   tns_sense_num: -1
 skipped
CDN_DP_region_0_4_c1 in cnn_top: area: 40069463 ,dp = 1 mux = 0  ctl_case = 0  decode = 0  sg = fast         worst_clk_period: -1.0000 
    wns: 62564  norm_wns:  -1.0000 
    fail_endp: -1 
    tns:  185180  tns_per_endp:  -1.0000   norm_tns_per_endp:  -1.0000 
    tns_sense_max:  -1.0000  tns_sense_avg:  -1.0000   tns_sense_num: -1
 is current best
CDN_DP_region_0_4_c2 in cnn_top: area: 40069463 ,dp = 1 mux = 0  ctl_case = 0  decode = 0  sg = very_slow    worst_clk_period: -1.0000 
    wns: 62564  norm_wns:  -1.0000 
    fail_endp: -1 
    tns:  185180  tns_per_endp:  -1.0000   norm_tns_per_endp:  -1.0000 
    tns_sense_max:  -1.0000  tns_sense_avg:  -1.0000   tns_sense_num: -1
 is current best
CDN_DP_region_0_4_c3 in cnn_top: area: 40069463 ,dp = 1 mux = 0  ctl_case = 0  decode = 0  sg = very_fast    worst_clk_period: -1.0000 
    wns: 62564  norm_wns:  -1.0000 
    fail_endp: -1 
    tns:  185180  tns_per_endp:  -1.0000   norm_tns_per_endp:  -1.0000 
    tns_sense_max:  -1.0000  tns_sense_avg:  -1.0000   tns_sense_num: -1
 is current best
CDN_DP_region_0_4_c4 in cnn_top: area: 40069463 ,dp = 1 mux = 0  ctl_case = 0  decode = 0  sg = very_fast    worst_clk_period: -1.0000 
    wns: 62564  norm_wns:  -1.0000 
    fail_endp: -1 
    tns:  185180  tns_per_endp:  -1.0000   norm_tns_per_endp:  -1.0000 
    tns_sense_max:  -1.0000  tns_sense_avg:  -1.0000   tns_sense_num: -1
 is current best
CDN_DP_region_0_4_c5 in cnn_top: area: 40069463 ,dp = 1 mux = 0  ctl_case = 0  decode = 0  sg = very_fast    worst_clk_period: -1.0000 
    wns: 62564  norm_wns:  -1.0000 
    fail_endp: -1 
    tns:  185180  tns_per_endp:  -1.0000   norm_tns_per_endp:  -1.0000 
    tns_sense_max:  -1.0000  tns_sense_avg:  -1.0000   tns_sense_num: -1
 is current best
CDN_DP_region_0_4_c6 in cnn_top: area: 40069463 ,dp = 1 mux = 0  ctl_case = 0  decode = 0  sg = very_fast    worst_clk_period: -1.0000 
    wns: 62564  norm_wns:  -1.0000 
    fail_endp: -1 
    tns:  185180  tns_per_endp:  -1.0000   norm_tns_per_endp:  -1.0000 
    tns_sense_max:  -1.0000  tns_sense_avg:  -1.0000   tns_sense_num: -1
 is current best
CDN_DP_region_0_4_c7 in cnn_top: area: 40069463 ,dp = 1 mux = 0  ctl_case = 0  decode = 0  sg = very_fast    worst_clk_period: -1.0000 
    wns: 62564  norm_wns:  -1.0000 
    fail_endp: -1 
    tns:  185180  tns_per_endp:  -1.0000   norm_tns_per_endp:  -1.0000 
    tns_sense_max:  -1.0000  tns_sense_avg:  -1.0000   tns_sense_num: -1
 is current best
Best config: CDN_DP_region_0_4_c7 in cnn_top: area: 40069463 ,dp = 1 mux = 0  ctl_case = 0  decode = 0  sg = very_fast    worst_clk_period: -1.0000 
    wns: 62564  norm_wns:  -1.0000 
    fail_endp: -1 
    tns:  185180  tns_per_endp:  -1.0000   norm_tns_per_endp:  -1.0000 
    tns_sense_max:  -1.0000  tns_sense_avg:  -1.0000   tns_sense_num: -1
  Smallest config area : 40069463.  Fastest config wns;  62564
##>+----------------------------------------------------------------------------------------------------------------------------------------------------------------+
##>Summary table of configs (Best config is CDN_DP_region_0_4_c7)
##>+----------------------------------------------------------------------------------------------------------------------------------------------------------------+
##>                     0                  1                  2                  3                  4                  5                  6                  7            
##>+----------------------------------------------------------------------------------------------------------------------------------------------------------------+
##>           Area         57242090           40069463           40069463           40069463           40069463           40069463           40069463           40069463  
##>            WNS         -6256.40           -6256.40           -6256.40           -6256.40           -6256.40           -6256.40           -6256.40           -6256.40  
##>            TNS           185180             185180             185180             185180             185180             185180             185180             185180  
##>    Num Rewrite                0                  0                  0                  0                  0                  0                  0                  0  
##>     Num Factor                0                  0                  0                  0                  0                  0                  0                  0  
##>      Num Share                0                  0                  0                  0                  0                  0                  0                  0  
##>   Num CmultCse                0                  0                  0                  0                  0                  0                  0                  0  
##>   Num Downsize                0                  0                  0                  0                  0                  0                  0                  0  
##>  Num Speculate                0                  0                  0                  0                  0                  0                  0                  0  
##>     Runtime(s)                0                  0                  0                  0                  0                  0                  0                  0  
+----------------------------------------------------------------------------------------------------------------------------------------------------------------+
##>
##>
##>+-----------------------------------------------------------------------------------------------------------------------------------------------------------------------------------------------------+
##>Optimization Step DEBUG Table for config CDN_DP_region_0_4_c7
##>
##>                          Step                        Area   (  % Chg)         WNS (Change)          TNS (Change)                Power   (  % Chg)        Runtime (s)        Comment                   
##>+-----------------------------------------------------------------------------------------------------------------------------------------------------------------------------------------------------+
##>EquationExtraction              START               57242090 (       )    -6256.40 (        )     185180 (        )                    0 (       )              
##> rewrite                        START              108759971 ( +90.00)    -6256.40 (   +0.00)     187692 (    2512)                    0 (  +0.00)              (a,ar) Expr10_from --> Expr10_to
##>                                  END              223244151 (+105.26)    -6256.40 (   +0.00)     187692 (       0)                    0 (  +0.00)           0  
##>                                  END               57242090 (  +0.00)    -6256.40 (   +0.00)     185180 (       0)                    0 (  +0.00)           0  
##>createMaxCarrySave              START               57242090 (  +0.00)    -6256.40 (   +0.00)     185180 (       0)                    0 (  +0.00)              
##> datapath_rewrite_one_def       START               57242090 (  +0.00)    -6256.40 (   +0.00)     185180 (       0)                    0 (  +0.00)              
##>                                  END               57242090 (  +0.00)    -6256.40 (   +0.00)     185180 (       0)                    0 (  +0.00)           0  
##> csa_opto                       START               57242090 (  +0.00)    -6256.40 (   +0.00)     185180 (       0)                    0 (  +0.00)              
##>                                  END               68690508 ( +20.00)    -6256.40 (   +0.00)     185180 (       0)                    0 (  +0.00)           0  
##>                                  END               68690508 ( +20.00)    -6256.40 (   +0.00)     185180 (       0)                    0 (  +0.00)           0  
##>canonicalize_by_names           START               68690508 (  +0.00)    -6256.40 (   +0.00)     185180 (       0)                    0 (  +0.00)              
##>                                  END               68690508 (  +0.00)    -6256.40 (   +0.00)     185180 (       0)                    0 (  +0.00)           0  
##>datapath_rewrite_post_csa_one_  START               68690508 (  +0.00)    -6256.40 (   +0.00)     185180 (       0)                    0 (  +0.00)              
##>                                  END               68690508 (  +0.00)    -6256.40 (   +0.00)     185180 (       0)                    0 (  +0.00)           0  
##>datapath_csa_factoring_one_gde  START               68690508 (  +0.00)    -6256.40 (   +0.00)     185180 (       0)                    0 (  +0.00)              
##>                                  END               68690508 (  +0.00)    -6256.40 (   +0.00)     185180 (       0)                    0 (  +0.00)           0  
##>dpopt_share_one_def             START               68690508 (  +0.00)    -6256.40 (   +0.00)     185180 (       0)                    0 (  +0.00)              
##>                                  END               68690508 (  +0.00)    -6256.40 (   +0.00)     185180 (       0)                    0 (  +0.00)           0  
##>datapath_rewrite_post_share     START               68690508 (  +0.00)    -6256.40 (   +0.00)     185180 (       0)                    0 (  +0.00)              
##>                                  END               68690508 (  +0.00)    -6256.40 (   +0.00)     185180 (       0)                    0 (  +0.00)           0  
##>dp_combine_const_mult_with_com  START               68690508 (  +0.00)    -6256.40 (   +0.00)     185180 (       0)                    0 (  +0.00)              
##>                                  END               68690508 (  +0.00)    -6256.40 (   +0.00)     185180 (       0)                    0 (  +0.00)           0  
##>dp_operator_level_decompositio  START               68690508 (  +0.00)    -6256.40 (   +0.00)     185180 (       0)                    0 (  +0.00)              
##>                                  END               68690508 (  +0.00)    -6256.40 (   +0.00)     185180 (       0)                    0 (  +0.00)           0  
##>selective_flatten_dp_config     START               68690508 (  +0.00)    -6256.40 (   +0.00)     185180 (       0)                    0 (  +0.00)              
##>                                  END               68690508 (  +0.00)    -6256.40 (   +0.00)     185180 (       0)                    0 (  +0.00)           0  
##>createMaxCarrySave              START               68690508 (  +0.00)    -6256.40 (   +0.00)     185180 (       0)                    0 (  +0.00)              
##> datapath_rewrite_one_def       START               68690508 (  +0.00)    -6256.40 (   +0.00)     185180 (       0)                    0 (  +0.00)              
##>  fast_cse_elim                 START               68690508 (  +0.00)    -6256.40 (   +0.00)     185180 (       0)                    0 (  +0.00)              
##>                                  END               68690508 (  +0.00)    -6256.40 (   +0.00)     185180 (       0)                    0 (  +0.00)           0  
##>  fast_cse_elim                 START               68690508 (  +0.00)    -6256.40 (   +0.00)     185180 (       0)                    0 (  +0.00)              
##>                                  END               68690508 (  +0.00)    -6256.40 (   +0.00)     185180 (       0)                    0 (  +0.00)           0  
##>                                  END               68690508 (  +0.00)    -6256.40 (   +0.00)     185180 (       0)                    0 (  +0.00)           0  
##> csa_opto                       START               68690508 (  +0.00)    -6256.40 (   +0.00)     185180 (       0)                    0 (  +0.00)              
##>                                  END               68690508 (  +0.00)    -6256.40 (   +0.00)     185180 (       0)                    0 (  +0.00)           0  
##>                                  END               68690508 (  +0.00)    -6256.40 (   +0.00)     185180 (       0)                    0 (  +0.00)           0  
##>context_based_simplify          START               45793672 ( -33.33)    -6256.40 (   +0.00)     185180 (       0)                    0 (  +0.00)              
##>                                  END               40069463 ( -12.50)    -6256.40 (   +0.00)     185180 (       0)                    0 (  +0.00)           0  
##>group_csa_final_adder_dp        START               40069463 (  +0.00)    -6256.40 (   +0.00)     185180 (       0)                    0 (  +0.00)              
##>                                  END               40069463 (  +0.00)    -6256.40 (   +0.00)     185180 (       0)                    0 (  +0.00)           0  
##>dpopt_flatten_critical_muxes_i  START               40069463 (  +0.00)    -6256.40 (   +0.00)     185180 (       0)                    0 (  +0.00)              
##>                                  END               40069463 (  +0.00)    -6256.40 (   +0.00)     185180 (       0)                    0 (  +0.00)           0  
##>create_score                    START               40069463 (  +0.00)    -6256.40 (   +0.00)     185180 (       0)                    0 (  +0.00)              
##>                                  END               40069463 (  +0.00)    -6256.40 (   +0.00)     185180 (       0)                    0 (  +0.00)           0  
##>+-----------------------------------------------------------------------------------------------------------------------------------------------------------------------------------------------------+
Committed config: CDN_DP_region_0_4_c7
Info    : Done implementing datapath configurations. [DPOPT-4]
        : Selected 'very_fast' configuration 7 for module 'CDN_DP_region_0_4_c7'.
          Optimizations applied to 'very_fast' configuration:
            rewriting(0), factoring(0), sharing(0), cmultcse(0), downsizing(0), speculation(0)
Info    : Implementing datapath configurations. [DPOPT-3]
        : Implementing datapath configurations for 'CDN_DP_region_0_1'
CSAGen Prep Share:0 Re-Write:0 Speculation: 0
CDN_DP_region_0_1 level = 0 loads = 0 drivers = 0
CDN_DP_region_0_1_c0 in cnn_top: area: 148829434 ,dp = 1 mux = 1  ctl_case = 0  decode = 0  other = 2  sg = slow         worst_clk_period: -1.0000 
    wns: 49473  norm_wns:  -1.0000 
    fail_endp: -1 
    tns:  75079  tns_per_endp:  -1.0000   norm_tns_per_endp:  -1.0000 
    tns_sense_max:  -1.0000  tns_sense_avg:  -1.0000   tns_sense_num: -1
 skipped
CDN_DP_region_0_1_c1 in cnn_top: area: 131656807 ,dp = 1 mux = 1  ctl_case = 0  decode = 0  other = 2  sg = fast         worst_clk_period: -1.0000 
    wns: 49473  norm_wns:  -1.0000 
    fail_endp: -1 
    tns:  75079  tns_per_endp:  -1.0000   norm_tns_per_endp:  -1.0000 
    tns_sense_max:  -1.0000  tns_sense_avg:  -1.0000   tns_sense_num: -1
 is current best
CDN_DP_region_0_1_c2 in cnn_top: area: 131656807 ,dp = 1 mux = 1  ctl_case = 0  decode = 0  other = 2  sg = very_slow    worst_clk_period: -1.0000 
    wns: 49473  norm_wns:  -1.0000 
    fail_endp: -1 
    tns:  75079  tns_per_endp:  -1.0000   norm_tns_per_endp:  -1.0000 
    tns_sense_max:  -1.0000  tns_sense_avg:  -1.0000   tns_sense_num: -1
 is current best
CDN_DP_region_0_1_c3 in cnn_top: area: 131656807 ,dp = 1 mux = 1  ctl_case = 0  decode = 0  other = 2  sg = very_fast    worst_clk_period: -1.0000 
    wns: 49473  norm_wns:  -1.0000 
    fail_endp: -1 
    tns:  75079  tns_per_endp:  -1.0000   norm_tns_per_endp:  -1.0000 
    tns_sense_max:  -1.0000  tns_sense_avg:  -1.0000   tns_sense_num: -1
 is current best
CDN_DP_region_0_1_c4 in cnn_top: area: 131656807 ,dp = 1 mux = 1  ctl_case = 0  decode = 0  other = 2  sg = very_fast    worst_clk_period: -1.0000 
    wns: 49473  norm_wns:  -1.0000 
    fail_endp: -1 
    tns:  75079  tns_per_endp:  -1.0000   norm_tns_per_endp:  -1.0000 
    tns_sense_max:  -1.0000  tns_sense_avg:  -1.0000   tns_sense_num: -1
 is current best
CDN_DP_region_0_1_c5 in cnn_top: area: 131656807 ,dp = 1 mux = 1  ctl_case = 0  decode = 0  other = 2  sg = very_fast    worst_clk_period: -1.0000 
    wns: 49473  norm_wns:  -1.0000 
    fail_endp: -1 
    tns:  75079  tns_per_endp:  -1.0000   norm_tns_per_endp:  -1.0000 
    tns_sense_max:  -1.0000  tns_sense_avg:  -1.0000   tns_sense_num: -1
 is current best
CDN_DP_region_0_1_c6 in cnn_top: area: 131656807 ,dp = 1 mux = 1  ctl_case = 0  decode = 0  other = 2  sg = very_fast    worst_clk_period: -1.0000 
    wns: 49473  norm_wns:  -1.0000 
    fail_endp: -1 
    tns:  75079  tns_per_endp:  -1.0000   norm_tns_per_endp:  -1.0000 
    tns_sense_max:  -1.0000  tns_sense_avg:  -1.0000   tns_sense_num: -1
 is current best
CDN_DP_region_0_1_c7 in cnn_top: area: 131656807 ,dp = 1 mux = 1  ctl_case = 0  decode = 0  other = 2  sg = very_fast    worst_clk_period: -1.0000 
    wns: 49473  norm_wns:  -1.0000 
    fail_endp: -1 
    tns:  75079  tns_per_endp:  -1.0000   norm_tns_per_endp:  -1.0000 
    tns_sense_max:  -1.0000  tns_sense_avg:  -1.0000   tns_sense_num: -1
 is current best
Best config: CDN_DP_region_0_1_c7 in cnn_top: area: 131656807 ,dp = 1 mux = 1  ctl_case = 0  decode = 0  other = 2  sg = very_fast    worst_clk_period: -1.0000 
    wns: 49473  norm_wns:  -1.0000 
    fail_endp: -1 
    tns:  75079  tns_per_endp:  -1.0000   norm_tns_per_endp:  -1.0000 
    tns_sense_max:  -1.0000  tns_sense_avg:  -1.0000   tns_sense_num: -1
  Smallest config area : 131656807.  Fastest config wns;  49473
##>+----------------------------------------------------------------------------------------------------------------------------------------------------------------+
##>Summary table of configs (Best config is CDN_DP_region_0_1_c7)
##>+----------------------------------------------------------------------------------------------------------------------------------------------------------------+
##>                     0                  1                  2                  3                  4                  5                  6                  7            
##>+----------------------------------------------------------------------------------------------------------------------------------------------------------------+
##>           Area        148829434          131656807          131656807          131656807          131656807          131656807          131656807          131656807  
##>            WNS         -4947.30           -4947.30           -4947.30           -4947.30           -4947.30           -4947.30           -4947.30           -4947.30  
##>            TNS            75079              75079              75079              75079              75079              75079              75079              75079  
##>    Num Rewrite                0                  0                  0                  0                  0                  0                  0                  0  
##>     Num Factor                0                  0                  0                  0                  0                  0                  0                  0  
##>      Num Share                0                  0                  0                  0                  0                  0                  0                  0  
##>   Num CmultCse                0                  0                  0                  0                  0                  0                  0                  0  
##>   Num Downsize                0                  0                  0                  0                  0                  0                  0                  0  
##>  Num Speculate                0                  0                  0                  0                  0                  0                  0                  0  
##>     Runtime(s)                0                  0                  0                  0                  0                  0                  0                  0  
+----------------------------------------------------------------------------------------------------------------------------------------------------------------+
##>
##>
##>+-----------------------------------------------------------------------------------------------------------------------------------------------------------------------------------------------------+
##>Optimization Step DEBUG Table for config CDN_DP_region_0_1_c7
##>
##>                          Step                        Area   (  % Chg)         WNS (Change)          TNS (Change)                Power   (  % Chg)        Runtime (s)        Comment                   
##>+-----------------------------------------------------------------------------------------------------------------------------------------------------------------------------------------------------+
##>EquationExtraction              START              148829434 (       )    -4947.30 (        )      75079 (        )                    0 (       )              
##> rewrite                        START              200347315 ( +34.62)    -5546.50 ( -599.20)     101551 (   26472)                    0 (  +0.00)              (a,ar) Expr11_from --> Expr11_to
##>                                  END              314831495 ( +57.14)    -5546.50 (   +0.00)     101551 (       0)                    0 (  +0.00)           0  
##>                                  END              148829434 (  +0.00)    -4947.30 (   +0.00)      75079 (       0)                    0 (  +0.00)           0  
##>createMaxCarrySave              START              148829434 (  +0.00)    -4947.30 (   +0.00)      75079 (       0)                    0 (  +0.00)              
##> datapath_rewrite_one_def       START              148829434 (  +0.00)    -4947.30 (   +0.00)      75079 (       0)                    0 (  +0.00)              
##>                                  END              148829434 (  +0.00)    -4947.30 (   +0.00)      75079 (       0)                    0 (  +0.00)           0  
##> csa_opto                       START              148829434 (  +0.00)    -4947.30 (   +0.00)      75079 (       0)                    0 (  +0.00)              
##>                                  END              160277852 (  +7.69)    -4947.30 (   +0.00)      75079 (       0)                    0 (  +0.00)           0  
##>                                  END              160277852 (  +7.69)    -4947.30 (   +0.00)      75079 (       0)                    0 (  +0.00)           0  
##>canonicalize_by_names           START              160277852 (  +0.00)    -4947.30 (   +0.00)      75079 (       0)                    0 (  +0.00)              
##>                                  END              160277852 (  +0.00)    -4947.30 (   +0.00)      75079 (       0)                    0 (  +0.00)           0  
##>datapath_rewrite_post_csa_one_  START              160277852 (  +0.00)    -4947.30 (   +0.00)      75079 (       0)                    0 (  +0.00)              
##>                                  END              160277852 (  +0.00)    -4947.30 (   +0.00)      75079 (       0)                    0 (  +0.00)           0  
##>datapath_csa_factoring_one_gde  START              160277852 (  +0.00)    -4947.30 (   +0.00)      75079 (       0)                    0 (  +0.00)              
##>                                  END              160277852 (  +0.00)    -4947.30 (   +0.00)      75079 (       0)                    0 (  +0.00)           0  
##>dpopt_share_one_def             START              160277852 (  +0.00)    -4947.30 (   +0.00)      75079 (       0)                    0 (  +0.00)              
##>                                  END              160277852 (  +0.00)    -4947.30 (   +0.00)      75079 (       0)                    0 (  +0.00)           0  
##>datapath_rewrite_post_share     START              160277852 (  +0.00)    -4947.30 (   +0.00)      75079 (       0)                    0 (  +0.00)              
##>                                  END              160277852 (  +0.00)    -4947.30 (   +0.00)      75079 (       0)                    0 (  +0.00)           0  
##>dp_combine_const_mult_with_com  START              160277852 (  +0.00)    -4947.30 (   +0.00)      75079 (       0)                    0 (  +0.00)              
##>                                  END              160277852 (  +0.00)    -4947.30 (   +0.00)      75079 (       0)                    0 (  +0.00)           0  
##>dp_operator_level_decompositio  START              160277852 (  +0.00)    -4947.30 (   +0.00)      75079 (       0)                    0 (  +0.00)              
##>                                  END              160277852 (  +0.00)    -4947.30 (   +0.00)      75079 (       0)                    0 (  +0.00)           0  
##>selective_flatten_dp_config     START              160277852 (  +0.00)    -4947.30 (   +0.00)      75079 (       0)                    0 (  +0.00)              
##>                                  END              160277852 (  +0.00)    -4947.30 (   +0.00)      75079 (       0)                    0 (  +0.00)           0  
##>createMaxCarrySave              START              160277852 (  +0.00)    -4947.30 (   +0.00)      75079 (       0)                    0 (  +0.00)              
##> datapath_rewrite_one_def       START              160277852 (  +0.00)    -4947.30 (   +0.00)      75079 (       0)                    0 (  +0.00)              
##>  fast_cse_elim                 START              160277852 (  +0.00)    -4947.30 (   +0.00)      75079 (       0)                    0 (  +0.00)              
##>                                  END              160277852 (  +0.00)    -4947.30 (   +0.00)      75079 (       0)                    0 (  +0.00)           0  
##>  fast_cse_elim                 START              160277852 (  +0.00)    -4947.30 (   +0.00)      75079 (       0)                    0 (  +0.00)              
##>                                  END              160277852 (  +0.00)    -4947.30 (   +0.00)      75079 (       0)                    0 (  +0.00)           0  
##>                                  END              160277852 (  +0.00)    -4947.30 (   +0.00)      75079 (       0)                    0 (  +0.00)           0  
##> csa_opto                       START              160277852 (  +0.00)    -4947.30 (   +0.00)      75079 (       0)                    0 (  +0.00)              
##>                                  END              160277852 (  +0.00)    -4947.30 (   +0.00)      75079 (       0)                    0 (  +0.00)           0  
##>                                  END              160277852 (  +0.00)    -4947.30 (   +0.00)      75079 (       0)                    0 (  +0.00)           0  
##>context_based_simplify          START              137381016 ( -14.29)    -4947.30 (   +0.00)      75079 (       0)                    0 (  +0.00)              
##>                                  END              131656807 (  -4.17)    -4947.30 (   +0.00)      75079 (       0)                    0 (  +0.00)           0  
##>group_csa_final_adder_dp        START              131656807 (  +0.00)    -4947.30 (   +0.00)      75079 (       0)                    0 (  +0.00)              
##>                                  END              131656807 (  +0.00)    -4947.30 (   +0.00)      75079 (       0)                    0 (  +0.00)           0  
##>dpopt_flatten_critical_muxes_i  START              131656807 (  +0.00)    -4947.30 (   +0.00)      75079 (       0)                    0 (  +0.00)              
##>                                  END              131656807 (  +0.00)    -4947.30 (   +0.00)      75079 (       0)                    0 (  +0.00)           0  
##>create_score                    START              131656807 (  +0.00)    -4947.30 (   +0.00)      75079 (       0)                    0 (  +0.00)              
##>                                  END              131656807 (  +0.00)    -4947.30 (   +0.00)      75079 (       0)                    0 (  +0.00)           0  
##>+-----------------------------------------------------------------------------------------------------------------------------------------------------------------------------------------------------+
Committed config: CDN_DP_region_0_1_c7
Info    : Done implementing datapath configurations. [DPOPT-4]
        : Selected 'very_fast' configuration 7 for module 'CDN_DP_region_0_1_c7'.
          Optimizations applied to 'very_fast' configuration:
            rewriting(0), factoring(0), sharing(0), cmultcse(0), downsizing(0), speculation(0)
Info    : Implementing datapath configurations. [DPOPT-3]
        : Implementing datapath configurations for 'CDN_DP_region_0_0'
CSAGen Prep Share:0 Re-Write:0 Speculation: 0
CDN_DP_region_0_0 level = 0 loads = 0 drivers = 0
CDN_DP_region_0_0_c0 in cnn_top: area: 148829434 ,dp = 1 mux = 1  ctl_case = 0  decode = 0  other = 2  sg = slow         worst_clk_period: -1.0000 
    wns: 67657  norm_wns:  -1.0000 
    fail_endp: -1 
    tns:  67657  tns_per_endp:  -1.0000   norm_tns_per_endp:  -1.0000 
    tns_sense_max:  -1.0000  tns_sense_avg:  -1.0000   tns_sense_num: -1
 skipped
CDN_DP_region_0_0_c1 in cnn_top: area: 131656807 ,dp = 1 mux = 1  ctl_case = 0  decode = 0  other = 2  sg = fast         worst_clk_period: -1.0000 
    wns: 67657  norm_wns:  -1.0000 
    fail_endp: -1 
    tns:  67657  tns_per_endp:  -1.0000   norm_tns_per_endp:  -1.0000 
    tns_sense_max:  -1.0000  tns_sense_avg:  -1.0000   tns_sense_num: -1
 is current best
CDN_DP_region_0_0_c2 in cnn_top: area: 131656807 ,dp = 1 mux = 1  ctl_case = 0  decode = 0  other = 2  sg = very_slow    worst_clk_period: -1.0000 
    wns: 67657  norm_wns:  -1.0000 
    fail_endp: -1 
    tns:  67657  tns_per_endp:  -1.0000   norm_tns_per_endp:  -1.0000 
    tns_sense_max:  -1.0000  tns_sense_avg:  -1.0000   tns_sense_num: -1
 is current best
CDN_DP_region_0_0_c3 in cnn_top: area: 131656807 ,dp = 1 mux = 1  ctl_case = 0  decode = 0  other = 2  sg = very_fast    worst_clk_period: -1.0000 
    wns: 67657  norm_wns:  -1.0000 
    fail_endp: -1 
    tns:  67657  tns_per_endp:  -1.0000   norm_tns_per_endp:  -1.0000 
    tns_sense_max:  -1.0000  tns_sense_avg:  -1.0000   tns_sense_num: -1
 is current best
CDN_DP_region_0_0_c4 in cnn_top: area: 131656807 ,dp = 1 mux = 1  ctl_case = 0  decode = 0  other = 2  sg = very_fast    worst_clk_period: -1.0000 
    wns: 67657  norm_wns:  -1.0000 
    fail_endp: -1 
    tns:  67657  tns_per_endp:  -1.0000   norm_tns_per_endp:  -1.0000 
    tns_sense_max:  -1.0000  tns_sense_avg:  -1.0000   tns_sense_num: -1
 is current best
CDN_DP_region_0_0_c5 in cnn_top: area: 131656807 ,dp = 1 mux = 1  ctl_case = 0  decode = 0  other = 2  sg = very_fast    worst_clk_period: -1.0000 
    wns: 67657  norm_wns:  -1.0000 
    fail_endp: -1 
    tns:  67657  tns_per_endp:  -1.0000   norm_tns_per_endp:  -1.0000 
    tns_sense_max:  -1.0000  tns_sense_avg:  -1.0000   tns_sense_num: -1
 is current best
CDN_DP_region_0_0_c6 in cnn_top: area: 131656807 ,dp = 1 mux = 1  ctl_case = 0  decode = 0  other = 2  sg = very_fast    worst_clk_period: -1.0000 
    wns: 67657  norm_wns:  -1.0000 
    fail_endp: -1 
    tns:  67657  tns_per_endp:  -1.0000   norm_tns_per_endp:  -1.0000 
    tns_sense_max:  -1.0000  tns_sense_avg:  -1.0000   tns_sense_num: -1
 is current best
CDN_DP_region_0_0_c7 in cnn_top: area: 131656807 ,dp = 1 mux = 1  ctl_case = 0  decode = 0  other = 2  sg = very_fast    worst_clk_period: -1.0000 
    wns: 67657  norm_wns:  -1.0000 
    fail_endp: -1 
    tns:  67657  tns_per_endp:  -1.0000   norm_tns_per_endp:  -1.0000 
    tns_sense_max:  -1.0000  tns_sense_avg:  -1.0000   tns_sense_num: -1
 is current best
Best config: CDN_DP_region_0_0_c7 in cnn_top: area: 131656807 ,dp = 1 mux = 1  ctl_case = 0  decode = 0  other = 2  sg = very_fast    worst_clk_period: -1.0000 
    wns: 67657  norm_wns:  -1.0000 
    fail_endp: -1 
    tns:  67657  tns_per_endp:  -1.0000   norm_tns_per_endp:  -1.0000 
    tns_sense_max:  -1.0000  tns_sense_avg:  -1.0000   tns_sense_num: -1
  Smallest config area : 131656807.  Fastest config wns;  67657
##>+----------------------------------------------------------------------------------------------------------------------------------------------------------------+
##>Summary table of configs (Best config is CDN_DP_region_0_0_c7)
##>+----------------------------------------------------------------------------------------------------------------------------------------------------------------+
##>                     0                  1                  2                  3                  4                  5                  6                  7            
##>+----------------------------------------------------------------------------------------------------------------------------------------------------------------+
##>           Area        148829434          131656807          131656807          131656807          131656807          131656807          131656807          131656807  
##>            WNS         -6765.70           -6765.70           -6765.70           -6765.70           -6765.70           -6765.70           -6765.70           -6765.70  
##>            TNS            67657              67657              67657              67657              67657              67657              67657              67657  
##>    Num Rewrite                0                  0                  0                  0                  0                  0                  0                  0  
##>     Num Factor                0                  0                  0                  0                  0                  0                  0                  0  
##>      Num Share                0                  0                  0                  0                  0                  0                  0                  0  
##>   Num CmultCse                0                  0                  0                  0                  0                  0                  0                  0  
##>   Num Downsize                0                  0                  0                  0                  0                  0                  0                  0  
##>  Num Speculate                0                  0                  0                  0                  0                  0                  0                  0  
##>     Runtime(s)                0                  0                  0                  0                  0                  0                  0                  0  
+----------------------------------------------------------------------------------------------------------------------------------------------------------------+
##>
##>
##>+-----------------------------------------------------------------------------------------------------------------------------------------------------------------------------------------------------+
##>Optimization Step DEBUG Table for config CDN_DP_region_0_0_c7
##>
##>                          Step                        Area   (  % Chg)         WNS (Change)          TNS (Change)                Power   (  % Chg)        Runtime (s)        Comment                   
##>+-----------------------------------------------------------------------------------------------------------------------------------------------------------------------------------------------------+
##>EquationExtraction              START              148829434 (       )    -6765.70 (        )      67657 (        )                    0 (       )              
##> rewrite                        START              200347315 ( +34.62)    -7364.90 ( -599.20)      91617 (   23960)                    0 (  +0.00)              (a,ar) Expr12_from --> Expr12_to
##>                                  END              314831495 ( +57.14)    -7364.90 (   +0.00)      91617 (       0)                    0 (  +0.00)           0  
##>                                  END              148829434 (  +0.00)    -6765.70 (   +0.00)      67657 (       0)                    0 (  +0.00)           0  
##>createMaxCarrySave              START              148829434 (  +0.00)    -6765.70 (   +0.00)      67657 (       0)                    0 (  +0.00)              
##> datapath_rewrite_one_def       START              148829434 (  +0.00)    -6765.70 (   +0.00)      67657 (       0)                    0 (  +0.00)              
##>                                  END              148829434 (  +0.00)    -6765.70 (   +0.00)      67657 (       0)                    0 (  +0.00)           0  
##> csa_opto                       START              148829434 (  +0.00)    -6765.70 (   +0.00)      67657 (       0)                    0 (  +0.00)              
##>                                  END              160277852 (  +7.69)    -6765.70 (   +0.00)      67657 (       0)                    0 (  +0.00)           0  
##>                                  END              160277852 (  +7.69)    -6765.70 (   +0.00)      67657 (       0)                    0 (  +0.00)           0  
##>canonicalize_by_names           START              160277852 (  +0.00)    -6765.70 (   +0.00)      67657 (       0)                    0 (  +0.00)              
##>                                  END              160277852 (  +0.00)    -6765.70 (   +0.00)      67657 (       0)                    0 (  +0.00)           0  
##>datapath_rewrite_post_csa_one_  START              160277852 (  +0.00)    -6765.70 (   +0.00)      67657 (       0)                    0 (  +0.00)              
##>                                  END              160277852 (  +0.00)    -6765.70 (   +0.00)      67657 (       0)                    0 (  +0.00)           0  
##>datapath_csa_factoring_one_gde  START              160277852 (  +0.00)    -6765.70 (   +0.00)      67657 (       0)                    0 (  +0.00)              
##>                                  END              160277852 (  +0.00)    -6765.70 (   +0.00)      67657 (       0)                    0 (  +0.00)           0  
##>dpopt_share_one_def             START              160277852 (  +0.00)    -6765.70 (   +0.00)      67657 (       0)                    0 (  +0.00)              
##>                                  END              160277852 (  +0.00)    -6765.70 (   +0.00)      67657 (       0)                    0 (  +0.00)           0  
##>datapath_rewrite_post_share     START              160277852 (  +0.00)    -6765.70 (   +0.00)      67657 (       0)                    0 (  +0.00)              
##>                                  END              160277852 (  +0.00)    -6765.70 (   +0.00)      67657 (       0)                    0 (  +0.00)           0  
##>dp_combine_const_mult_with_com  START              160277852 (  +0.00)    -6765.70 (   +0.00)      67657 (       0)                    0 (  +0.00)              
##>                                  END              160277852 (  +0.00)    -6765.70 (   +0.00)      67657 (       0)                    0 (  +0.00)           0  
##>dp_operator_level_decompositio  START              160277852 (  +0.00)    -6765.70 (   +0.00)      67657 (       0)                    0 (  +0.00)              
##>                                  END              160277852 (  +0.00)    -6765.70 (   +0.00)      67657 (       0)                    0 (  +0.00)           0  
##>selective_flatten_dp_config     START              160277852 (  +0.00)    -6765.70 (   +0.00)      67657 (       0)                    0 (  +0.00)              
##>                                  END              160277852 (  +0.00)    -6765.70 (   +0.00)      67657 (       0)                    0 (  +0.00)           0  
##>createMaxCarrySave              START              160277852 (  +0.00)    -6765.70 (   +0.00)      67657 (       0)                    0 (  +0.00)              
##> datapath_rewrite_one_def       START              160277852 (  +0.00)    -6765.70 (   +0.00)      67657 (       0)                    0 (  +0.00)              
##>  fast_cse_elim                 START              160277852 (  +0.00)    -6765.70 (   +0.00)      67657 (       0)                    0 (  +0.00)              
##>                                  END              160277852 (  +0.00)    -6765.70 (   +0.00)      67657 (       0)                    0 (  +0.00)           0  
##>  fast_cse_elim                 START              160277852 (  +0.00)    -6765.70 (   +0.00)      67657 (       0)                    0 (  +0.00)              
##>                                  END              160277852 (  +0.00)    -6765.70 (   +0.00)      67657 (       0)                    0 (  +0.00)           0  
##>                                  END              160277852 (  +0.00)    -6765.70 (   +0.00)      67657 (       0)                    0 (  +0.00)           0  
##> csa_opto                       START              160277852 (  +0.00)    -6765.70 (   +0.00)      67657 (       0)                    0 (  +0.00)              
##>                                  END              160277852 (  +0.00)    -6765.70 (   +0.00)      67657 (       0)                    0 (  +0.00)           0  
##>                                  END              160277852 (  +0.00)    -6765.70 (   +0.00)      67657 (       0)                    0 (  +0.00)           0  
##>context_based_simplify          START              137381016 ( -14.29)    -6765.70 (   +0.00)      67657 (       0)                    0 (  +0.00)              
##>                                  END              131656807 (  -4.17)    -6765.70 (   +0.00)      67657 (       0)                    0 (  +0.00)           0  
##>group_csa_final_adder_dp        START              131656807 (  +0.00)    -6765.70 (   +0.00)      67657 (       0)                    0 (  +0.00)              
##>                                  END              131656807 (  +0.00)    -6765.70 (   +0.00)      67657 (       0)                    0 (  +0.00)           0  
##>dpopt_flatten_critical_muxes_i  START              131656807 (  +0.00)    -6765.70 (   +0.00)      67657 (       0)                    0 (  +0.00)              
##>                                  END              131656807 (  +0.00)    -6765.70 (   +0.00)      67657 (       0)                    0 (  +0.00)           0  
##>create_score                    START              131656807 (  +0.00)    -6765.70 (   +0.00)      67657 (       0)                    0 (  +0.00)              
##>                                  END              131656807 (  +0.00)    -6765.70 (   +0.00)      67657 (       0)                    0 (  +0.00)           0  
##>+-----------------------------------------------------------------------------------------------------------------------------------------------------------------------------------------------------+
Committed config: CDN_DP_region_0_0_c7
Info    : Done implementing datapath configurations. [DPOPT-4]
        : Selected 'very_fast' configuration 7 for module 'CDN_DP_region_0_0_c7'.
          Optimizations applied to 'very_fast' configuration:
            rewriting(0), factoring(0), sharing(0), cmultcse(0), downsizing(0), speculation(0)
Info:  Ungrouped 0 dp-cluster instances.  0 cluster instances were left intact, to aid verification.
Info    : Done optimizing datapath logic. [DPOPT-2]
        : Done optimizing datapath logic in 'cnn_top'.
Number of big hc bmuxes after = 0
Starting bit-level redundancy removal [v1.0] (stage: post_rtlopt, startdef: cnn_top, recur: true)
Completed bit-level redundancy removal (accepts: 0, rejects: 0, runtime: 0.209s)
Starting logic reduction [v1.0] (stage: post_rtlopt, startdef: cnn_top, recur: true)
Completed logic reduction (accepts: 0, rejects: 0, runtime: 0.000s)
Starting mux data reorder optimization [v1.0] (stage: post_rtlopt, startdef: cnn_top, recur: true)
Completed mux data reorder optimization (accepts: 0, rejects: 0, runtime: 0.000s)
Starting timing based select reordering [v1.0] (stage: post_rtlopt, startdef: cnn_top, recur: true)
Completed timing based select reordering (accepts: 0, rejects: 0, runtime: 0.164s)

Stage: post_rtlopt
----------------------------------------------------------------
| Transform                  | Accepts | Rejects | Runtime (s) | 
----------------------------------------------------------------
| hlo_redundancy_removal_bit |       0 |       0 |        0.21 | 
| hlo_logic_reduction        |       0 |       0 |        0.00 | 
| hlo_mux_reorder            |       0 |       0 |        0.00 | 
| hlo_timing_reorder         |       0 |       0 |        0.16 | 
----------------------------------------------------------------
Running post blast mux optimization. Please follow up with Cadence support if runtime issues are seen with this optimization.
Running post blast mux optimization. Please follow up with Cadence support if runtime issues are seen with this optimization.
Running post blast mux optimization. Please follow up with Cadence support if runtime issues are seen with this optimization.
Running post blast mux optimization. Please follow up with Cadence support if runtime issues are seen with this optimization.
Running post blast mux optimization. Please follow up with Cadence support if runtime issues are seen with this optimization.
Running post blast mux optimization. Please follow up with Cadence support if runtime issues are seen with this optimization.
Running post blast mux optimization. Please follow up with Cadence support if runtime issues are seen with this optimization.
Starting mux speculation [v1.0] (stage: post_muxopt, startdef: cnn_top, recur: true)
Starting speculation optimization
Completed speculation optimization (accepts:2)
Completed mux speculation (accepts: 0, rejects: 0, runtime: 0.183s)
Starting timing based select reordering [v1.0] (stage: post_muxopt, startdef: cnn_top, recur: true)
Completed timing based select reordering (accepts: 0, rejects: 0, runtime: 0.153s)

Stage: post_muxopt
--------------------------------------------------------
| Transform          | Accepts | Rejects | Runtime (s) | 
--------------------------------------------------------
| hlo_speculation    |       0 |       0 |        0.18 | 
| hlo_timing_reorder |       0 |       0 |        0.15 | 
--------------------------------------------------------
==================================
Stage : to_generic 
==================================
  =================
   Message Summary
  =================
--------------------------------------------------------------------------------------------------------------------------------------
|    Id    |  Sev  |Count|                                               Message Text                                                |
--------------------------------------------------------------------------------------------------------------------------------------
|CDFG-250  |Info   |   22|Processing multi-dimensional arrays.                                                                       |
|CDFG-359  |Info   |   16|Building ChipWare component.                                                                               |
|CDFG-372  |Info   |   14|Bitwidth mismatch in assignment.                                                                           |
|          |       |     |Review and make sure the mismatch is intentional. Genus can possibly issue bitwidth mismatch warning for   |
|          |       |     | explicit assignments present in RTL as-well-as for implicit assignments inferred by the tool. For example,|
|          |       |     | in case of enum declaration without value, the tool will implicitly assign value to the enum variables. It|
|          |       |     | also issues the warning for any bitwidth mismatch that appears in this implicit assignment.               |
|CDFG-373  |Info   |   13|Sign mismatch in assignment.                                                                               |
|CDFG-472  |Warning|    1|Unreachable statements for case item.                                                                      |
|CDFG-508  |Warning|    1|Removing unused register.                                                                                  |
|          |       |     |Genus removes the flip-flop or latch inferred for an unused signal or variable. To preserve the flip-flop  |
|          |       |     | or latch, set the hdl_preserve_unused_registers attribute to true or use a pragma in the RTL.             |
|CDFG-567  |Info   |   10|Instantiating Subdesign.                                                                                   |
|CDFG-738  |Info   |   27|Common subexpression eliminated.                                                                           |
|CDFG-739  |Info   |   27|Common subexpression kept.                                                                                 |
|CDFG-769  |Info   |    4|Identified sum-of-products logic to be optimized during syn_generic.                                       |
|CWD-19    |Info   | 1165|An implementation was inferred.                                                                            |
|DPOPT-1   |Info   |    1|Optimizing datapath logic.                                                                                 |
|DPOPT-2   |Info   |    1|Done optimizing datapath logic.                                                                            |
|DPOPT-3   |Info   |    6|Implementing datapath configurations.                                                                      |
|DPOPT-4   |Info   |    6|Done implementing datapath configurations.                                                                 |
|DPOPT-6   |Info   |    1|Pre-processed datapath logic.                                                                              |
|DPOPT-10  |Info   |   15|Optimized a mux chain.                                                                                     |
|DPOPT-54  |Info   |    2|User hierarchy not ungrouped.                                                                              |
|ELAB-1    |Info   |    1|Elaborating Design.                                                                                        |
|ELAB-2    |Info   |   10|Elaborating Subdesign.                                                                                     |
|ELAB-3    |Info   |    1|Done Elaborating Design.                                                                                   |
|GB-2      |Info   |    4|Generating Booth encoder for Product-Of-Sum form.                                                          |
|GB-6      |Info   |  249|A datapath component has been ungrouped.                                                                   |
|GLO-12    |Info   |    2|Replacing a flip-flop with a logic constant 0.                                                             |
|          |       |     |To prevent this optimization, set the 'optimize_constant_0_flops' root attribute to 'false' or             |
|          |       |     | 'optimize_constant_0_seq' instance attribute to 'false'. You can also see the complete list of deleted    |
|          |       |     | sequential with command 'report sequential -deleted' (on Reason 'constant0').                             |
|GLO-34    |Info   |    1|Deleting instances not driving any primary outputs.                                                        |
|          |       |     |Optimizations such as constant propagation or redundancy removal could change the connections so a         |
|          |       |     | hierarchical instance does not drive any primary outputs anymore. To see the list of deleted hierarchical |
|          |       |     | instances, set the 'information_level' attribute to 2 or above. If the message is truncated set the       |
|          |       |     | message attribute 'truncate' to false to see the complete list. To prevent this optimization, set the     |
|          |       |     | 'delete_unloaded_insts' root/subdesign attribute to 'false' or 'preserve' instance attribute to 'true'.   |
|GLO-40    |Info   |   33|Combinational hierarchical blocks with identical inputs have been merged.                                  |
|          |       |     |This optimization usually reduces design area. To prevent merging of combinational hierarchical blocks, set|
|          |       |     | the 'merge_combinational_hier_instances' root attribute to 'false' or the                                 |
|          |       |     | 'merge_combinational_hier_instance' instance attribute to 'false'.                                        |
|GLO-45    |Info   |    2|Replacing the synchronous part of an always feeding back flip-flop with a logic constant.                  |
|          |       |     |To prevent this optimization, set 'optimize_constant_feedback_seqs' root attribute to 'false'. The instance|
|          |       |     | attribute 'optimize_constant_feedback_seq' controls this optimization.                                    |
|GLO-51    |Info   |   43|Hierarchical instance automatically ungrouped.                                                             |
|          |       |     |Hierarchical instances can be automatically ungrouped to allow for better area or timing optimization. To  |
|          |       |     | prevent this ungroup, set the root-level attribute 'auto_ungroup' to 'none'. You can also prevent         |
|          |       |     | individual ungroup with setting the attribute 'ungroup_ok' of instances or modules to 'false'.            |
|LBR-9     |Warning|   14|Library cell has no output pins defined.                                                                   |
|          |       |     |Add the missing output pin(s)                                                                              |
|          |       |     | , then reload the library. Else the library cell will be marked as timing model i.e. unusable.            |
|          |       |     | Timing_model means that the cell does not have any defined function. If there is no output pin, Genus will|
|          |       |     | mark library cell as unusable i.e. the attribute 'usable' will be marked to 'false' on the libcell.       |
|          |       |     | Therefore, the cell is not used for mapping and it will not be picked up from the library for synthesis.  |
|          |       |     | If you query the attribute 'unusable_reason' on the libcell; result will be: 'Library cell has no output  |
|          |       |     | pins.'Note: The message LBR-9 is only for the logical pins and not for the power_ground pins. Genus will  |
|          |       |     | depend upon the output function defined in the pin group (output pin)                                     |
|          |       |     | of the cell, to use it for mapping. The pg_pin will not have any function defined.                        |
|LBR-12    |Warning|    1|Found libraries with and without pg_pin construct.                                                         |
|          |       |     |This can lead to issues later in the flow.                                                                 |
|LBR-40    |Info   |    8|An unsupported construct was detected in this library.                                                     |
|          |       |     |Check to see if this construct is really needed for synthesis. Many liberty constructs are not actually    |
|          |       |     | required.                                                                                                 |
|LBR-41    |Info   |    9|An output library pin lacks a function attribute.                                                          |
|          |       |     |If the remainder of this library cell's semantic checks are successful, it will be considered as a         |
|          |       |     | timing-model (because one of its outputs does not have a valid function.                                  |
|LBR-101   |Warning|    2|Unusable clock gating integrated cell found at the time of loading libraries. This warning happens because |
|          |       |     | a particular library cell is defined as 'clock_gating_integrated_cell', but 'dont_use' attribute is       |
|          |       |     | defined as true in the liberty library. To make Genus use this cell for clock gating insertion, 'dont_use'|
|          |       |     | attribute should be set to false.                                                                         |
|          |       |     |To make the cell usable, change the value of 'dont_use' attribute to false.                                |
|LBR-155   |Info   |    8|Mismatch in unateness between 'timing_sense' attribute and the function.                                   |
|          |       |     |The 'timing_sense' attribute will be respected.                                                            |
|LBR-162   |Info   |    8|Both 'pos_unate' and 'neg_unate' timing_sense arcs have been processed.                                    |
|          |       |     |Setting the 'timing_sense' to non_unate.                                                                   |
|LBR-412   |Info   |    2|Created nominal operating condition.                                                                       |
|          |       |     |The nominal operating condition is represented, either by the nominal PVT values specified in the library  |
|          |       |     | source (via nom_process,nom_voltage and nom_temperature respectively)                                     |
|          |       |     | , or by the default PVT values (1.0,1.0,1.0).                                                             |
|LBR-510   |Warning|    1|Unsupported attribute in the pin group.                                                                    |
|LBR-518   |Info   |    1|Missing a function attribute in the output pin definition.                                                 |
|PHYS-752  |Info   |    1|Partition Based Synthesis execution skipped.                                                               |
|RTLOPT-30 |Info   |    9|Accepted resource sharing opportunity.                                                                     |
|RTLOPT-40 |Info   |   15|Transformed datapath macro.                                                                                |
|SYNTH-1   |Info   |    1|Synthesizing.                                                                                              |
|TIM-1000  |Info   |    1|Multimode clock gating check is disabled.                                                                  |
|VLOGPT-37 |Warning|    2|Ignoring unsynthesizable construct.                                                                        |
|          |       |     |For example, the following constructs will be ignored:
    - initial block
    - final block
    - program |
|          |       |     | block
    - property block
    - sequence block
    - covergroup
    - checker block
    - gate drive     |
|          |       |     | strength
    - system task enable
    - reg declaration with initial value
    - specify block.           |
|VLOGPT-43 |Warning|    7|Implicit net declaration not allowed with `default_nettype none.                                           |
|          |       |     |When `default_nettype is none, each input and inout port declaration requires a corresponding net type.    |
|VLOGPT-502|Warning|    1|Unrecognized Synthesis pragma_name found in HDL.                                                           |
|          |       |     |Synthesis pragmas are specially-formatted comments or attributes in the HDL that tell Genus how to         |
|          |       |     | synthesize the HDL.                                                                                       |
|VLOGPT-692|Warning|   10|Usage of non-static tasks or functions might result in simulation-synthesis mismatch.                      |
|          |       |     |Use the 'automatic' keyword for declaring functions and tasks.                                             |
--------------------------------------------------------------------------------------------------------------------------------------
Mapper: Libraries have:
	domain _default_: 58 combo usable cells and 8 sequential usable cells
Info    : Deleting instances not driving any primary outputs. [GLO-34]
        : Deleting 3 sequential instances.
Info    : Deleting instances not driving any primary outputs. [GLO-34]
        : Deleting 1 sequential instance.
Multi-threaded Virtual Mapping    (8 threads per ST process, 8 of 32 CPUs usable)
==================================
Stage : first_condense 
==================================
  =================
   Message Summary
  =================
--------------------------------------------------------------------------------------------------------------------------------------
|  Id  |Sev |Count|                                                   Message Text                                                   |
--------------------------------------------------------------------------------------------------------------------------------------
|GB-2  |Info|    8|Generating Booth encoder for Product-Of-Sum form.                                                                 |
|GB-6  |Info|   44|A datapath component has been ungrouped.                                                                          |
|GLO-34|Info|    2|Deleting instances not driving any primary outputs.                                                               |
|      |    |     |Optimizations such as constant propagation or redundancy removal could change the connections so a hierarchical   |
|      |    |     | instance does not drive any primary outputs anymore. To see the list of deleted hierarchical instances, set the  |
|      |    |     | 'information_level' attribute to 2 or above. If the message is truncated set the message attribute 'truncate' to |
|      |    |     | false to see the complete list. To prevent this optimization, set the 'delete_unloaded_insts' root/subdesign     |
|      |    |     | attribute to 'false' or 'preserve' instance attribute to 'true'.                                                 |
|GLO-42|Info|    1|Equivalent sequential instances have been merged.                                                                 |
|      |    |     |To prevent merging of sequential instances, set the 'optimize_merge_flops' and 'optimize_merge_latches' root      |
|      |    |     | attributes to 'false' or the 'optimize_merge_seq' instance attribute to 'false'.                                 |
--------------------------------------------------------------------------------------------------------------------------------------
 
Global mapping target info
==========================
Cost Group 'clk' target slack: -48708 ps
Target path end-point (Pin: u_conv_engine_acc_reg_reg[31]/d)


State Retention Synthesis Status
================================

Category                        Flops   Percentage
--------------------------------------------------
Total instances                   132        100.0
Excluded from State Retention     132        100.0
    - Will not convert            132        100.0
      - Preserved                   0          0.0
      - Power intent excluded     132        100.0
    - Could not convert             0          0.0
      - Scan type                   0          0.0
      - No suitable cell            0          0.0
State Retention instances           0          0.0
--------------------------------------------------

PBS_Generic_Opt-Post - Elapsed_Time 65, CPU_Time 64.277474
stamp 'PBS_Generic_Opt-Post' being created for table 'pbs_debug'

  Total Time (Wall) |  Stage Time (Wall)  |   % (Wall)   |    Date - Time     |  Memory   | Stage
--------------------+---------------------+--------------+--------------------+-----------+----------------------
 00:00:09(00:00:09) |  00:00:00(00:00:00) |   0.0(  0.0) |   20:18:28 (Apr28) |  462.4 MB | PBS_Generic-Start
--------------------+---------------------+--------------+--------------------+-----------+----------------------
 00:01:16(00:01:17) |  00:01:07(00:01:08) | 100.0(100.0) |   20:19:36 (Apr28) |   1.13 GB | PBS_Generic_Opt-Post
--------------------+---------------------+--------------+--------------------+-----------+----------------------
Number of threads: 8 * 1   (id: pbs_debug, time_info v1.57)
Info: (*N*) indicates data that was populated from previously saved time_info database
Info: CPU time includes time of parent + longest thread
PBS_Generic-Postgen HBO Optimizations - Elapsed_Time 0, CPU_Time 1.0
stamp 'PBS_Generic-Postgen HBO Optimizations' being created for table 'pbs_debug'

  Total Time (Wall) |  Stage Time (Wall)  |   % (Wall)   |    Date - Time     |  Memory   | Stage
--------------------+---------------------+--------------+--------------------+-----------+----------------------
 00:00:09(00:00:09) |  00:00:00(00:00:00) |   0.0(  0.0) |   20:18:28 (Apr28) |  462.4 MB | PBS_Generic-Start
--------------------+---------------------+--------------+--------------------+-----------+----------------------
 00:01:16(00:01:17) |  00:01:07(00:01:08) |  98.5(100.0) |   20:19:36 (Apr28) |   1.13 GB | PBS_Generic_Opt-Post
--------------------+---------------------+--------------+--------------------+-----------+----------------------
 00:01:17(00:01:17) |  00:00:01(00:00:00) |   1.5(  0.0) |   20:19:36 (Apr28) |   1.13 GB | PBS_Generic-Postgen HBO Optimizations
--------------------+---------------------+--------------+--------------------+-----------+----------------------
Number of threads: 8 * 1   (id: pbs_debug, time_info v1.57)
Info: (*N*) indicates data that was populated from previously saved time_info database
Info: CPU time includes time of parent + longest thread
Starting post syn_generic ultra-effort Boolean optimization
Redundancy removal succeeded.
Done post syn_generic ultra-effort Boolean optimization (0.00 cpu seconds) (1.00 elapsed cpu seconds)
Info    : Done synthesizing. [SYNTH-2]
        : Done synthesizing 'cnn_top' to generic gates.
##>=================== Cadence Confidential (Generic-Logical) ===================
##>=================== Cadence Confidential (Generic-Logical) ===================
      flow.cputime  flow.realtime  timing.setup.tns  timing.setup.wns  snapshot
UM:*                                                                   syn_gen
@file(run_genus.tcl) 137: syn_map
#------------------------------------------------------------------------------------
# Root attributes for category: opt
#------------------------------------------------------------------------------------
# Feature                           | Attribute                | Value            
#------------------------------------------------------------------------------------
# Power optimization effort         | design_power_effort      | none (default)   
# Do not use qbar sequential pins   | dont_use_qbar_seq_pins   | false (default)  
#------------------------------------------------------------------------------------

##Generic Timing Info: typical gate delay 2489.7 ps   std_slew:   13.0 ps   std_load:  4.9 fF  for library domain _default_
Mapping ChipWare ICG instances in cnn_top
Found 0 unmapped ChipWare ICG instances
Mapped 0 of 0 ChipWare ICG instances
Info    : Mapping. [SYNTH-4]
        : Mapping 'cnn_top' using 'medium' effort.
Mapper: Libraries have:
	domain _default_: 58 combo usable cells and 8 sequential usable cells
PBS_TechMap-Start - Elapsed_Time 0, CPU_Time 0.0
stamp 'PBS_TechMap-Start' being created for table 'pbs_debug'

  Total Time (Wall) |  Stage Time (Wall)  |   % (Wall)   |    Date - Time     |  Memory   | Stage
--------------------+---------------------+--------------+--------------------+-----------+----------------------
 00:00:09(00:00:09) |  00:00:00(00:00:00) |   0.0(  0.0) |   20:18:28 (Apr28) |  462.4 MB | PBS_Generic-Start
--------------------+---------------------+--------------+--------------------+-----------+----------------------
 00:01:16(00:01:17) |  00:01:07(00:01:08) |  98.5( 98.6) |   20:19:36 (Apr28) |   1.13 GB | PBS_Generic_Opt-Post
--------------------+---------------------+--------------+--------------------+-----------+----------------------
 00:01:17(00:01:17) |  00:00:01(00:00:00) |   1.5(  0.0) |   20:19:36 (Apr28) |   1.13 GB | PBS_Generic-Postgen HBO Optimizations
--------------------+---------------------+--------------+--------------------+-----------+----------------------
 00:01:17(00:01:18) |  00:00:00(00:00:01) |   0.0(  1.4) |   20:19:37 (Apr28) |   1.13 GB | PBS_TechMap-Start
--------------------+---------------------+--------------+--------------------+-----------+----------------------
Number of threads: 8 * 1   (id: pbs_debug, time_info v1.57)
Info: (*N*) indicates data that was populated from previously saved time_info database
Info: CPU time includes time of parent + longest thread
PBS_TechMap-Premap HBO Optimizations - Elapsed_Time 0, CPU_Time 0.0
stamp 'PBS_TechMap-Premap HBO Optimizations' being created for table 'pbs_debug'

  Total Time (Wall) |  Stage Time (Wall)  |   % (Wall)   |    Date - Time     |  Memory   | Stage
--------------------+---------------------+--------------+--------------------+-----------+----------------------
 00:00:09(00:00:09) |  00:00:00(00:00:00) |   0.0(  0.0) |   20:18:28 (Apr28) |  462.4 MB | PBS_Generic-Start
--------------------+---------------------+--------------+--------------------+-----------+----------------------
 00:01:16(00:01:17) |  00:01:07(00:01:08) |  98.5( 98.6) |   20:19:36 (Apr28) |   1.13 GB | PBS_Generic_Opt-Post
--------------------+---------------------+--------------+--------------------+-----------+----------------------
 00:01:17(00:01:17) |  00:00:01(00:00:00) |   1.5(  0.0) |   20:19:36 (Apr28) |   1.13 GB | PBS_Generic-Postgen HBO Optimizations
--------------------+---------------------+--------------+--------------------+-----------+----------------------
 00:01:17(00:01:18) |  00:00:00(00:00:01) |   0.0(  1.4) |   20:19:37 (Apr28) |   1.13 GB | PBS_TechMap-Start
--------------------+---------------------+--------------+--------------------+-----------+----------------------
 00:01:17(00:01:18) |  00:00:00(00:00:00) |   0.0(  0.0) |   20:19:37 (Apr28) |   1.13 GB | PBS_TechMap-Premap HBO Optimizations
--------------------+---------------------+--------------+--------------------+-----------+----------------------
Number of threads: 8 * 1   (id: pbs_debug, time_info v1.57)
Info: (*N*) indicates data that was populated from previously saved time_info database
Info: CPU time includes time of parent + longest thread
Info    : Partition Based Synthesis execution skipped. [PHYS-752]
        : Design size is less than the partition size '100000' for distributed mapping optimization to kick in.
Mapper: Libraries have:
	domain _default_: 58 combo usable cells and 8 sequential usable cells
Multi-threaded Virtual Mapping    (8 threads per ST process, 8 of 32 CPUs usable)
==================================
Stage : first_condense 
==================================
  =================
   Message Summary
  =================
-----------------------------------------------------------------------
|   Id   |Sev |Count|                  Message Text                   |
-----------------------------------------------------------------------
|GB-2    |Info|    4|Generating Booth encoder for Product-Of-Sum form.|
|PHYS-752|Info|    1|Partition Based Synthesis execution skipped.     |
|SYNTH-2 |Info|    1|Done synthesizing.                               |
|SYNTH-4 |Info|    1|Mapping.                                         |
-----------------------------------------------------------------------
 
Global mapping target info
==========================
Cost Group 'clk' target slack: -46950 ps
Target path end-point (Pin: u_conv_engine_acc_reg_reg[20]/d)

Multi-threaded Technology Mapping (8 threads per ST process, 8 of 32 CPUs usable)
 
Global mapping status
=====================
                                   Group   
                                  Tot Wrst 
                           Total  Weighted 
Operation                   Area   Slacks  
 global_map              1081009   -52382 
            Worst cost_group: clk, WNS: -52382.9
            Path: u_ag_tap_base_reg[2]/CLK --> u_conv_engine_acc_reg_reg[31]/D

    Cost Group            Target    Slack    Diff.  Constr.
-----------------------------------------------------------
           clk            -46950   -52383     -10%    10000 

 
Global incremental target info
==============================
Cost Group 'clk' target slack: -51554 ps
Target path end-point (Pin: u_conv_engine_acc_reg_reg[31]/D (sg13g2_dfrbp_2/D))

==================================
Stage : global_incr_map 
==================================
  =================
   Message Summary
  =================
----------------------------------------------------------------
| Id |Sev |Count|                 Message Text                 |
----------------------------------------------------------------
|PA-7|Info|   46|Resetting power analysis results.             |
|    |    |     |All computed switching activities are removed.|
----------------------------------------------------------------
 
Global incremental optimization status
======================================
                                   Group   
                                  Tot Wrst 
                           Total  Weighted 
Operation                   Area   Slacks  
 global_incr             1047433   -51691 
            Worst cost_group: clk, WNS: -51691.2
            Path: u_ctrl/done_reg/CLK --> u_conv_engine_acc_reg_reg[20]/D

    Cost Group            Target    Slack    Diff.  Constr.
-----------------------------------------------------------
           clk            -51554   -51691      +0%    10000 


State Retention Synthesis Status
================================

Category                        Flops   Percentage
--------------------------------------------------
Total instances                   132        100.0
Excluded from State Retention     132        100.0
    - Will not convert            132        100.0
      - Preserved                   0          0.0
      - Power intent excluded     132        100.0
    - Could not convert             0          0.0
      - Scan type                   0          0.0
      - No suitable cell            0          0.0
State Retention instances           0          0.0
--------------------------------------------------

INFO: skipping constant propagation
PBS_Techmap-Global Mapping - Elapsed_Time 27, CPU_Time 26.367469
stamp 'PBS_Techmap-Global Mapping' being created for table 'pbs_debug'

  Total Time (Wall) |  Stage Time (Wall)  |   % (Wall)   |    Date - Time     |  Memory   | Stage
--------------------+---------------------+--------------+--------------------+-----------+----------------------
 00:00:09(00:00:09) |  00:00:00(00:00:00) |   0.0(  0.0) |   20:18:28 (Apr28) |  462.4 MB | PBS_Generic-Start
--------------------+---------------------+--------------+--------------------+-----------+----------------------
 00:01:16(00:01:17) |  00:01:07(00:01:08) |  71.1( 70.8) |   20:19:36 (Apr28) |   1.13 GB | PBS_Generic_Opt-Post
--------------------+---------------------+--------------+--------------------+-----------+----------------------
 00:01:17(00:01:17) |  00:00:01(00:00:00) |   1.1(  0.0) |   20:19:36 (Apr28) |   1.13 GB | PBS_Generic-Postgen HBO Optimizations
--------------------+---------------------+--------------+--------------------+-----------+----------------------
 00:01:17(00:01:18) |  00:00:00(00:00:01) |   0.0(  1.0) |   20:19:37 (Apr28) |   1.13 GB | PBS_TechMap-Start
--------------------+---------------------+--------------+--------------------+-----------+----------------------
 00:01:17(00:01:18) |  00:00:00(00:00:00) |   0.0(  0.0) |   20:19:37 (Apr28) |   1.13 GB | PBS_TechMap-Premap HBO Optimizations
--------------------+---------------------+--------------+--------------------+-----------+----------------------
 00:01:43(00:01:45) |  00:00:26(00:00:27) |  27.9( 28.1) |   20:20:04 (Apr28) |   1.12 GB | PBS_Techmap-Global Mapping
--------------------+---------------------+--------------+--------------------+-----------+----------------------
Number of threads: 8 * 1   (id: pbs_debug, time_info v1.57)
Info: (*N*) indicates data that was populated from previously saved time_info database
Info: CPU time includes time of parent + longest thread
Info    : Wrote formal verification information. [CFM-5]
        : Wrote 'fv/cnn_top/fv_map.fv.json' for netlist 'fv/cnn_top/fv_map.v.gz'.
Info    : Existing dofile found. Copied as fv/cnn_top/rtl_to_fv_map.do~.
Info    : Wrote dofile. [CFM-1]
        : Dofile is 'fv/cnn_top/rtl_to_fv_map.do'.
        : RTL names flow is enabled.
PBS_TechMap-Datapath Postmap Operations - Elapsed_Time 1, CPU_Time 1.9783359999999988
stamp 'PBS_TechMap-Datapath Postmap Operations' being created for table 'pbs_debug'

  Total Time (Wall) |  Stage Time (Wall)  |   % (Wall)   |    Date - Time     |  Memory   | Stage
--------------------+---------------------+--------------+--------------------+-----------+----------------------
 00:00:09(00:00:09) |  00:00:00(00:00:00) |   0.0(  0.0) |   20:18:28 (Apr28) |  462.4 MB | PBS_Generic-Start
--------------------+---------------------+--------------+--------------------+-----------+----------------------
 00:01:16(00:01:17) |  00:01:07(00:01:08) |  69.6( 70.1) |   20:19:36 (Apr28) |   1.13 GB | PBS_Generic_Opt-Post
--------------------+---------------------+--------------+--------------------+-----------+----------------------
 00:01:17(00:01:17) |  00:00:01(00:00:00) |   1.0(  0.0) |   20:19:36 (Apr28) |   1.13 GB | PBS_Generic-Postgen HBO Optimizations
--------------------+---------------------+--------------+--------------------+-----------+----------------------
 00:01:17(00:01:18) |  00:00:00(00:00:01) |   0.0(  1.0) |   20:19:37 (Apr28) |   1.13 GB | PBS_TechMap-Start
--------------------+---------------------+--------------+--------------------+-----------+----------------------
 00:01:17(00:01:18) |  00:00:00(00:00:00) |   0.0(  0.0) |   20:19:37 (Apr28) |   1.13 GB | PBS_TechMap-Premap HBO Optimizations
--------------------+---------------------+--------------+--------------------+-----------+----------------------
 00:01:43(00:01:45) |  00:00:26(00:00:27) |  27.3( 27.8) |   20:20:04 (Apr28) |   1.12 GB | PBS_Techmap-Global Mapping
--------------------+---------------------+--------------+--------------------+-----------+----------------------
 00:01:45(00:01:46) |  00:00:01(00:00:01) |   2.0(  1.0) |   20:20:05 (Apr28) |   1.12 GB | PBS_TechMap-Datapath Postmap Operations
--------------------+---------------------+--------------+--------------------+-----------+----------------------
Number of threads: 8 * 1   (id: pbs_debug, time_info v1.57)
Info: (*N*) indicates data that was populated from previously saved time_info database
Info: CPU time includes time of parent + longest thread
PBS_TechMap-Postmap HBO Optimizations - Elapsed_Time 0, CPU_Time -0.0234180000000066
stamp 'PBS_TechMap-Postmap HBO Optimizations' being created for table 'pbs_debug'

  Total Time (Wall) |  Stage Time (Wall)  |   % (Wall)   |    Date - Time     |  Memory   | Stage
--------------------+---------------------+--------------+--------------------+-----------+----------------------
 00:00:09(00:00:09) |  00:00:00(00:00:00) |   0.0(  0.0) |   20:18:28 (Apr28) |  462.4 MB | PBS_Generic-Start
--------------------+---------------------+--------------+--------------------+-----------+----------------------
 00:01:16(00:01:17) |  00:01:07(00:01:08) |  69.6( 70.1) |   20:19:36 (Apr28) |   1.13 GB | PBS_Generic_Opt-Post
--------------------+---------------------+--------------+--------------------+-----------+----------------------
 00:01:17(00:01:17) |  00:00:01(00:00:00) |   1.0(  0.0) |   20:19:36 (Apr28) |   1.13 GB | PBS_Generic-Postgen HBO Optimizations
--------------------+---------------------+--------------+--------------------+-----------+----------------------
 00:01:17(00:01:18) |  00:00:00(00:00:01) |   0.0(  1.0) |   20:19:37 (Apr28) |   1.13 GB | PBS_TechMap-Start
--------------------+---------------------+--------------+--------------------+-----------+----------------------
 00:01:17(00:01:18) |  00:00:00(00:00:00) |   0.0(  0.0) |   20:19:37 (Apr28) |   1.13 GB | PBS_TechMap-Premap HBO Optimizations
--------------------+---------------------+--------------+--------------------+-----------+----------------------
 00:01:43(00:01:45) |  00:00:26(00:00:27) |  27.3( 27.8) |   20:20:04 (Apr28) |   1.12 GB | PBS_Techmap-Global Mapping
--------------------+---------------------+--------------+--------------------+-----------+----------------------
 00:01:45(00:01:46) |  00:00:01(00:00:01) |   2.0(  1.0) |   20:20:05 (Apr28) |   1.12 GB | PBS_TechMap-Datapath Postmap Operations
--------------------+---------------------+--------------+--------------------+-----------+----------------------
 00:01:45(00:01:46) |  00:00:00(00:00:00) |  -0.0(  0.0) |   20:20:05 (Apr28) |   1.12 GB | PBS_TechMap-Postmap HBO Optimizations
--------------------+---------------------+--------------+--------------------+-----------+----------------------
Number of threads: 8 * 1   (id: pbs_debug, time_info v1.57)
Info: (*N*) indicates data that was populated from previously saved time_info database
Info: CPU time includes time of parent + longest thread
 Doing ConstProp on design:cnn_top ... 

Time taken by ConstProp Step: 00:00:01
PBS_TechMap-Postmap Clock Gating - Elapsed_Time 1, CPU_Time 0.0
stamp 'PBS_TechMap-Postmap Clock Gating' being created for table 'pbs_debug'

  Total Time (Wall) |  Stage Time (Wall)  |   % (Wall)   |    Date - Time     |  Memory   | Stage
--------------------+---------------------+--------------+--------------------+-----------+----------------------
 00:00:09(00:00:09) |  00:00:00(00:00:00) |   0.0(  0.0) |   20:18:28 (Apr28) |  462.4 MB | PBS_Generic-Start
--------------------+---------------------+--------------+--------------------+-----------+----------------------
 00:01:16(00:01:17) |  00:01:07(00:01:08) |  69.6( 69.4) |   20:19:36 (Apr28) |   1.13 GB | PBS_Generic_Opt-Post
--------------------+---------------------+--------------+--------------------+-----------+----------------------
 00:01:17(00:01:17) |  00:00:01(00:00:00) |   1.0(  0.0) |   20:19:36 (Apr28) |   1.13 GB | PBS_Generic-Postgen HBO Optimizations
--------------------+---------------------+--------------+--------------------+-----------+----------------------
 00:01:17(00:01:18) |  00:00:00(00:00:01) |   0.0(  1.0) |   20:19:37 (Apr28) |   1.13 GB | PBS_TechMap-Start
--------------------+---------------------+--------------+--------------------+-----------+----------------------
 00:01:17(00:01:18) |  00:00:00(00:00:00) |   0.0(  0.0) |   20:19:37 (Apr28) |   1.13 GB | PBS_TechMap-Premap HBO Optimizations
--------------------+---------------------+--------------+--------------------+-----------+----------------------
 00:01:43(00:01:45) |  00:00:26(00:00:27) |  27.3( 27.6) |   20:20:04 (Apr28) |   1.12 GB | PBS_Techmap-Global Mapping
--------------------+---------------------+--------------+--------------------+-----------+----------------------
 00:01:45(00:01:46) |  00:00:01(00:00:01) |   2.0(  1.0) |   20:20:05 (Apr28) |   1.12 GB | PBS_TechMap-Datapath Postmap Operations
--------------------+---------------------+--------------+--------------------+-----------+----------------------
 00:01:45(00:01:46) |  00:00:00(00:00:00) |  -0.0(  0.0) |   20:20:05 (Apr28) |   1.12 GB | PBS_TechMap-Postmap HBO Optimizations
--------------------+---------------------+--------------+--------------------+-----------+----------------------
 00:01:45(00:01:47) |  00:00:00(00:00:01) |   0.0(  1.0) |   20:20:06 (Apr28) |   1.12 GB | PBS_TechMap-Postmap Clock Gating
--------------------+---------------------+--------------+--------------------+-----------+----------------------
Number of threads: 8 * 1   (id: pbs_debug, time_info v1.57)
Info: (*N*) indicates data that was populated from previously saved time_info database
Info: CPU time includes time of parent + longest thread
-------------------------------------------------------------------------------
 hi_fo_buf               1043653   -51691  -3232700     20762     6748      209
            Worst cost_group: clk, WNS: -51691.2
            Path: u_ctrl/done_reg/CLK --> u_conv_engine_acc_reg_reg[20]/D

           Trick     Calls     Accepts   Attempts    Time(secs) 
-----------------------------------------------------------
       hi_fo_buf         0  (        0 /        0 )  0.00

 
Incremental optimization status
===============================
                                   Group   
                                  Tot Wrst     Total - - - - DRC Totals - - - -
                           Total  Weighted      Neg      Max       Max     Max  
Operation                   Area   Slacks      Slack    Trans      Cap   Fanout 
 init_delay              1043653   -51691  -3232700     20762     6748      209
            Worst cost_group: clk, WNS: -51691.2
            Path: u_ctrl/done_reg/CLK --> u_conv_engine_acc_reg_reg[20]/D
 incr_delay              1049926   -49578  -3198187     20762     6714      206
            Worst cost_group: clk, WNS: -49578.8
            Path: u_ag_tap_base_reg[5]/CLK --> u_conv_engine_acc_reg_reg[31]/D
 incr_delay              1050293   -49111  -3179647     20762     6714      207
            Worst cost_group: clk, WNS: -49111.6
            Path: u_ag_tap_base_reg[5]/CLK --> u_conv_engine_acc_reg_reg[31]/D
 incr_delay              1053167   -48517  -3179883     20762     6771      200
            Worst cost_group: clk, WNS: -48517.9
            Path: u_ag_tap_base_reg[5]/CLK --> u_conv_engine_acc_reg_reg[31]/D
 incr_delay              1053558   -48438  -3179852     20762     6771      200
            Worst cost_group: clk, WNS: -48438.8
            Path: u_ag_tap_base_reg[5]/CLK --> u_conv_engine_acc_reg_reg[31]/D
 incr_delay              1053580   -48398  -3179189     20762     6771      200
            Worst cost_group: clk, WNS: -48398.5
            Path: u_ag_tap_base_reg[5]/CLK --> u_conv_engine_acc_reg_reg[31]/D

           Trick     Calls     Accepts   Attempts    Time(secs) 
-----------------------------------------------------------
       crit_upsz       630  (       99 /      102 )  0.58
    plc_bal_star         0  (        0 /        0 )  0.00
     drc_buftimb         0  (        0 /        0 )  0.00
          plc_st       314  (        0 /        0 )  0.00
    plc_st_fence       314  (        0 /        0 )  0.00
        plc_star       314  (        0 /        0 )  0.00
      plc_laf_st       314  (        0 /        0 )  0.00
 plc_laf_st_fence       314  (        0 /        0 )  0.00
     drc_buftims         0  (        0 /        0 )  0.00
            fopt       781  (      129 /      132 )  1.01
   plc_laf_lo_st       310  (        0 /        0 )  0.00
       plc_lo_st       310  (        0 /        0 )  0.00
        mb_split       310  (        0 /        0 )  0.00

 
Local TNS optimization status
=============================
                                   Group   
                                  Tot Wrst     Total - - - - DRC Totals - - - -
                           Total  Weighted      Neg      Max       Max     Max  
Operation                   Area   Slacks      Slack    Trans      Cap   Fanout 
 init_tns                1053580   -48398  -3179189     20762     6771      200
            Worst cost_group: clk, WNS: -48398.5
            Path: u_ag_tap_base_reg[5]/CLK --> u_conv_engine_acc_reg_reg[31]/D
 incr_tns                1053924   -48345  -2951440     15040     6682      202
            Worst cost_group: clk, WNS: -48345.1
            Path: u_ag_tap_base_reg[5]/CLK --> u_conv_engine_acc_reg_reg[26]/D
 incr_tns                1053924   -48345  -2951440     15040     6682      202
            Worst cost_group: clk, WNS: -48345.1
            Path: u_ag_tap_base_reg[5]/CLK --> u_conv_engine_acc_reg_reg[26]/D

           Trick     Calls     Accepts   Attempts    Time(secs) 
-----------------------------------------------------------
    plc_bal_star         0  (        0 /        0 )  0.00
     drc_buftimb         0  (        0 /        0 )  0.00
     drc_buftims         0  (        0 /        0 )  0.00
       crit_upsz      1274  (      280 /      335 )  0.56
   plc_laf_lo_st       994  (        0 /        0 )  0.00
       plc_lo_st       994  (        0 /        0 )  0.00
            fopt       994  (        0 /        0 )  0.01
       crit_dnsz      1326  (      151 /      305 )  1.29
             dup       843  (        6 /        8 )  0.19
        setup_dn       837  (       18 /       20 )  0.09
        mb_split       819  (        0 /        0 )  0.00

PBS_TechMap-Postmap Cleanup - Elapsed_Time 4, CPU_Time 4.972438000000011
stamp 'PBS_TechMap-Postmap Cleanup' being created for table 'pbs_debug'

  Total Time (Wall) |  Stage Time (Wall)  |   % (Wall)   |    Date - Time     |  Memory   | Stage
--------------------+---------------------+--------------+--------------------+-----------+----------------------
 00:00:09(00:00:09) |  00:00:00(00:00:00) |   0.0(  0.0) |   20:18:28 (Apr28) |  462.4 MB | PBS_Generic-Start
--------------------+---------------------+--------------+--------------------+-----------+----------------------
 00:01:16(00:01:17) |  00:01:07(00:01:08) |  66.2( 66.7) |   20:19:36 (Apr28) |   1.13 GB | PBS_Generic_Opt-Post
--------------------+---------------------+--------------+--------------------+-----------+----------------------
 00:01:17(00:01:17) |  00:00:01(00:00:00) |   1.0(  0.0) |   20:19:36 (Apr28) |   1.13 GB | PBS_Generic-Postgen HBO Optimizations
--------------------+---------------------+--------------+--------------------+-----------+----------------------
 00:01:17(00:01:18) |  00:00:00(00:00:01) |   0.0(  1.0) |   20:19:37 (Apr28) |   1.13 GB | PBS_TechMap-Start
--------------------+---------------------+--------------+--------------------+-----------+----------------------
 00:01:17(00:01:18) |  00:00:00(00:00:00) |   0.0(  0.0) |   20:19:37 (Apr28) |   1.13 GB | PBS_TechMap-Premap HBO Optimizations
--------------------+---------------------+--------------+--------------------+-----------+----------------------
 00:01:43(00:01:45) |  00:00:26(00:00:27) |  26.0( 26.5) |   20:20:04 (Apr28) |   1.12 GB | PBS_Techmap-Global Mapping
--------------------+---------------------+--------------+--------------------+-----------+----------------------
 00:01:45(00:01:46) |  00:00:01(00:00:01) |   1.9(  1.0) |   20:20:05 (Apr28) |   1.12 GB | PBS_TechMap-Datapath Postmap Operations
--------------------+---------------------+--------------+--------------------+-----------+----------------------
 00:01:45(00:01:46) |  00:00:00(00:00:00) |  -0.0(  0.0) |   20:20:05 (Apr28) |   1.12 GB | PBS_TechMap-Postmap HBO Optimizations
--------------------+---------------------+--------------+--------------------+-----------+----------------------
 00:01:45(00:01:47) |  00:00:00(00:00:01) |   0.0(  1.0) |   20:20:06 (Apr28) |   1.12 GB | PBS_TechMap-Postmap Clock Gating
--------------------+---------------------+--------------+--------------------+-----------+----------------------
 00:01:50(00:01:51) |  00:00:04(00:00:04) |   4.9(  3.9) |   20:20:10 (Apr28) |   1.12 GB | PBS_TechMap-Postmap Cleanup
--------------------+---------------------+--------------+--------------------+-----------+----------------------
Number of threads: 8 * 1   (id: pbs_debug, time_info v1.57)
Info: (*N*) indicates data that was populated from previously saved time_info database
Info: CPU time includes time of parent + longest thread
PBS_Techmap-Post_MBCI - Elapsed_Time 0, CPU_Time 0.0
stamp 'PBS_Techmap-Post_MBCI' being created for table 'pbs_debug'

  Total Time (Wall) |  Stage Time (Wall)  |   % (Wall)   |    Date - Time     |  Memory   | Stage
--------------------+---------------------+--------------+--------------------+-----------+----------------------
 00:00:09(00:00:09) |  00:00:00(00:00:00) |   0.0(  0.0) |   20:18:28 (Apr28) |  462.4 MB | PBS_Generic-Start
--------------------+---------------------+--------------+--------------------+-----------+----------------------
 00:01:16(00:01:17) |  00:01:07(00:01:08) |  66.2( 66.7) |   20:19:36 (Apr28) |   1.13 GB | PBS_Generic_Opt-Post
--------------------+---------------------+--------------+--------------------+-----------+----------------------
 00:01:17(00:01:17) |  00:00:01(00:00:00) |   1.0(  0.0) |   20:19:36 (Apr28) |   1.13 GB | PBS_Generic-Postgen HBO Optimizations
--------------------+---------------------+--------------+--------------------+-----------+----------------------
 00:01:17(00:01:18) |  00:00:00(00:00:01) |   0.0(  1.0) |   20:19:37 (Apr28) |   1.13 GB | PBS_TechMap-Start
--------------------+---------------------+--------------+--------------------+-----------+----------------------
 00:01:17(00:01:18) |  00:00:00(00:00:00) |   0.0(  0.0) |   20:19:37 (Apr28) |   1.13 GB | PBS_TechMap-Premap HBO Optimizations
--------------------+---------------------+--------------+--------------------+-----------+----------------------
 00:01:43(00:01:45) |  00:00:26(00:00:27) |  26.0( 26.5) |   20:20:04 (Apr28) |   1.12 GB | PBS_Techmap-Global Mapping
--------------------+---------------------+--------------+--------------------+-----------+----------------------
 00:01:45(00:01:46) |  00:00:01(00:00:01) |   1.9(  1.0) |   20:20:05 (Apr28) |   1.12 GB | PBS_TechMap-Datapath Postmap Operations
--------------------+---------------------+--------------+--------------------+-----------+----------------------
 00:01:45(00:01:46) |  00:00:00(00:00:00) |  -0.0(  0.0) |   20:20:05 (Apr28) |   1.12 GB | PBS_TechMap-Postmap HBO Optimizations
--------------------+---------------------+--------------+--------------------+-----------+----------------------
 00:01:45(00:01:47) |  00:00:00(00:00:01) |   0.0(  1.0) |   20:20:06 (Apr28) |   1.12 GB | PBS_TechMap-Postmap Clock Gating
--------------------+---------------------+--------------+--------------------+-----------+----------------------
 00:01:50(00:01:51) |  00:00:04(00:00:04) |   4.9(  3.9) |   20:20:10 (Apr28) |   1.12 GB | PBS_TechMap-Postmap Cleanup
--------------------+---------------------+--------------+--------------------+-----------+----------------------
 00:01:50(00:01:51) |  00:00:00(00:00:00) |   0.0(  0.0) |   20:20:10 (Apr28) |   1.12 GB | PBS_Techmap-Post_MBCI
--------------------+---------------------+--------------+--------------------+-----------+----------------------
Number of threads: 8 * 1   (id: pbs_debug, time_info v1.57)
Info: (*N*) indicates data that was populated from previously saved time_info database
Info: CPU time includes time of parent + longest thread
##>=================== Cadence Confidential (Mapping-Logical) ===================
##>Main Thread Summary:
##>----------------------------------------------------------------------------------------
##>STEP                           Elapsed       WNS       TNS     Insts      Area    Memory
##>----------------------------------------------------------------------------------------
##>M:Initial                            0         -         -      6219    660474      1125
##>M:Early Clock Gating                 0         -         -         -         -         -
##>M:Pre Cleanup                        0         -         -      6219    660474      1125
##>M:Setup                              0         -         -         -         -         -
##>M:Launch ST                          0         -         -         -         -         -
##>M:Design Partition                   0         -         -         -         -         -
##>M:Create Partition Netlists          0         -         -         -         -         -
##>M:Init Power                         0         -         -         -         -         -
##>M:Budgeting                          0         -         -         -         -         -
##>M:Derenv-DB                          0         -         -         -         -         -
##>M:Debug Outputs                      0         -         -         -         -         -
##>M:ST loading                         0         -         -         -         -         -
##>M:Distributed                        0         -         -         -         -         -
##>M:Timer                              0         -         -         -         -         -
##>M:Assembly                           0         -         -         -         -         -
##>M:DFT                                0         -         -         -         -         -
##>M:DP Operations                      1         -         -      5190    663723      1121
##>M:Const Prop                         0    -51691   3251513      5190    663723      1121
##>M:Cleanup                            4    -48345   2951440      5254    668995      1124
##>M:MBCI                               0         -         -      5254    668995      1124
##>M:PostGen Opt                        0         -         -         -         -         -
##>M:Const Gate Removal                 0         -         -         -         -         -
##>M:Early Clock Gating Cleanup         0         -         -         -         -         -
##>M:Misc                              28
##>----------------------------------------------------------------------------------------
##>Total Elapsed                       33
##>========================================================================================
Info    : Done mapping. [SYNTH-5]
        : Done mapping 'cnn_top'.
      flow.cputime  flow.realtime  timing.setup.tns  timing.setup.wns  snapshot
UM:*                                                                   syn_map
@file(run_genus.tcl) 138: syn_opt
Warning : The selected flow setting will be removed in a future release. [SYNTH-33]
        : The use of 'syn_opt' for logical only optimization will be obsolete in a future release.
	Transition to 'syn_opt -logical' or 'syn_opt -spatial'.

        : Contact Cadence support to understand current flows.
Info    : Incrementally optimizing. [SYNTH-7]
        : Incrementally optimizing 'cnn_top' using 'medium' effort.
 
Incremental optimization status
===============================
                                   Group   
                                  Tot Wrst     Total - - - - DRC Totals - - - -
                           Total  Weighted      Neg      Max       Max     Max  
Operation                   Area   Slacks      Slack    Trans      Cap   Fanout 
 init_iopt               1053924   -48345  -2951440     15040     6682      202
            Worst cost_group: clk, WNS: -48345.1
            Path: u_ag_tap_base_reg[5]/CLK --> u_conv_engine_acc_reg_reg[26]/D
-------------------------------------------------------------------------------
 const_prop              1053940   -48345  -2951440     15040     6672      202
            Worst cost_group: clk, WNS: -48345.1
            Path: u_ag_tap_base_reg[5]/CLK --> u_conv_engine_acc_reg_reg[26]/D
 simp_cc_inputs          1050732   -48345  -2947680     15040     6672      200
            Worst cost_group: clk, WNS: -48345.1
            Path: u_ag_tap_base_reg[5]/CLK --> u_conv_engine_acc_reg_reg[26]/D
 
Incremental optimization status
===============================
                                   Group   
                                  Tot Wrst     Total - - - - DRC Totals - - - -
                           Total  Weighted      Neg      Max       Max     Max  
Operation                   Area   Slacks      Slack    Trans      Cap   Fanout 
 init_delay              1050732   -48345  -2947680     15040     6672      200
            Worst cost_group: clk, WNS: -48345.1
            Path: u_ag_tap_base_reg[5]/CLK --> u_conv_engine_acc_reg_reg[26]/D
 incr_delay              1052445   -47700  -2930923     15243     8230      219
            Worst cost_group: clk, WNS: -47700.7
            Path: u_ag_tap_base_reg[5]/CLK --> u_conv_engine_acc_reg_reg[31]/D
 incr_delay              1052221   -47462  -2922949     15291     8952      231
            Worst cost_group: clk, WNS: -47462.5
            Path: u_ag_tap_base_reg[5]/CLK --> u_conv_engine_acc_reg_reg[31]/D
 incr_delay              1052343   -47288  -2915120     15290     8953      237
            Worst cost_group: clk, WNS: -47288.1
            Path: u_ag_tap_base_reg[5]/CLK --> u_conv_engine_acc_reg_reg[31]/D
 incr_delay              1052394   -47257  -2914637     15290     8953      238
            Worst cost_group: clk, WNS: -47257.0
            Path: u_ag_tap_base_reg[5]/CLK --> u_conv_engine_acc_reg_reg[31]/D
 incr_delay              1052728   -47111  -2910316     15299     9014      245
            Worst cost_group: clk, WNS: -47111.7
            Path: u_ag_tap_base_reg[5]/CLK --> u_conv_engine_acc_reg_reg[22]/D
 incr_delay              1053673   -46809  -2902509     15299     9178      248
            Worst cost_group: clk, WNS: -46809.3
            Path: u_ag_tap_base_reg[5]/CLK --> u_conv_engine_acc_reg_reg[22]/D
 incr_delay              1053932   -46646  -2867821     15250     9156      251
            Worst cost_group: clk, WNS: -46646.7
            Path: u_ag_tap_base_reg[2]/CLK --> u_conv_engine_acc_reg_reg[25]/D
 incr_delay              1054233   -46560  -2863913     15096     9140      251
            Worst cost_group: clk, WNS: -46560.1
            Path: u_ag_tap_base_reg[5]/CLK --> u_conv_engine_acc_reg_reg[22]/D
 incr_delay              1054476   -46447  -2855335     15096     9142      253
            Worst cost_group: clk, WNS: -46447.7
            Path: u_ag_tap_base_reg[2]/CLK --> u_conv_engine_acc_reg_reg[25]/D
 incr_delay              1054459   -46389  -2853688     15096     9142      255
            Worst cost_group: clk, WNS: -46389.7
            Path: u_ag_tap_base_reg[2]/CLK --> u_conv_engine_acc_reg_reg[22]/D
 incr_delay              1054741   -46267  -2834282     15096     9142      255
            Worst cost_group: clk, WNS: -46267.1
            Path: u_ag_tap_base_reg[5]/CLK --> u_conv_engine_acc_reg_reg[22]/D
 incr_delay              1054741   -46249  -2834021     15096     9142      255
            Worst cost_group: clk, WNS: -46249.7
            Path: u_ag_tap_base_reg[5]/CLK --> u_conv_engine_acc_reg_reg[22]/D

           Trick     Calls     Accepts   Attempts    Time(secs) 
-----------------------------------------------------------
       crit_upsz      1020  (       80 /       93 )  0.59
    plc_bal_star         0  (        0 /        0 )  0.00
     drc_buftimb         0  (        0 /        0 )  0.00
          plc_st       656  (        0 /        0 )  0.00
    plc_st_fence       656  (        0 /        0 )  0.00
        plc_star       656  (        0 /        0 )  0.00
      plc_laf_st       656  (        0 /        0 )  0.00
 plc_laf_st_fence       656  (        0 /        0 )  0.00
     drc_buftims         0  (        0 /        0 )  0.00
   plc_laf_lo_st       656  (        0 /        0 )  0.00
       plc_lo_st       656  (        0 /        0 )  0.00
            fopt       656  (        0 /        0 )  0.01
       crit_dnsz      2011  (      112 /      158 )  2.04
             dup       774  (       17 /       19 )  0.31
            fopt       924  (       41 /       47 )  0.74
        setup_dn       656  (        7 /        7 )  0.06
         buf2inv       649  (        0 /        0 )  0.00
        mb_split       649  (        0 /        0 )  0.00
             exp       159  (        8 /       20 )  0.14
       gate_deco       531  (        6 /       15 )  1.80
       gcomp_tim      2308  (       96 /      137 )  3.74
  inv_pair_2_buf       657  (        0 /        0 )  0.00

 init_drc                1054741   -46249  -2834021     15096     9142      255
            Worst cost_group: clk, WNS: -46249.7
            Path: u_ag_tap_base_reg[5]/CLK --> u_conv_engine_acc_reg_reg[22]/D
 incr_max_trans          1056974   -46249  -2830977      6161     8930      255
            Worst cost_group: clk, WNS: -46249.7
            Path: u_ag_tap_base_reg[5]/CLK --> u_conv_engine_acc_reg_reg[22]/D

           Trick     Calls     Accepts   Attempts    Time(secs) 
-----------------------------------------------------------
          plc_st        49  (        0 /        0 )  0.00
        plc_star        49  (        0 /        0 )  0.00
        drc_bufs       118  (       23 /       65 )  0.05
        drc_fopt        26  (        1 /        1 )  0.03
        drc_bufb        25  (        0 /        0 )  0.00
      simple_buf        25  (        3 /        3 )  0.03
             dup        22  (        0 /        0 )  0.00
       crit_dnsz         0  (        0 /        0 )  0.00
       crit_upsz        22  (        2 /        2 )  0.00

 incr_max_cap            1061950   -46249  -2826082      6160     5558      259
            Worst cost_group: clk, WNS: -46249.7
            Path: u_ag_tap_base_reg[5]/CLK --> u_conv_engine_acc_reg_reg[22]/D
 incr_max_cap            1061998   -46249  -2826082      6160     5462      259
            Worst cost_group: clk, WNS: -46249.7
            Path: u_ag_tap_base_reg[5]/CLK --> u_conv_engine_acc_reg_reg[22]/D
 incr_max_cap            1062056   -46249  -2826082      6160     5421      259
            Worst cost_group: clk, WNS: -46249.7
            Path: u_ag_tap_base_reg[5]/CLK --> u_conv_engine_acc_reg_reg[22]/D

           Trick     Calls     Accepts   Attempts    Time(secs) 
-----------------------------------------------------------
          plc_st       121  (        0 /        0 )  0.00
        plc_star       121  (        0 /        0 )  0.00
      drc_buf_sp       274  (        3 /       78 )  0.21
        drc_bufs       268  (       20 /       84 )  0.25
        drc_fopt        98  (        6 /        9 )  0.15
        drc_bufb        92  (        0 /        0 )  0.00
      simple_buf        92  (       15 /       25 )  0.12
             dup        77  (        9 /        9 )  0.04
       crit_dnsz        92  (       10 /       16 )  0.07
       crit_upsz        58  (       11 /       15 )  0.02

 incr_max_fo             1064112   -46245  -2825894      6160     5432      233
            Worst cost_group: clk, WNS: -46245.1
            Path: u_ag_tap_base_reg[5]/CLK --> u_conv_engine_acc_reg_reg[22]/D
 incr_max_fo             1065045   -46241  -2825808      6160     5432      218
            Worst cost_group: clk, WNS: -46241.3
            Path: u_ag_tap_base_reg[5]/CLK --> u_conv_engine_acc_reg_reg[22]/D
 incr_max_fo             1065694   -46241  -2825774      6160     5442      209
            Worst cost_group: clk, WNS: -46241.0
            Path: u_ag_tap_base_reg[5]/CLK --> u_conv_engine_acc_reg_reg[22]/D
 incr_max_fo             1065925   -46241  -2825766      6160     5442      206
            Worst cost_group: clk, WNS: -46241.0
            Path: u_ag_tap_base_reg[5]/CLK --> u_conv_engine_acc_reg_reg[22]/D

           Trick     Calls     Accepts   Attempts    Time(secs) 
-----------------------------------------------------------
          plc_st       158  (        0 /        0 )  0.00
        plc_star       158  (        0 /        0 )  0.00
      drc_buf_sp       402  (        4 /      138 )  2.34
        drc_bufs       366  (       28 /      109 )  2.37
        drc_fopt       126  (        1 /        5 )  0.30
        drc_bufb       125  (        0 /        0 )  0.00
             dup       125  (        0 /        0 )  0.09
       crit_dnsz       711  (       68 /      212 )  0.76
       crit_upsz        57  (        1 /       10 )  0.02

 init_tns                1065925   -46241  -2825766      6160     5442      206
            Worst cost_group: clk, WNS: -46241.0
            Path: u_ag_tap_base_reg[5]/CLK --> u_conv_engine_acc_reg_reg[22]/D
 incr_tns                1066059   -46236  -2798691      6160     5493      208
            Worst cost_group: clk, WNS: -46236.4
            Path: u_ag_tap_base_reg[5]/CLK --> u_conv_engine_acc_reg_reg[22]/D
 incr_tns                1066059   -46236  -2798691      6160     5493      208
            Worst cost_group: clk, WNS: -46236.4
            Path: u_ag_tap_base_reg[5]/CLK --> u_conv_engine_acc_reg_reg[22]/D

           Trick     Calls     Accepts   Attempts    Time(secs) 
-----------------------------------------------------------
    plc_bal_star         0  (        0 /        0 )  0.00
     drc_buftimb         0  (        0 /        0 )  0.00
     drc_buftims         0  (        0 /        0 )  0.00
       crit_upsz       987  (       61 /       96 )  0.26
   plc_laf_lo_st       926  (        0 /        0 )  0.00
       plc_lo_st       926  (        0 /        0 )  0.00
            fopt       926  (        0 /        0 )  0.02
       crit_dnsz      1367  (       83 /      251 )  1.25
             dup       843  (        2 /        4 )  0.19
        setup_dn       841  (        0 /        0 )  0.07
         buf2inv       841  (        0 /        0 )  0.00
        mb_split       841  (        0 /        0 )  0.00

 init_area               1066059   -46236  -2798691      6160     5493      208
            Worst cost_group: clk, WNS: -46236.4
            Path: u_ag_tap_base_reg[5]/CLK --> u_conv_engine_acc_reg_reg[22]/D
 undup                   1065779   -46236  -2798691      6160     5493      208
            Worst cost_group: clk, WNS: -46236.4
            Path: u_ag_tap_base_reg[5]/CLK --> u_conv_engine_acc_reg_reg[22]/D
 rem_buf                 1047783   -46236  -2743871      6383     5450      220
            Worst cost_group: clk, WNS: -46236.4
            Path: u_ag_tap_base_reg[5]/CLK --> u_conv_engine_acc_reg_reg[22]/D
 rem_inv                 1045603   -46232  -2718444      6383     5543      219
            Worst cost_group: clk, WNS: -46232.0
            Path: u_ctrl/done_reg/CLK --> u_conv_engine_acc_reg_reg[22]/D
 merge_bi                1043213   -46224  -2718302      6383     5531      212
            Worst cost_group: clk, WNS: -46224.0
            Path: u_ctrl/done_reg/CLK --> u_conv_engine_acc_reg_reg[22]/D
 merge_bi                1043132   -46224  -2718302      6383     5531      211
            Worst cost_group: clk, WNS: -46224.0
            Path: u_ctrl/done_reg/CLK --> u_conv_engine_acc_reg_reg[22]/D
 rem_inv_qb              1040812   -46054  -2707870      9015    10700      211
            Worst cost_group: clk, WNS: -46054.3
            Path: u_ag_tap_base_reg[4]/CLK --> u_conv_engine_acc_reg_reg[22]/D
 io_phase                1037173   -45967  -2702363      9116    10722      211
            Worst cost_group: clk, WNS: -45967.4
            Path: u_ag_tap_base_reg[5]/CLK --> u_conv_engine_acc_reg_reg[22]/D
 gate_comp               1035810   -45967  -2701091      9116    10662      211
            Worst cost_group: clk, WNS: -45967.0
            Path: u_ag_tap_base_reg[5]/CLK --> u_conv_engine_acc_reg_reg[22]/D
 glob_area               1035721   -45967  -2701091      9116    10662      211
            Worst cost_group: clk, WNS: -45967.0
            Path: u_ag_tap_base_reg[5]/CLK --> u_conv_engine_acc_reg_reg[22]/D
 area_down               1031678   -45966  -2700115      9133    10793      211
            Worst cost_group: clk, WNS: -45966.8
            Path: u_ag_tap_base_reg[5]/CLK --> u_conv_engine_acc_reg_reg[22]/D
 rem_buf                 1029743   -45966  -2697439      9133    11190      227
            Worst cost_group: clk, WNS: -45966.8
            Path: u_ag_tap_base_reg[5]/CLK --> u_conv_engine_acc_reg_reg[22]/D
 rem_inv                 1029450   -45966  -2697392      9133    11190      229
            Worst cost_group: clk, WNS: -45966.8
            Path: u_ag_tap_base_reg[5]/CLK --> u_conv_engine_acc_reg_reg[22]/D
 merge_bi                1029120   -45966  -2696955      9133    11180      223
            Worst cost_group: clk, WNS: -45966.8
            Path: u_ag_tap_base_reg[5]/CLK --> u_conv_engine_acc_reg_reg[22]/D
 rem_inv_qb              1028789   -45943  -2692762      9133    11260      223
            Worst cost_group: clk, WNS: -45943.5
            Path: u_ag_tap_base_reg[3]/CLK --> u_conv_engine_acc_reg_reg[24]/D

           Trick     Calls     Accepts   Attempts    Time(secs) 
-----------------------------------------------------------
           undup        48  (        3 /        9 )  0.13
         rem_buf       670  (      288 /      476 )  1.16
         rem_inv       204  (       43 /      125 )  0.46
        merge_bi       197  (       56 /       92 )  0.37
      rem_inv_qb        62  (        2 /        2 )  0.08
        io_phase       465  (       62 /      103 )  0.78
       gate_comp       407  (       27 /       79 )  0.86
       gcomp_mog         0  (        0 /        0 )  0.00
       glob_area        56  (        8 /       56 )  1.49
       area_down       962  (      314 /      435 )  2.22
      size_n_buf         5  (        0 /        1 )  0.08
  gate_deco_area         0  (        0 /        0 )  0.00
         rem_buf       374  (       24 /      196 )  0.62
         rem_inv       110  (        6 /       61 )  0.24
        merge_bi       106  (       12 /       42 )  0.21
      rem_inv_qb        40  (        1 /        1 )  0.05

 
Incremental optimization status
===============================
                                   Group   
                                  Tot Wrst     Total - - - - DRC Totals - - - -
                           Total  Weighted      Neg      Max       Max     Max  
Operation                   Area   Slacks      Slack    Trans      Cap   Fanout 
 init_delay              1028789   -45943  -2692762      9133    11260      223
            Worst cost_group: clk, WNS: -45943.5
            Path: u_ag_tap_base_reg[3]/CLK --> u_conv_engine_acc_reg_reg[24]/D
 incr_delay              1029224   -45532  -2657173      9352    11301      233
            Worst cost_group: clk, WNS: -45532.5
            Path: u_ag_tap_base_reg[5]/CLK --> u_conv_engine_acc_reg_reg[22]/D
 incr_delay              1029208   -45526  -2657054      9352    11301      233
            Worst cost_group: clk, WNS: -45526.2
            Path: u_ag_tap_base_reg[5]/CLK --> u_conv_engine_acc_reg_reg[22]/D

           Trick     Calls     Accepts   Attempts    Time(secs) 
-----------------------------------------------------------
       crit_upsz       224  (       21 /       27 )  0.30
    plc_bal_star         0  (        0 /        0 )  0.00
     drc_buftimb         0  (        0 /        0 )  0.00
          plc_st       148  (        0 /        0 )  0.00
    plc_st_fence       148  (        0 /        0 )  0.00
        plc_star       148  (        0 /        0 )  0.00
      plc_laf_st       148  (        0 /        0 )  0.00
 plc_laf_st_fence       148  (        0 /        0 )  0.00
     drc_buftims         0  (        0 /        0 )  0.00
   plc_laf_lo_st       148  (        0 /        0 )  0.00
       plc_lo_st       148  (        0 /        0 )  0.00
            fopt       148  (        0 /        0 )  0.00
       crit_dnsz       320  (        2 /        6 )  0.26
             dup       147  (        0 /        0 )  0.04
            fopt       159  (        3 /        4 )  0.09
        setup_dn       148  (        0 /        0 )  0.00
         buf2inv       148  (        0 /        0 )  0.00
        mb_split       148  (        0 /        0 )  0.00
             exp         3  (        0 /        0 )  0.00
       gate_deco       131  (        1 /        3 )  0.43
       gcomp_tim       300  (        7 /       10 )  0.48
  inv_pair_2_buf       159  (        0 /        0 )  0.00

 init_drc                1029208   -45526  -2657054      9352    11301      233
            Worst cost_group: clk, WNS: -45526.2
            Path: u_ag_tap_base_reg[5]/CLK --> u_conv_engine_acc_reg_reg[22]/D
 incr_max_trans          1030023   -45526  -2654806      5702    10528      228
            Worst cost_group: clk, WNS: -45526.2
            Path: u_ag_tap_base_reg[5]/CLK --> u_conv_engine_acc_reg_reg[22]/D

           Trick     Calls     Accepts   Attempts    Time(secs) 
-----------------------------------------------------------
          plc_st        27  (        0 /        0 )  0.00
        plc_star        27  (        0 /        0 )  0.00
        drc_bufs        70  (        4 /       41 )  0.05
        drc_fopt        23  (        0 /        0 )  0.03
        drc_bufb        23  (        0 /        0 )  0.00
      simple_buf        23  (        3 /        3 )  0.02
             dup        20  (        0 /        0 )  0.00
       crit_dnsz         0  (        0 /        0 )  0.00
       crit_upsz        20  (        0 /        0 )  0.01

 incr_max_cap            1033626   -45524  -2654010      5702     5164      226
            Worst cost_group: clk, WNS: -45524.8
            Path: u_ag_tap_base_reg[5]/CLK --> u_conv_engine_acc_reg_reg[22]/D
 incr_max_cap            1033626   -45524  -2654010      5702     5164      226
            Worst cost_group: clk, WNS: -45524.8
            Path: u_ag_tap_base_reg[5]/CLK --> u_conv_engine_acc_reg_reg[22]/D

           Trick     Calls     Accepts   Attempts    Time(secs) 
-----------------------------------------------------------
          plc_st        79  (        0 /        0 )  0.00
        plc_star        79  (        0 /        0 )  0.00
        drc_bufs       190  (       11 /       75 )  0.27
        drc_fopt        68  (        7 /        8 )  0.17
        drc_bufb        61  (        0 /        0 )  0.00
      simple_buf        61  (       11 /       15 )  0.07
             dup        50  (        1 /        3 )  0.01
       crit_dnsz        58  (        4 /       10 )  0.05
       crit_upsz        45  (        0 /        2 )  0.07

 incr_max_fo             1034306   -45523  -2652609      5702     5164      215
            Worst cost_group: clk, WNS: -45523.9
            Path: u_ag_tap_base_reg[5]/CLK --> u_conv_engine_acc_reg_reg[22]/D
 incr_max_fo             1034508   -45523  -2652605      5702     5177      210
            Worst cost_group: clk, WNS: -45523.9
            Path: u_ag_tap_base_reg[5]/CLK --> u_conv_engine_acc_reg_reg[22]/D
 incr_max_fo             1034520   -45523  -2652602      5702     5177      209
            Worst cost_group: clk, WNS: -45523.9
            Path: u_ag_tap_base_reg[5]/CLK --> u_conv_engine_acc_reg_reg[22]/D
 incr_max_fo             1034477   -45523  -2652514      5702     5177      209
            Worst cost_group: clk, WNS: -45523.9
            Path: u_ag_tap_base_reg[5]/CLK --> u_conv_engine_acc_reg_reg[22]/D

           Trick     Calls     Accepts   Attempts    Time(secs) 
-----------------------------------------------------------
          plc_st       118  (        0 /        0 )  0.00
        plc_star       118  (        0 /        0 )  0.00
        drc_bufs       297  (        8 /       97 )  3.07
        drc_fopt       110  (        0 /        1 )  0.26
        drc_bufb       110  (        0 /        0 )  0.00
             dup       110  (        1 /        1 )  0.08
       crit_dnsz       685  (       40 /      175 )  0.67
       crit_upsz        69  (        7 /       15 )  0.06

 init_area               1034477   -45523  -2652514      5702     5177      209
            Worst cost_group: clk, WNS: -45523.9
            Path: u_ag_tap_base_reg[5]/CLK --> u_conv_engine_acc_reg_reg[22]/D
 undup                   1034089   -45523  -2652513      5702     5232      205
            Worst cost_group: clk, WNS: -45523.9
            Path: u_ag_tap_base_reg[5]/CLK --> u_conv_engine_acc_reg_reg[22]/D
 rem_buf                 1031154   -45523  -2648383      6042     5778      226
            Worst cost_group: clk, WNS: -45523.9
            Path: u_ag_tap_base_reg[5]/CLK --> u_conv_engine_acc_reg_reg[22]/D
 rem_inv                 1030305   -45523  -2638635      6042     5944      233
            Worst cost_group: clk, WNS: -45523.9
            Path: u_ag_tap_base_reg[5]/CLK --> u_conv_engine_acc_reg_reg[22]/D
 merge_bi                1029463   -45523  -2638608      6042     5944      230
            Worst cost_group: clk, WNS: -45523.8
            Path: u_ag_tap_base_reg[5]/CLK --> u_conv_engine_acc_reg_reg[22]/D
 merge_bi                1029450   -45523  -2638557      6042     5944      227
            Worst cost_group: clk, WNS: -45523.8
            Path: u_ag_tap_base_reg[5]/CLK --> u_conv_engine_acc_reg_reg[22]/D
 rem_inv_qb              1029358   -45523  -2638556      6042     5882      227
            Worst cost_group: clk, WNS: -45523.8
            Path: u_ag_tap_base_reg[5]/CLK --> u_conv_engine_acc_reg_reg[22]/D
 io_phase                1029050   -45523  -2638560      6042     5882      227
            Worst cost_group: clk, WNS: -45523.8
            Path: u_ag_tap_base_reg[5]/CLK --> u_conv_engine_acc_reg_reg[22]/D
 gate_comp               1029001   -45523  -2638534      6042     5882      227
            Worst cost_group: clk, WNS: -45523.8
            Path: u_ag_tap_base_reg[5]/CLK --> u_conv_engine_acc_reg_reg[22]/D
 glob_area               1028979   -45523  -2638535      6042     5882      227
            Worst cost_group: clk, WNS: -45523.8
            Path: u_ag_tap_base_reg[5]/CLK --> u_conv_engine_acc_reg_reg[22]/D
 area_down               1027653   -45523  -2638031      6082     6009      227
            Worst cost_group: clk, WNS: -45523.8
            Path: u_ag_tap_base_reg[5]/CLK --> u_conv_engine_acc_reg_reg[22]/D

           Trick     Calls     Accepts   Attempts    Time(secs) 
-----------------------------------------------------------
           undup        43  (        4 /        9 )  0.13
         rem_buf       402  (       37 /      207 )  0.69
         rem_inv       118  (       11 /       66 )  0.26
        merge_bi        93  (       17 /       42 )  0.17
      rem_inv_qb        33  (        1 /        1 )  0.03
        io_phase       374  (        7 /       39 )  0.49
       gate_comp       371  (        3 /       54 )  0.78
       gcomp_mog         0  (        0 /        0 )  0.00
       glob_area        53  (        2 /       53 )  1.46
       area_down       903  (      131 /      256 )  2.21
      size_n_buf         1  (        0 /        0 )  0.01
  gate_deco_area         0  (        0 /        0 )  0.00

==================================
Stage : incr_opt 
==================================
  =================
   Message Summary
  =================
---------------------------------------------------------------------------------------
|   Id   |  Sev  |Count|                         Message Text                         |
---------------------------------------------------------------------------------------
|CFM-1   |Info   |    1|Wrote dofile.                                                 |
|CFM-5   |Info   |    1|Wrote formal verification information.                        |
|GB-6    |Info   |    3|A datapath component has been ungrouped.                      |
|PA-7    |Info   |    4|Resetting power analysis results.                             |
|        |       |     |All computed switching activities are removed.                |
|SYNTH-5 |Info   |    1|Done mapping.                                                 |
|SYNTH-7 |Info   |    1|Incrementally optimizing.                                     |
|SYNTH-33|Warning|    1|The selected flow setting will be removed in a future release.|
|        |       |     |Contact Cadence support to understand current flows.          |
---------------------------------------------------------------------------------------
Info    : Done incrementally optimizing. [SYNTH-8]
        : Done incrementally optimizing 'cnn_top'.
      flow.cputime  flow.realtime  timing.setup.tns  timing.setup.wns  snapshot
UM:*                                                                   syn_opt
@file(run_genus.tcl) 145: report_timing -max_paths 10 \
    > $OUT_DIR/reports/timing_setup.rpt
@file(run_genus.tcl) 149: report_timing -max_paths 10 -min_slack -1000000 \
    > $OUT_DIR/reports/timing_hold.rpt
@file(run_genus.tcl) 153: report_area \
    > $OUT_DIR/reports/area.rpt
@file(run_genus.tcl) 157: report_power \
    > $OUT_DIR/reports/power.rpt
Info    : Joules engine is used. [RPT-16]
        : Joules engine is being used for the command report_power.
Info   : ACTP-0001 [ACTPInfo] Activity propagation started for stim#0 netlist
       : cnn_top
Info   : ACTP-0009 [ACTPInfo] Activity Propagation Progress Report :   0%   1%   2%   3%   4%   5%   6%   7%   8%   9%  10%  11%  12%  13%  14%  15%  16%  17%  18%  19%  20%  21%  22%  23%  24%  25%  26%  27%  28%  29%  30%  31%  32%  33%  34%  35%  36%  37%  38%  39%  40%  41%  42%  43%  44%  45%  46%  47%  48%  49%  50%  51%  52%  53%  54%  55%  56%  57%  58%  59%  60%  61%  62%  63%  64%  65%  66%  67%  68%  69%  70%  71%  72%  73%  74%  75%  76%  77%  78%  79%  80%  81%  82%  83%  84%  85%  86%  87%  88%  89%  90%  91%  92%  93%  94%  95%  96%  97%  98%  99% 100%
Info   : ACTP-0001 Activity propagation ended for stim#0
Info   : PWRA-0001 [PwrInfo] compute_power effective options 
       : -mode : vectorless
       : -skip_propagation : 1
       : -frequency_scaling_factor : 1.0
       : -use_clock_freq : stim
       : -stim :/stim#0
       : -fromGenus : 1
Info   : ACTP-0001 Timing initialization started
Info   : ACTP-0001 Timing initialization ended
Info   : PWRA-0002 [PwrInfo] Skipping activity propagation due to -skip_ap
       : option....
Warning: PWRA-0302 [PwrWarn] Frequency scaling is not applicable for vectorless
       : flow. Ignoring frequency scaling.
Warning: PWRA-0304 [PwrWarn] -stim option is not applicable with vectorless mode
       : of power analysis, ignored this option.
Info   : PWRA-0002 Started 'vectorless' power computation.
Info   : PWRA-0009 [PwrInfo] Power Computation Progress Report :   0%   1%   2%   3%   4%   5%   6%   7%   8%   9%  10%  11%  12%  13%  14%  15%  16%  17%  18%  19%  20%  21%  22%  23%  24%  25%  26%  27%  28%  29%  30%  31%  32%  33%  34%  35%  36%  37%  38%  39%  40%  41%  42%  43%  44%  45%  46%  47%  48%  49%  50%  51%  52%  53%  54%  55%  56%  57%  58%  59%  60%  61%  62%  63%  64%  65%  66%  67%  68%  69%  70%  71%  72%  73%  74%  75%  76%  77%  78%  79%  80%  81%  82%  83%  84%  85%  86%  87%  88%  89%  90%  91%  92%  93%  94%  95%  96%  97%  98%  99% 100%
Info   : PWRA-0002 Finished power computation.
Info   : PWRA-0007 [PwrInfo] Completed successfully.
       : Info=6, Warn=2, Error=0, Fatal=0
Output file: /home/rah47472/asic_project/genus_out/reports/power.rpt
@file(run_genus.tcl) 161: report_qor \
    > $OUT_DIR/reports/qor.rpt
@file(run_genus.tcl) 168: write_hdl \
    > $OUT_DIR/netlist/cnn_top_netlist.v
@file(run_genus.tcl) 171: write_sdc \
    > $OUT_DIR/sdc/cnn_top.sdc
Finished SDC export (command execution time mm:ss (real) = 00:00).
@file(run_genus.tcl) 174: write_db $OUT_DIR/cnn_top_genus.db
Finished exporting design database to file '/home/rah47472/asic_project/genus_out/cnn_top_genus.db' for 'cnn_top' (command execution time mm:ss cpu = 00:00, real = 00:00).
@file(run_genus.tcl) 180: puts ""

@file(run_genus.tcl) 181: puts "============================================================"
============================================================
@file(run_genus.tcl) 182: puts "  Genus synthesis complete (SRAM macro version)."
  Genus synthesis complete (SRAM macro version).
@file(run_genus.tcl) 183: puts "  Netlist : $OUT_DIR/netlist/cnn_top_netlist.v"
  Netlist : /home/rah47472/asic_project/genus_out/netlist/cnn_top_netlist.v
@file(run_genus.tcl) 184: puts "  SDC     : $OUT_DIR/sdc/cnn_top.sdc"
  SDC     : /home/rah47472/asic_project/genus_out/sdc/cnn_top.sdc
@file(run_genus.tcl) 185: puts "  Reports : $OUT_DIR/reports/"
  Reports : /home/rah47472/asic_project/genus_out/reports/
@file(run_genus.tcl) 186: puts "============================================================"
============================================================
@file(run_genus.tcl) 187: puts ""

#@ End verbose source ./run_genus.tcl
WARNING: This version of the tool is 736 days old.
@genus:root: 2> grep -i "unresolved" genus_sram.log
@genus:root: 3> grep -i "blackbox" genus_sram.log
@genus:root: 4> grep "SRAM_1P_behavioral" genus_out/netlist/cnn_top_netlist.v
@genus:root: 5> grep "RM_IHPSG13_1P_4096x8_c3_bm_bist" genus_out/netlist/cnn_top_netlist.v
@genus:root: 6> grep -i "unresolved" genus_sram2.log
@genus:root: 7> grep -i "blackbox" genus_sram2.log